# Blender 4.4.0
# www.blender.org
mtllib Meshy_AI_Crimson_Wretch_0721151859_texture.mtl
o Meshy_AI_Crimson_Wretch_0721151859_texture
v -0.112793 -0.490234 -0.052246
v -0.091797 -0.490234 -0.051514
v -0.094238 -0.500000 -0.028809
v -0.125000 -0.464844 -0.020264
v -0.113281 -0.462891 -0.053467
v -0.125977 -0.498047 -0.026245
v -0.089355 -0.464844 -0.054199
v 0.059326 0.104004 0.001678
v 0.060547 0.096191 -0.018677
v 0.053467 0.107910 -0.015015
v 0.068359 0.110352 -0.018433
v 0.056641 -0.031738 -0.068359
v 0.085938 -0.025757 -0.058105
v 0.085938 -0.062988 -0.043457
v 0.027100 -0.030762 -0.070312
v 0.035645 -0.074219 -0.047607
v 0.028809 -0.048340 -0.060059
v 0.059326 -0.071777 -0.055908
v -0.016968 0.343750 0.091309
v -0.018677 0.361328 0.084473
v -0.025757 0.359375 0.083008
v -0.013367 0.341797 0.078125
v 0.000328 0.341797 0.090820
v -0.012939 0.347656 0.088867
v -0.023926 0.345703 0.088867
v -0.074219 0.041748 0.004791
v -0.064453 0.042969 0.028442
v -0.075195 0.047119 -0.025757
v -0.085449 0.008850 -0.023438
v -0.067871 0.069824 0.017944
v -0.076172 0.064941 -0.008789
v 0.113281 0.322266 -0.073242
v 0.123047 0.312500 -0.072266
v 0.098145 0.316406 -0.056641
v 0.082031 -0.216797 0.057861
v 0.068848 -0.234375 0.041016
v 0.083008 -0.235352 0.049316
v 0.066406 -0.217773 0.047852
v 0.092773 -0.197266 0.051758
v 0.071289 -0.200195 0.052979
v -0.123047 0.235352 -0.039063
v -0.123535 0.215820 -0.015381
v -0.131836 0.213867 -0.050781
v -0.117676 0.253906 -0.036133
v -0.141602 0.247070 -0.039063
v -0.108398 0.247070 -0.019287
v -0.289062 -0.051514 0.086426
v -0.285156 -0.065918 0.096191
v -0.283203 -0.069824 0.085938
v -0.292969 -0.023071 0.082031
v 0.048096 0.369141 0.027344
v 0.052979 0.365234 0.039307
v 0.050537 0.376953 0.040039
v 0.050537 0.373047 0.022949
v 0.063965 0.363281 0.024902
v 0.055176 0.359375 0.030029
v 0.052246 0.382812 0.029053
v 0.343750 -0.133789 0.064941
v 0.345703 -0.134766 0.052979
v 0.339844 -0.126953 0.064941
v 0.337891 -0.125977 0.054932
v 0.357422 -0.106934 0.062988
v 0.365234 -0.113770 0.056885
v -0.052246 0.163086 -0.082031
v -0.040771 0.198242 -0.089844
v -0.022339 0.136719 -0.065918
v -0.051025 0.137695 -0.064453
v -0.026733 0.162109 -0.079102
v -0.015747 0.194336 -0.088867
v 0.000099 0.160156 -0.082031
v -0.061279 -0.165039 -0.011536
v -0.049560 -0.096680 -0.028809
v -0.047852 -0.166992 0.004700
v -0.054199 -0.199219 0.006989
v -0.081543 -0.166016 -0.011902
v -0.077637 -0.095215 -0.031494
v -0.065918 -0.197266 -0.007935
v 0.104004 0.243164 0.009033
v 0.121582 0.234375 0.015442
v 0.104004 0.249023 0.025024
v 0.092773 0.233398 0.023560
v 0.106445 0.263672 0.029785
v 0.082520 0.235352 0.045410
v 0.132812 0.253906 0.023315
v 0.055664 0.086914 -0.101074
v 0.065430 0.073242 -0.111816
v 0.053223 0.073730 -0.107910
v 0.054199 0.098633 -0.096680
v 0.059815 0.092285 -0.089356
v 0.054688 0.083984 -0.091797
v 0.059570 0.096680 -0.102539
v 0.066406 0.086914 -0.104004
v 0.054199 0.069824 -0.098145
v -0.052734 0.427734 0.047852
v -0.047363 0.441406 0.041016
v -0.045410 0.423828 0.043701
v -0.049560 0.421875 0.056885
v -0.049316 0.441406 0.061768
v -0.053955 0.439453 0.044189
v -0.261719 0.057861 -0.008728
v -0.257812 0.061279 0.005554
v -0.296875 0.031128 0.023437
v -0.294922 0.025269 0.008240
v -0.265625 0.071289 0.012329
v -0.229492 0.083008 0.000118
v 0.014221 0.435547 0.132812
v 0.000015 0.455078 0.116699
v -0.000023 0.433594 0.131836
v 0.026733 0.435547 0.131836
v 0.019898 0.455078 0.115723
v 0.015198 0.425781 0.133789
v 0.025757 0.429688 0.132812
v 0.110352 -0.101074 -0.006439
v 0.109863 -0.138672 0.018677
v 0.117676 -0.138672 0.000229
v 0.097656 -0.097168 0.018799
v 0.103516 -0.130859 0.022827
v 0.093262 -0.132812 -0.023315
v 0.086426 -0.101074 -0.030762
v 0.102539 -0.061523 -0.013550
v 0.112793 -0.139648 -0.006256
v -0.067871 0.318359 0.056641
v -0.066406 0.332031 0.047607
v -0.058838 0.322266 0.062988
v -0.060791 0.335938 0.062988
v -0.062988 0.324219 0.071289
v -0.060303 0.302734 0.071777
v -0.090332 -0.480469 0.104980
v -0.107422 -0.474609 0.107910
v -0.103027 -0.476562 0.121582
v -0.089844 -0.476562 0.119141
v -0.092285 -0.496094 0.105957
v -0.090332 -0.476562 0.096191
v 0.259766 0.154297 -0.062988
v 0.265625 0.147461 -0.077637
v 0.255859 0.148438 -0.065430
v 0.259766 0.143555 -0.072754
v 0.243164 0.147461 -0.057373
v 0.239258 0.152344 -0.060791
v 0.089844 0.025635 -0.011169
v 0.075195 0.025391 -0.011047
v 0.084961 0.025513 -0.051025
v 0.077148 0.025757 0.023437
v 0.072754 0.025024 -0.041504
v 0.090820 0.069336 -0.011536
v 0.078125 0.068359 0.024048
v -0.071289 0.339844 -0.068848
v -0.059815 0.343750 -0.072266
v -0.070801 0.332031 -0.054199
v -0.060547 0.343750 -0.052490
v -0.071289 0.343750 -0.055176
v -0.119141 -0.153320 0.034180
v -0.115723 -0.133789 0.027100
v -0.116211 -0.132812 0.018311
v -0.111328 -0.137695 0.034668
v 0.071777 0.225586 -0.121582
v 0.066895 0.263672 -0.120605
v 0.056396 0.259766 -0.134766
v 0.071777 0.218750 -0.132812
v 0.316406 0.001343 0.055176
v 0.337891 0.000324 0.033447
v 0.306641 0.007172 0.034912
v 0.310547 -0.014831 0.068359
v 0.296875 -0.009949 0.065430
v 0.320312 0.013367 0.038086
v -0.008301 0.404297 -0.005127
v 0.001518 0.416016 -0.013001
v -0.007721 0.406250 -0.016968
v 0.001045 0.392578 -0.014282
v -0.008789 0.386719 0.007263
v 0.001602 0.416016 -0.002106
v -0.027954 -0.009521 -0.081543
v -0.053711 -0.028687 -0.068848
v -0.083496 -0.023682 -0.062988
v -0.055664 -0.008179 -0.073730
v -0.029541 0.013428 -0.080566
v -0.056152 0.013855 -0.075195
v -0.078613 -0.002075 -0.056885
v 0.050537 0.298828 0.054199
v 0.063477 0.283203 0.059570
v 0.049072 0.279297 0.058594
v 0.047363 0.300781 0.065430
v 0.047852 0.324219 0.060303
v 0.050293 0.322266 0.051269
v 0.090820 -0.447266 0.004242
v 0.087891 -0.447266 -0.023682
v 0.085938 -0.480469 0.010376
v 0.094238 -0.435547 -0.003784
v -0.257812 0.120605 0.005737
v -0.241211 0.104004 0.007812
v -0.222656 0.125977 0.001480
v -0.265625 0.119141 -0.012207
v -0.283203 0.078613 -0.004486
v -0.241211 0.148438 -0.002197
v -0.279297 0.079590 0.010681
v -0.365234 -0.062500 0.043457
v -0.363281 -0.087891 0.048584
v -0.363281 -0.064941 0.034912
v -0.349609 -0.067871 0.043945
v -0.375000 -0.090820 0.045410
v -0.369141 -0.087891 0.051758
v 0.026977 0.281250 -0.092773
v 0.048340 0.249023 -0.087402
v 0.023682 0.241211 -0.091797
v 0.052979 0.294922 -0.079590
v 0.013672 0.269531 -0.091309
v 0.034912 0.326172 -0.075684
v 0.129883 -0.494141 0.105469
v 0.135742 -0.490234 0.105469
v 0.127930 -0.490234 0.118164
v 0.125977 -0.474609 0.107910
v 0.138672 -0.494141 0.117676
v 0.129883 -0.476562 0.121582
v -0.080078 0.101074 -0.026856
v -0.059815 0.096191 -0.018311
v -0.053223 0.107910 -0.015198
v -0.062988 0.112305 -0.037354
v -0.067383 0.110352 -0.018066
v -0.060059 0.122070 -0.003250
v -0.075195 0.125977 -0.015137
v -0.045898 -0.148438 -0.031982
v -0.052246 -0.134766 -0.031738
v -0.041748 -0.132812 -0.031982
v 0.225586 0.165039 -0.036133
v 0.210938 0.179688 -0.026733
v 0.218750 0.157227 -0.016113
v 0.205078 0.177734 -0.049316
v 0.217773 0.160156 -0.054688
v 0.228516 0.157227 -0.018189
v 0.239258 0.163086 -0.036133
v 0.237305 0.150391 -0.058594
v 0.053467 0.056152 -0.069336
v 0.027832 0.055664 -0.082031
v 0.050537 0.086914 -0.068359
v 0.028931 0.024902 -0.076660
v 0.054688 0.025635 -0.072754
v 0.068848 0.065918 -0.044190
v 0.075195 0.036377 -0.055908
v -0.030029 0.416016 0.113770
v -0.035645 0.414062 0.112305
v -0.023438 0.412109 0.123047
v -0.031006 0.425781 0.117188
v -0.116699 -0.357422 -0.004639
v -0.117188 -0.404297 -0.006653
v 0.088379 0.200195 0.014099
v 0.084961 0.206055 0.007568
v 0.082520 0.187500 -0.001648
v 0.084473 0.178711 0.009399
v 0.096680 0.176758 0.007141
v 0.087891 0.208008 0.021973
v 0.330078 -0.013672 -0.007111
v 0.322266 -0.023804 -0.006256
v 0.326172 0.000462 -0.004578
v 0.337891 -0.031738 -0.002762
v 0.341797 -0.009094 0.011414
v 0.000561 0.351562 0.064941
v 0.013977 0.351562 0.064453
v 0.013123 0.341797 0.066406
v -0.011597 0.355469 0.050537
v 0.000229 0.355469 0.051514
v 0.012329 0.355469 0.050537
v -0.013855 0.341797 0.067383
v -0.000221 0.341797 0.068359
v -0.028564 0.068359 0.041748
v -0.029419 0.072266 0.042725
v -0.030029 0.068848 0.054932
v 0.000271 0.067383 0.043945
v 0.057129 0.390625 0.021240
v 0.068359 0.382812 0.025024
v 0.063965 0.396484 0.008301
v 0.056885 0.380859 0.015198
v 0.027100 -0.132812 0.033691
v 0.022095 -0.109863 0.012024
v 0.028320 -0.147461 0.024658
v 0.033691 -0.164062 0.041016
v 0.026977 -0.104004 0.050049
v -0.100098 0.318359 -0.083496
v -0.116211 0.322266 -0.092773
v -0.102051 0.310547 -0.093262
v -0.110352 0.324219 -0.082520
v -0.085938 0.326172 -0.084961
v -0.101074 0.328125 -0.087891
v -0.086914 0.318359 -0.080566
v -0.363281 -0.056396 0.070313
v -0.367188 -0.077637 0.078613
v -0.361328 -0.078613 0.075195
v -0.367188 -0.081055 0.064941
v -0.353516 -0.100586 0.076172
v -0.353516 -0.059326 0.066895
v 0.064453 0.261719 -0.069824
v 0.074707 0.263672 -0.071289
v 0.088379 0.249023 -0.083496
v 0.068848 0.277344 -0.068848
v 0.081055 0.248047 -0.070801
v 0.088379 0.251953 -0.074219
v 0.088379 0.085449 -0.028565
v 0.082031 0.087402 -0.044190
v 0.079590 0.101074 -0.026856
v 0.078125 0.064453 -0.025269
v 0.078613 0.064453 -0.036621
v 0.070801 0.085449 -0.015564
v -0.061523 0.398438 -0.075684
v -0.071777 0.412109 -0.055420
v -0.067871 0.402344 -0.051758
v -0.060791 0.390625 -0.069824
v -0.056396 0.363281 -0.098145
v -0.070801 0.394531 -0.076172
v -0.018066 -0.016480 -0.062500
v -0.028564 0.024414 -0.075684
v -0.016968 -0.034912 -0.036865
v 0.000092 0.024780 -0.062500
v 0.000385 -0.015320 -0.052002
v -0.041992 -0.032471 -0.060547
v -0.044434 -0.014404 -0.066895
v 0.023438 0.410156 0.122559
v 0.035645 0.412109 0.112305
v 0.037598 0.427734 0.112793
v 0.037842 0.423828 0.116699
v 0.029785 0.406250 0.125000
v 0.030151 0.416016 0.113770
v 0.024780 0.400391 0.122559
v 0.038086 0.414062 0.096191
v 0.061768 -0.229492 -0.018188
v 0.054688 -0.213867 0.002930
v 0.089355 -0.210938 -0.013611
v 0.095215 -0.226562 -0.020752
v 0.053223 -0.261719 -0.014526
v 0.052246 -0.230469 -0.004669
v 0.107910 -0.275391 -0.047119
v 0.066406 -0.298828 -0.044434
v -0.090332 0.195312 0.030395
v -0.097168 0.185547 0.028564
v -0.081055 0.191406 0.030884
v -0.085449 0.091797 -0.091309
v -0.085449 0.098633 -0.090332
v -0.088379 0.099121 -0.095703
v -0.084961 0.091797 -0.098633
v -0.080078 0.089844 -0.097168
v -0.078125 0.095215 -0.086914
v -0.072266 0.089844 -0.086426
v 0.026733 0.398438 0.090332
v 0.015259 0.414062 0.087402
v 0.021729 0.398438 0.083496
v 0.014709 0.414062 0.093750
v 0.019898 0.388672 0.102539
v 0.025513 0.400391 0.102051
v 0.024292 0.384766 0.101562
v 0.030762 0.398438 0.082519
v 0.031250 0.396484 0.091309
v 0.349609 -0.068359 0.044190
v 0.361328 -0.089844 0.037354
v 0.367188 -0.092773 0.036133
v 0.353516 -0.109375 0.048828
v 0.363281 -0.088867 0.048340
v 0.349609 -0.070312 0.033936
v -0.048584 0.261719 0.077637
v -0.047119 0.251953 0.063477
v -0.035400 0.265625 0.077637
v -0.054443 0.269531 0.081543
v -0.049560 0.265625 0.062256
v -0.111328 -0.500000 0.067383
v -0.084473 -0.498047 0.088379
v -0.115723 -0.494141 0.098145
v -0.110352 -0.492188 0.031494
v -0.084473 -0.488281 0.050781
v -0.160156 -0.496094 0.057373
v -0.146484 -0.494141 0.085938
v 0.106445 0.179688 -0.099121
v 0.094727 0.178711 -0.057861
v 0.094238 0.174805 -0.098633
v 0.102539 0.190430 -0.116699
v 0.100586 0.199219 -0.106445
v 0.103027 0.193359 -0.092285
v 0.030884 0.025391 0.052978
v -0.000130 0.068359 0.055908
v 0.000340 0.025024 0.056396
v -0.030762 0.025757 0.052734
v 0.000023 0.026611 0.045166
v -0.113281 0.326172 -0.010620
v -0.105957 0.320312 -0.035156
v -0.125000 0.306641 -0.025391
v -0.116699 0.314453 0.017212
v -0.098145 0.322266 0.008789
v -0.089355 0.337891 0.005218
v -0.100098 0.345703 -0.014404
v -0.125977 0.314453 -0.006683
v -0.349609 -0.033935 0.061768
v -0.359375 -0.037842 0.047119
v -0.345703 -0.023926 0.039551
v 0.010620 0.384766 0.006805
v 0.000877 0.388672 0.015747
v 0.102539 -0.197266 0.028198
v 0.099609 -0.197266 0.006775
v 0.097656 -0.165039 0.004120
v 0.099609 -0.164062 0.027466
v -0.071289 0.226562 -0.121582
v -0.056641 0.263672 -0.122070
v -0.066406 0.265625 -0.121094
v -0.064941 0.316406 -0.103516
v -0.064941 0.318359 -0.113281
v -0.065918 0.261719 -0.133789
v -0.082031 0.229492 -0.120117
v -0.055176 0.314453 -0.104004
v -0.085938 -0.480469 0.010925
v -0.088379 -0.445312 -0.023437
v -0.091309 -0.447266 0.004517
v -0.105957 -0.494141 0.004608
v -0.086914 -0.464844 0.052490
v -0.084473 -0.468750 -0.026123
v 0.195312 0.156250 -0.000418
v 0.173828 0.165039 -0.015625
v 0.206055 0.145508 -0.011902
v 0.208984 0.170898 -0.003967
v 0.178711 0.173828 0.005646
v 0.050049 0.015503 -0.085449
v 0.050293 0.006927 -0.092285
v 0.047607 0.002975 -0.073730
v 0.049560 0.013367 -0.070312
v -0.023438 0.343750 0.077637
v -0.025391 0.355469 0.073730
v -0.084961 -0.133789 -0.031128
v -0.062988 -0.102539 -0.042969
v -0.074707 -0.146484 -0.034424
v -0.095215 -0.146484 -0.022339
v -0.094727 -0.130859 -0.022583
v -0.083496 -0.097168 -0.035400
v 0.111328 0.236328 -0.007294
v 0.094238 0.217773 0.012146
v 0.104980 0.233398 -0.007874
v 0.285156 0.077637 -0.004883
v 0.261719 0.120117 0.005646
v 0.279297 0.078613 0.011230
v 0.310547 0.039307 0.008911
v 0.310547 0.035400 -0.004150
v 0.285156 0.072266 -0.022461
v 0.267578 0.117676 -0.012573
v -0.023315 0.480469 0.104492
v -0.019775 0.455078 0.116699
v 0.023560 0.480469 0.104980
v -0.000153 0.480469 0.106445
v -0.076172 0.025757 -0.010803
v -0.077148 0.025635 0.024048
v -0.089844 0.025757 -0.010925
v -0.065918 0.026611 0.020264
v -0.072754 0.025391 -0.042236
v 0.126953 0.306641 -0.100586
v 0.112793 0.322266 -0.094727
v 0.138672 0.292969 -0.100098
v 0.128906 0.292969 -0.088867
v 0.119629 0.300781 -0.086426
v 0.141602 0.304688 -0.090820
v 0.110840 -0.476562 0.104004
v 0.109863 -0.494141 0.103516
v 0.109375 -0.478516 0.114258
v 0.122070 -0.476562 0.108398
v -0.218750 0.160156 -0.054688
v -0.205078 0.178711 -0.049072
v -0.181641 0.158203 -0.049805
v -0.208984 0.146484 -0.059082
v -0.189453 0.168945 -0.054932
v -0.153320 0.184570 -0.052734
v -0.165039 0.171875 -0.049805
v -0.174805 0.193359 -0.059082
v -0.357422 -0.107910 0.064453
v -0.337891 -0.126953 0.065918
v -0.341797 -0.133789 0.065918
v -0.363281 -0.113281 0.057861
v -0.343750 -0.134766 0.054443
v -0.337891 -0.125977 0.054932
v 0.081055 0.243164 -0.081055
v 0.100586 0.232422 -0.072266
v 0.064941 0.257812 -0.079102
v 0.285156 -0.055664 0.072754
v 0.310547 -0.037353 0.068848
v 0.308594 -0.030884 0.048340
v 0.316406 -0.026367 0.063477
v 0.302734 -0.057373 0.072266
v 0.294922 -0.054932 0.064453
v -0.034912 0.384766 0.021851
v -0.029541 0.384766 -0.002289
v -0.048340 0.365234 0.004120
v -0.028442 0.388672 0.034424
v -0.034912 0.398438 0.028076
v -0.046875 0.367188 0.018677
v -0.017578 0.396484 0.022095
v -0.055908 0.099121 -0.095215
v -0.062012 0.093750 -0.088867
v -0.064941 0.104980 -0.092285
v -0.054443 0.086426 -0.096191
v -0.062012 0.098633 -0.102051
v 0.055664 0.455078 0.048096
v 0.052002 0.462891 0.059814
v 0.049316 0.443359 0.061768
v 0.054688 0.439453 0.044434
v 0.047363 0.441406 0.041260
v 0.093262 -0.092285 -0.005829
v 0.088867 -0.020996 0.019775
v 0.092773 -0.091309 0.022339
v 0.088867 -0.022461 -0.016602
v 0.081543 -0.166016 -0.011780
v 0.077148 -0.094727 -0.031494
v -0.071289 0.300781 0.067871
v -0.071289 0.324219 0.065918
v -0.069336 0.335938 0.055908
v -0.104004 0.003998 0.009338
v -0.099609 0.016968 0.008728
v -0.101562 0.014893 -0.028442
v -0.100586 0.002502 -0.024780
v -0.098633 -0.021973 -0.017090
v 0.011414 0.333984 0.117676
v 0.012817 0.345703 0.113281
v 0.025513 0.369141 0.108887
v 0.023438 0.351562 0.116699
v 0.023193 0.337891 0.121094
v 0.020264 0.333984 0.118652
v 0.018066 0.369141 0.104980
v 0.018921 0.349609 0.112793
v 0.125977 -0.431641 -0.019897
v 0.119141 -0.406250 -0.018921
v 0.119629 -0.433594 -0.005463
v 0.113770 -0.431641 -0.039307
v 0.132812 -0.445312 -0.020386
v -0.031494 0.115723 0.014099
v -0.015869 0.134766 0.018921
v 0.000057 0.133789 0.007751
v 0.000145 0.159180 0.012268
v -0.014648 0.115234 0.021362
v 0.000008 0.115234 0.008179
v -0.031982 0.148438 0.031250
v -0.035889 0.126953 0.028320
v -0.013977 0.161133 0.029419
v -0.063965 -0.140625 0.067871
v -0.044434 -0.100098 0.058594
v -0.072266 -0.121582 0.064453
v -0.047852 -0.148438 0.064453
v -0.054932 -0.163086 0.069824
v 0.154297 0.227539 -0.044434
v 0.157227 0.223633 -0.053467
v 0.147461 0.238281 -0.054199
v 0.019775 0.069824 0.041748
v 0.000462 0.074707 0.031494
v -0.000221 0.041504 0.039795
v 0.022339 0.042481 0.042725
v 0.048340 0.070801 0.031738
v 0.030273 0.083984 0.021362
v 0.015747 0.085449 0.037353
v -0.082520 0.398438 -0.035889
v -0.072754 0.400391 -0.035400
v -0.078613 0.392578 -0.016480
v -0.082520 0.402344 -0.013489
v -0.085449 0.410156 -0.037354
v -0.078613 0.398438 -0.052734
v -0.365234 -0.093262 0.036133
v -0.357422 -0.113281 0.047119
v -0.349609 -0.069336 0.034424
v -0.359375 -0.088867 0.038086
v -0.353516 -0.109863 0.048096
v 0.037598 0.232422 0.067871
v 0.026123 0.209961 0.062988
v 0.052979 0.208008 0.053467
v 0.042969 0.259766 0.058838
v 0.016479 0.236328 0.053711
v 0.059082 0.229492 0.056641
v 0.068359 0.079590 -0.091309
v 0.077148 0.089355 -0.097168
v 0.064941 0.067383 -0.096191
v 0.073730 0.083008 -0.099609
v 0.069824 0.088867 -0.086914
v 0.064453 0.083496 -0.087402
v -0.025757 0.382812 0.083496
v -0.017090 0.382812 0.081543
v -0.021606 0.398438 0.083496
v -0.030151 0.396484 0.082031
v -0.031738 0.380859 0.080566
v -0.018677 -0.044434 0.035400
v 0.000149 -0.045654 0.028076
v -0.038330 -0.066406 0.060547
v -0.022583 -0.075195 0.042969
v -0.027832 -0.029663 0.046387
v -0.001625 -0.030640 0.054688
v 0.126953 0.287109 -0.037109
v 0.133789 0.267578 -0.037109
v 0.125000 0.304688 -0.025269
v 0.142578 0.298828 -0.025147
v 0.118164 0.294922 -0.040527
v 0.109863 -0.494141 0.031494
v 0.084473 -0.488281 0.051025
v 0.106445 -0.492188 0.004883
v 0.134766 -0.490234 0.006226
v -0.090332 0.187500 -0.118652
v -0.102051 0.191406 -0.115723
v -0.083008 0.224609 -0.132812
v -0.094727 0.173828 -0.097656
v -0.087402 0.195312 -0.107910
v -0.071777 0.221680 -0.133789
v -0.070801 0.066895 -0.011108
v -0.078125 0.068359 0.024048
v -0.063965 0.067871 0.018555
v -0.090820 0.068848 -0.011536
v -0.066406 0.065430 -0.042236
v 0.061523 0.386719 -0.074707
v 0.057129 0.361328 -0.101074
v 0.069824 0.402344 -0.055664
v 0.062500 0.396484 -0.081543
v 0.070312 0.384766 -0.075195
v 0.378906 -0.080078 0.072266
v 0.363281 -0.056641 0.070801
v 0.369141 -0.077637 0.078613
v 0.375000 -0.081543 0.063965
v 0.371094 -0.053955 0.063477
v 0.369141 -0.107910 0.079590
v -0.000122 0.312500 -0.074707
v 0.008728 0.306641 -0.083008
v 0.007599 0.339844 -0.094238
v 0.000420 0.339844 -0.085938
v -0.007172 0.339844 -0.094727
v -0.007874 0.308594 -0.082520
v -0.077637 -0.363281 -0.025757
v -0.097656 -0.408203 -0.004486
v -0.087402 -0.414062 -0.023926
v -0.083008 -0.365234 -0.038818
v -0.070801 -0.320312 -0.051269
v -0.061279 -0.318359 -0.025879
v -0.090820 -0.361328 -0.003403
v 0.165039 0.170898 -0.050293
v 0.181641 0.152344 -0.032715
v 0.148438 0.193359 -0.007050
v 0.147461 0.187500 -0.024414
v 0.194336 0.134766 -0.020996
v 0.053467 0.025635 -0.063965
v 0.061768 0.025269 -0.075684
v 0.028076 0.026123 -0.076172
v 0.030762 0.025757 -0.086914
v -0.031006 0.396484 0.121094
v -0.037354 0.414062 0.096191
v -0.040771 0.408203 0.094727
v -0.025513 0.373047 0.122070
v -0.015015 0.382812 0.129883
v -0.029541 0.386719 0.106445
v -0.024414 0.402344 0.122559
v -0.302734 0.029297 -0.008423
v -0.308594 0.035156 -0.003265
v -0.275391 0.062500 -0.027954
v -0.324219 0.023071 0.000484
v -0.296875 0.024658 -0.004700
v -0.310547 0.008606 0.000416
v 0.024658 0.349609 0.063477
v 0.022339 0.343750 0.065918
v 0.013611 0.367188 0.054199
v 0.099609 -0.306641 0.016113
v 0.109863 -0.357422 0.007019
v 0.114746 -0.306641 -0.000196
v 0.120605 -0.271484 -0.022461
v 0.125977 -0.302734 -0.024048
v 0.093750 -0.261719 0.031982
v 0.110840 -0.257812 0.008972
v -0.052734 0.236328 0.068848
v -0.041748 0.232422 0.071777
v -0.049805 0.221680 0.076172
v -0.060059 0.226562 0.073242
v -0.054688 0.239258 0.080566
v -0.026489 -0.107422 0.044434
v -0.034668 -0.137695 0.053223
v -0.030273 -0.151367 0.049561
v -0.027344 -0.140625 0.040772
v -0.012390 -0.081543 0.009460
v -0.027100 -0.139648 0.028565
v 0.193359 0.265625 -0.060547
v 0.191406 0.251953 -0.041016
v 0.192383 0.241211 -0.052490
v 0.184570 0.279297 -0.077148
v 0.192383 0.255859 -0.070801
v 0.032471 0.073731 0.055176
v 0.032471 0.022705 0.055664
v 0.061523 0.022949 0.042480
v 0.060791 0.073730 0.041992
v 0.029785 0.072266 0.042969
v 0.030640 0.069336 0.054443
v -0.055176 0.455078 0.047363
v -0.045898 0.457031 0.042236
v -0.044190 0.439453 0.034180
v -0.138672 -0.492188 0.116699
v -0.135742 -0.490234 0.104980
v -0.127930 -0.490234 0.119141
v -0.136719 -0.476562 0.117676
v -0.129883 -0.474609 0.120605
v 0.064941 0.128906 -0.040772
v 0.065918 0.154297 -0.038330
v 0.072266 0.150391 -0.011231
v 0.062988 0.112305 -0.037598
v 0.047852 0.107910 -0.034912
v 0.074707 0.125977 -0.015198
v 0.046143 0.112305 -0.060791
v 0.055176 0.138672 -0.061035
v 0.365234 -0.062988 0.042725
v 0.359375 -0.038818 0.046387
v 0.339844 -0.052734 0.044434
v 0.339844 -0.042969 0.067871
v 0.330078 -0.037353 0.062988
v 0.363281 -0.053955 0.050049
v 0.351562 -0.061768 0.054199
v 0.332031 -0.038086 0.018311
v 0.337891 -0.056396 0.028687
v -0.034668 0.324219 -0.074707
v 0.000031 0.333984 -0.082520
v -0.053223 0.296875 -0.078613
v 0.000549 0.300781 -0.094727
v -0.051025 0.353516 -0.046631
v -0.026367 0.349609 -0.055176
v -0.076660 0.322266 -0.058106
v -0.075195 0.036621 -0.055664
v -0.054688 0.026001 -0.072266
v -0.068848 0.065918 -0.043945
v -0.052979 0.055664 -0.068848
v 0.030884 0.423828 0.115723
v 0.040039 -0.154297 -0.028564
v 0.040771 -0.106934 -0.038086
v 0.059570 -0.131836 -0.039795
v 0.058594 -0.173828 -0.028564
v 0.030640 -0.141602 -0.023682
v -0.228516 0.156250 -0.017578
v -0.211914 0.136719 -0.011169
v -0.218750 0.157227 -0.015869
v -0.225586 0.166016 -0.036133
v -0.239258 0.162109 -0.036865
v -0.253906 0.143555 -0.022461
v -0.326172 -0.013367 -0.006195
v -0.337891 -0.031128 -0.002411
v -0.320312 -0.022705 -0.005768
v 0.011658 0.347656 0.089355
v 0.014648 0.345703 0.091797
v 0.119629 -0.359375 -0.019775
v 0.092773 -0.435547 -0.035889
v 0.110352 -0.410156 -0.035644
v 0.090820 -0.412109 -0.034180
v 0.082520 -0.367188 -0.038574
v 0.112793 -0.359375 -0.039307
v -0.089355 0.200195 0.009766
v -0.082520 0.193359 0.008484
v -0.069336 -0.093262 0.061768
v -0.041260 -0.155273 0.062988
v -0.036621 -0.152344 0.058594
v 0.180664 0.250000 -0.046875
v 0.181641 0.243164 -0.052979
v 0.183594 0.251953 -0.067383
v 0.181641 0.241211 -0.031494
v 0.183594 0.261719 -0.061768
v 0.171875 0.244141 -0.040772
v 0.051758 0.091797 0.011902
v 0.043457 0.106934 0.005493
v 0.067871 0.069824 0.018066
v 0.062500 0.088379 0.008911
v 0.028076 0.100586 0.015564
v -0.077637 0.412109 -0.036865
v -0.074707 0.406250 -0.013367
v -0.070312 0.394531 -0.016846
v -0.128906 -0.494141 0.104980
v 0.090332 0.171875 -0.021362
v 0.082520 0.181641 -0.059082
v 0.093262 0.185547 -0.022583
v 0.353516 -0.059570 0.066895
v 0.363281 -0.078125 0.075195
v 0.000145 0.341797 0.049560
v -0.023560 0.345703 0.047363
v -0.027100 0.322266 0.042969
v 0.000034 0.316406 0.039307
v 0.027222 0.322266 0.043213
v 0.023682 0.345703 0.048096
v -0.056641 0.069824 -0.098145
v -0.054443 0.055908 -0.113281
v -0.056152 0.073730 -0.107910
v -0.057129 0.084473 -0.091309
v -0.055176 0.054687 -0.102539
v 0.045898 0.404297 0.050537
v 0.033935 0.386719 0.040283
v 0.038086 0.398438 0.068359
v 0.040527 0.384766 0.050537
v 0.044678 0.412109 0.066406
v 0.029053 0.380859 0.045898
v 0.042236 0.417969 0.048096
v 0.039307 0.423828 0.064453
v 0.054688 -0.234375 0.021973
v 0.056152 -0.216797 0.026856
v -0.106445 0.263672 0.030395
v -0.114746 0.283203 0.033935
v -0.132812 0.255859 0.023560
v -0.103516 0.250000 0.026001
v -0.087402 0.261719 0.046387
v -0.092773 0.283203 0.040283
v -0.322266 -0.108887 0.007996
v -0.343750 -0.105469 0.009827
v -0.322266 -0.116699 0.013245
v 0.084961 0.219727 0.017090
v 0.085449 0.217773 0.043701
v 0.093262 0.219727 0.042969
v 0.096191 0.220703 0.018310
v 0.227539 0.075684 -0.016968
v 0.238281 0.079590 -0.034180
v 0.263672 0.057373 -0.009521
v 0.228516 0.082520 -0.000479
v 0.208984 0.104980 -0.010742
v 0.208984 0.093262 -0.023315
v -0.016357 0.423828 0.129883
v -0.018433 0.412109 0.125000
v -0.016479 0.408203 0.129883
v -0.020996 0.421875 0.125000
v 0.010315 -0.050537 -0.032471
v 0.008118 -0.053711 0.002472
v -0.007782 -0.053223 0.002197
v 0.000191 -0.047852 -0.036133
v 0.000835 -0.051025 -0.000092
v 0.159180 0.281250 -0.098633
v 0.174805 0.263672 -0.082520
v 0.152344 0.275391 -0.094238
v 0.182617 0.269531 -0.086914
v 0.162109 0.291016 -0.087402
v 0.092773 -0.496094 0.096680
v 0.111328 -0.490234 0.100098
v 0.106934 -0.474609 0.107910
v 0.108887 -0.494141 0.106934
v -0.079102 0.184570 -0.077148
v -0.096191 0.187500 -0.073242
v -0.089355 0.174805 -0.076172
v -0.209961 0.105957 -0.010315
v 0.024292 0.466797 0.009644
v -0.000023 0.472656 0.012390
v 0.039307 0.462891 0.019287
v 0.019531 0.437500 0.007385
v 0.000053 0.437500 0.008301
v 0.376953 -0.091797 0.045166
v 0.365234 -0.065430 0.034424
v 0.371094 -0.089355 0.052490
v -0.055420 0.320312 -0.113281
v -0.065918 0.361328 -0.098145
v -0.055908 0.261719 -0.134766
v -0.055908 0.359375 -0.088867
v -0.115234 -0.251953 -0.010986
v -0.120605 -0.271484 -0.022217
v -0.107422 -0.226562 -0.002808
v -0.110840 -0.257812 0.009644
v -0.098633 -0.232422 0.042725
v -0.115234 -0.306641 0.000263
v -0.093750 -0.261719 0.032471
v -0.110840 -0.228516 0.020020
v 0.081055 0.218750 0.055176
v 0.092285 0.225586 0.052978
v 0.085938 0.209961 0.046387
v -0.000305 0.026733 -0.067871
v -0.028198 0.026733 -0.075684
v 0.000053 0.027588 -0.077637
v 0.031738 0.067871 -0.092285
v -0.030762 0.025879 -0.086426
v -0.031982 0.067383 -0.091797
v -0.000221 0.065430 -0.085938
v -0.066895 0.349609 0.044922
v -0.061035 0.357422 0.027588
v -0.066895 0.363281 0.035400
v -0.150391 -0.474609 0.110352
v -0.133789 -0.476562 0.104004
v -0.147461 -0.478516 0.093750
v -0.150391 -0.488281 0.108887
v -0.141602 -0.476562 0.116699
v 0.063965 0.165039 -0.066895
v 0.079590 0.184570 -0.041748
v 0.081055 0.181641 -0.008911
v 0.292969 -0.020874 0.048096
v 0.285156 -0.031128 0.062988
v -0.056152 0.345703 -0.047852
v -0.067871 0.343750 -0.050537
v -0.052490 0.335938 -0.055908
v -0.056396 0.081055 -0.071289
v -0.052490 0.092773 -0.072266
v -0.058594 0.100098 -0.070313
v -0.047852 0.092285 -0.062988
v -0.055176 0.099609 -0.061035
v 0.038086 0.435547 0.095703
v 0.038330 0.437500 0.125000
v 0.036865 0.433594 0.124512
v 0.069824 -0.132812 -0.035889
v 0.088379 -0.130859 -0.029297
v 0.085938 -0.149414 -0.028442
v 0.063477 -0.105957 -0.045410
v 0.069336 -0.148438 -0.032227
v -0.103516 0.245117 0.009155
v -0.121582 0.234375 0.015869
v -0.110840 0.236328 -0.007050
v -0.068359 0.011597 -0.071289
v -0.067871 0.015137 -0.085449
v -0.066406 0.006317 -0.092285
v -0.051758 0.006775 -0.093262
v -0.067871 -0.001396 -0.074707
v -0.065918 0.019897 -0.104492
v 0.046387 0.285156 0.046631
v 0.064941 0.261719 0.052978
v 0.069824 0.285156 0.045166
v 0.064941 0.304688 0.037842
v 0.138672 -0.474609 0.030884
v 0.142578 -0.494141 0.028198
v 0.159180 -0.496094 0.056641
v 0.112305 -0.500000 0.066406
v 0.162109 -0.478516 0.058838
v -0.006989 0.180664 0.047119
v -0.010437 0.208984 0.056396
v 0.000172 0.182617 0.024780
v -0.027954 0.180664 0.046631
v -0.066895 -0.217773 0.048096
v -0.056641 -0.216797 0.026856
v -0.053711 -0.201172 0.028931
v -0.082031 -0.216797 0.058350
v -0.068848 -0.234375 0.041016
v -0.071289 -0.201172 0.053467
v 0.229492 0.150391 -0.060547
v 0.235352 0.148438 -0.057373
v 0.230469 0.142578 -0.071289
v 0.230469 0.136719 -0.069336
v 0.228516 0.142578 -0.057617
v 0.029053 0.024536 0.041992
v 0.028809 0.026245 0.043213
v -0.060547 0.376953 0.015198
v -0.059815 0.390625 0.005737
v -0.052002 0.384766 0.013428
v -0.066406 0.382812 0.025513
v -0.071289 0.388672 0.014404
v -0.056885 0.369141 0.021973
v -0.067871 0.382812 0.006897
v -0.306641 0.009827 0.013611
v -0.312500 -0.007599 -0.000969
v -0.306641 0.017212 0.027954
v -0.306641 0.006989 0.036377
v -0.302734 -0.008728 0.018921
v 0.007721 0.365234 -0.094238
v 0.000088 0.339844 -0.104980
v -0.000244 0.367188 -0.104492
v 0.008850 0.386719 -0.076172
v 0.000221 0.359375 -0.085449
v 0.000854 0.392578 -0.082520
v 0.357422 -0.104004 0.067871
v 0.367188 -0.081543 0.064453
v 0.367188 -0.106934 0.066895
v -0.064941 0.228516 -0.076660
v -0.071289 0.197266 -0.072754
v -0.088379 0.226562 -0.059815
v -0.094238 0.257812 -0.053955
v -0.092773 -0.435547 -0.036133
v -0.113770 -0.431641 -0.038818
v -0.090820 -0.445312 -0.043945
v -0.113770 -0.445312 -0.043701
v -0.090820 -0.414062 -0.034424
v -0.090820 -0.435547 -0.023804
v -0.110352 -0.408203 -0.035644
v 0.267578 0.109863 -0.033691
v 0.255859 0.097168 -0.051758
v 0.241211 0.117188 -0.053467
v 0.253906 0.131836 -0.043457
v 0.255859 0.143555 -0.022339
v 0.071289 -0.027954 -0.050537
v 0.041992 -0.031982 -0.060303
v 0.071777 -0.004761 -0.053223
v 0.048340 -0.096680 -0.028198
v -0.020142 0.333984 0.119141
v -0.023438 0.337891 0.120605
v -0.011108 0.333984 0.117676
v -0.349609 -0.087402 0.021851
v -0.353516 -0.067871 0.017700
v -0.339844 -0.069824 0.022217
v -0.339844 -0.068848 0.011231
v -0.333984 -0.055908 0.028565
v 0.073242 0.267578 0.078613
v 0.073730 0.261719 0.066894
v 0.067871 0.275391 0.072754
v 0.064453 0.257812 0.084961
v 0.078613 0.261719 0.080078
v 0.070312 0.253906 0.084961
v 0.218750 0.095215 -0.037842
v 0.191406 0.114746 -0.028198
v 0.198242 0.116699 -0.045654
v 0.000397 0.496094 0.087891
v 0.025757 0.498047 0.085937
v -0.024902 0.498047 0.086426
v -0.075684 0.004517 0.037109
v -0.056396 -0.023560 0.048828
v -0.051025 -0.001678 0.047607
v -0.101562 -0.021973 0.007690
v -0.084473 -0.022827 0.041992
v -0.051514 0.015747 0.051025
v -0.075195 0.017334 0.038818
v 0.060791 0.351562 0.012512
v 0.046875 0.369141 0.018799
v 0.054199 0.330078 0.030273
v 0.069824 0.333984 0.018433
v 0.049072 0.365234 0.004303
v 0.060059 0.353516 -0.009155
v 0.074219 0.347656 -0.003510
v 0.054199 -0.265625 0.005951
v 0.080078 -0.267578 0.022583
v -0.236328 0.151367 -0.057617
v -0.251953 0.131836 -0.043213
v -0.221680 0.132812 -0.063965
v -0.353516 -0.106934 0.060059
v 0.000206 0.273438 -0.111816
v 0.050293 0.068848 0.032959
v 0.060303 0.068848 0.041992
v 0.063965 0.067383 0.018677
v 0.050293 0.072266 0.032471
v -0.033691 0.416016 0.014831
v -0.019043 0.437500 0.007690
v -0.018921 0.414062 0.011291
v -0.043457 0.421875 0.035156
v -0.035889 0.435547 0.014465
v -0.050049 0.012634 -0.072266
v -0.051758 0.016479 -0.085449
v 0.057129 0.345703 0.057129
v 0.048340 0.345703 0.053955
v 0.060547 0.341797 0.049805
v 0.057129 0.326172 0.064453
v 0.075195 -0.312500 0.000378
v -0.070801 0.209961 0.083496
v -0.062012 0.204102 0.085937
v -0.067871 0.216797 0.072754
v -0.060791 0.227539 0.084961
v -0.083984 0.195312 0.067871
v -0.078125 0.064941 -0.036377
v -0.078125 0.064453 -0.025024
v -0.088867 0.085449 -0.028687
v -0.082031 0.086914 -0.044190
v 0.021851 0.421875 0.124023
v 0.019043 0.410156 0.125000
v 0.341797 -0.096680 0.013428
v 0.326172 -0.102051 0.014954
v 0.339844 -0.098145 0.021606
v 0.349609 -0.087402 0.021606
v 0.343750 -0.105957 0.010681
v 0.324219 -0.109375 0.007507
v 0.353516 -0.092773 0.009094
v 0.000168 0.238281 0.055420
v -0.000114 0.209961 0.052978
v -0.000191 0.261719 0.046631
v -0.109863 -0.494141 0.104004
v -0.110840 -0.490234 0.099121
v -0.108887 -0.494141 0.106934
v -0.111328 -0.478516 0.103516
v -0.092285 -0.496094 0.096680
v 0.221680 0.132812 -0.064941
v 0.196289 0.134766 -0.051025
v 0.208008 0.147461 -0.060059
v 0.015747 -0.079102 -0.019165
v -0.111328 0.343750 -0.091309
v -0.109375 0.326172 -0.099121
v -0.302734 -0.057617 0.072266
v -0.292969 -0.055908 0.064941
v -0.289062 -0.071289 0.080078
v -0.298828 -0.072754 0.085449
v -0.300781 -0.054687 0.083008
v -0.308594 -0.037109 0.069336
v 0.034668 0.382812 0.021973
v 0.028686 0.388672 0.034424
v 0.046143 0.357422 0.031738
v 0.147461 -0.494141 0.084473
v 0.115234 -0.494141 0.098145
v 0.149414 -0.492188 0.090332
v 0.163086 -0.496094 0.069824
v 0.162109 -0.494141 0.078125
v -0.063965 0.164062 -0.067383
v -0.024536 -0.153320 -0.013000
v -0.023438 -0.107910 -0.021362
v -0.025391 -0.147461 -0.004944
v -0.025269 -0.165039 -0.010193
v -0.023315 -0.166992 -0.023193
v 0.194336 0.202148 -0.047607
v 0.192383 0.201172 -0.019775
v 0.052734 0.055176 -0.114746
v 0.066895 0.053955 -0.116211
v -0.041748 0.417969 0.049805
v -0.113281 -0.308594 -0.055664
v -0.125977 -0.304688 -0.023926
v -0.108398 -0.275391 -0.047607
v -0.066406 -0.296875 -0.044189
v -0.113770 -0.359375 -0.039795
v -0.120117 -0.357422 -0.019531
v 0.089844 0.167969 -0.003098
v 0.076660 0.170898 -0.003738
v 0.078613 0.176758 -0.021973
v 0.277344 0.062256 -0.028198
v 0.298828 0.024536 -0.005707
v 0.267578 0.056396 -0.022339
v 0.302734 0.028931 -0.008118
v 0.296875 0.025024 0.007751
v 0.310547 0.009338 -0.000450
v -0.019043 0.388672 0.103027
v -0.011841 0.394531 0.111816
v 0.000450 0.382812 0.113281
v -0.016113 0.371094 0.105957
v 0.012634 0.394531 0.111328
v 0.000881 0.404297 0.112305
v -0.062012 0.088867 0.008301
v -0.051758 0.091797 0.011536
v -0.059570 0.104492 0.001373
v -0.070801 0.085938 -0.015747
v 0.077637 0.412109 -0.038818
v 0.081055 0.408203 -0.059815
v 0.072266 0.412109 -0.059815
v 0.083496 0.404297 -0.014710
v 0.085938 0.410156 -0.039795
v 0.075684 0.408203 -0.016235
v 0.023682 -0.072754 0.050781
v 0.024536 -0.048096 0.044190
v 0.012085 -0.081055 0.013916
v 0.059082 -0.095215 0.053955
v 0.041504 -0.104004 0.053711
v -0.143555 0.300781 -0.025024
v -0.153320 0.277344 -0.027222
v -0.160156 0.281250 -0.006043
v -0.127930 0.287109 -0.036865
v -0.147461 0.304688 -0.005157
v -0.283203 0.071777 -0.021240
v -0.267578 0.109863 -0.034180
v -0.253906 0.097656 -0.051025
v -0.000137 0.412109 0.088867
v 0.120605 -0.153320 0.001587
v -0.058350 0.298828 0.073242
v -0.064941 0.306641 0.082031
v -0.062012 0.296875 0.085449
v -0.070801 0.289062 0.070801
v -0.054199 0.291016 0.073242
v -0.054932 -0.234375 0.021729
v -0.054443 -0.213867 0.003555
v -0.052246 -0.230469 -0.004700
v -0.079590 -0.267578 0.023438
v -0.055664 -0.265625 0.005585
v 0.251953 0.141602 -0.083008
v 0.243164 0.137695 -0.081055
v 0.044678 0.023193 0.042236
v 0.023071 0.010254 0.055664
v 0.064941 0.023926 0.028809
v 0.019409 0.023071 0.047363
v -0.060303 0.353516 -0.009094
v -0.040527 0.369141 -0.020386
v -0.079590 0.347656 -0.019775
v -0.074219 0.347656 -0.003418
v -0.065430 0.351562 -0.031494
v -0.084961 -0.163086 0.051270
v -0.099609 -0.164062 0.027466
v -0.092285 -0.198242 0.052490
v -0.096680 -0.215820 0.053955
v -0.103027 -0.197266 0.028809
v -0.106445 -0.212891 0.026733
v 0.136719 0.232422 -0.052734
v 0.138672 0.245117 -0.058838
v 0.133789 0.233398 -0.054199
v 0.144531 0.223633 -0.043213
v 0.333984 0.012695 0.024902
v 0.326172 0.027710 0.015869
v 0.314453 0.024658 0.030518
v 0.333984 0.006256 0.008057
v 0.000393 0.378906 -0.070313
v 0.001244 0.392578 -0.040527
v -0.006866 0.386719 -0.076172
v -0.088867 -0.021729 -0.016235
v -0.071289 -0.005005 -0.053955
v -0.071289 -0.028320 -0.051025
v -0.093750 -0.092285 -0.005280
v -0.084473 0.011780 0.009216
v 0.022583 0.337891 0.130859
v 0.012207 0.339844 0.135742
v 0.019898 0.333984 0.126953
v 0.090332 -0.435547 -0.023437
v 0.087402 -0.412109 -0.024292
v -0.194336 0.156250 0.000324
v -0.186523 0.152344 -0.014526
v -0.206055 0.145508 -0.011047
v -0.208008 0.170898 -0.003693
v -0.121094 -0.449219 0.001282
v -0.130859 -0.466797 0.001572
v -0.139648 -0.474609 0.030884
v -0.116699 -0.466797 0.044678
v -0.120117 -0.431641 -0.005737
v -0.132812 -0.443359 -0.019775
v 0.049316 0.150391 0.029907
v 0.013489 0.160156 0.029297
v 0.027832 0.179688 0.046875
v 0.031738 0.148438 0.031128
v 0.015564 0.135742 0.019287
v 0.035889 0.126953 0.028320
v 0.051514 0.027710 -0.094238
v 0.063477 0.026733 -0.093750
v 0.064941 0.020019 -0.104004
v 0.067871 0.052978 -0.104492
v 0.065430 0.014526 -0.085449
v -0.025146 0.349609 0.063477
v -0.029541 0.369141 0.057129
v -0.014587 0.367188 0.053711
v -0.014282 0.351562 0.064453
v -0.022217 0.341797 0.067383
v -0.028442 0.024536 0.042236
v -0.028198 0.026978 0.043213
v -0.031738 0.073242 0.055664
v -0.031982 0.022705 0.056152
v 0.073242 0.392578 0.012939
v 0.084473 -0.163086 0.050293
v 0.063965 -0.166992 0.052246
v 0.079102 -0.089844 0.048096
v -0.082031 0.292969 -0.067383
v -0.105469 0.296875 -0.051514
v -0.075195 0.257812 -0.073731
v -0.302734 -0.022949 0.034912
v -0.316406 -0.020264 0.017700
v -0.298828 -0.000954 0.048340
v 0.051270 0.353516 -0.047119
v 0.065430 0.351562 -0.031250
v 0.076660 0.343750 -0.042236
v 0.076172 0.322266 -0.059082
v 0.026611 0.349609 -0.055176
v 0.040771 0.369141 -0.020142
v 0.347656 -0.119629 0.072754
v 0.349609 -0.125977 0.083984
v 0.361328 -0.101074 0.083496
v 0.355469 -0.100586 0.075684
v 0.353516 -0.128906 0.070801
v -0.079102 0.184570 -0.041504
v -0.066406 0.154297 -0.038574
v -0.083984 0.181641 -0.008118
v -0.095703 0.213867 -0.046875
v -0.095215 0.213867 -0.006989
v -0.059082 -0.067383 -0.055908
v -0.081055 -0.062500 -0.048340
v -0.037109 -0.069824 -0.053711
v 0.162109 0.253906 -0.033447
v 0.117676 0.251953 -0.036621
v 0.112793 0.267578 -0.032715
v 0.141602 0.247070 -0.039063
v 0.028076 0.085937 -0.082520
v -0.000191 0.061768 -0.074219
v 0.022095 0.114746 -0.066406
v -0.041504 0.484375 0.082519
v -0.045166 0.462891 0.073242
v -0.039307 0.472656 0.097656
v -0.041016 0.486328 0.060303
v -0.314453 0.025757 0.031494
v -0.318359 0.013672 0.038330
v -0.306641 0.038574 0.024536
v -0.324219 0.028565 0.016479
v 0.011536 0.404297 -0.007019
v 0.009888 0.406250 -0.019409
v 0.091309 -0.096191 0.050293
v 0.089355 -0.057373 0.050537
v 0.096191 -0.137695 0.053467
v 0.100586 -0.136719 0.042725
v 0.075684 -0.133789 0.062256
v -0.118164 0.294922 -0.040283
v -0.076660 0.345703 -0.042481
v -0.057617 -0.155273 -0.033691
v -0.065430 -0.144531 -0.038574
v 0.175781 0.193359 -0.059570
v 0.176758 0.231445 -0.043945
v 0.053711 0.024414 -0.071777
v 0.027588 0.013061 -0.081543
v 0.028931 0.023193 -0.076660
v 0.054443 0.012939 -0.074707
v 0.071777 0.024292 -0.055176
v -0.030762 0.396484 0.091309
v -0.026245 0.400391 0.090820
v -0.039795 0.400391 0.090332
v -0.023926 0.386719 0.102051
v -0.109375 -0.150391 -0.003693
v -0.109375 -0.135742 -0.002502
v -0.104492 -0.131836 -0.013123
v 0.066895 0.267578 0.061768
v 0.077148 0.255859 0.067383
v 0.067871 0.249023 0.072266
v 0.061768 0.253906 0.073242
v 0.000381 0.382812 0.079102
v 0.017090 0.382812 0.082031
v -0.065918 -0.059814 0.061768
v -0.028076 -0.007538 0.057373
v 0.076660 0.316406 0.022949
v 0.092773 0.302734 0.034424
v 0.098633 0.322266 0.009155
v 0.089844 -0.480469 0.105957
v 0.104004 -0.476562 0.120605
v 0.092285 -0.494141 0.104980
v 0.090332 -0.478516 0.118164
v 0.089355 -0.476562 0.095703
v -0.196289 0.134766 -0.050537
v -0.199219 0.116211 -0.045654
v -0.192383 0.131836 -0.034668
v -0.153320 -0.490234 0.098633
v -0.149414 -0.492188 0.090332
v -0.162109 -0.478516 0.092285
v -0.162109 -0.492188 0.092285
v -0.154297 -0.476562 0.099121
v 0.048340 0.137695 -0.066895
v 0.052490 0.163086 -0.082031
v 0.304688 -0.023560 0.034912
v 0.314453 -0.020996 0.017090
v 0.300781 -0.001198 0.048828
v 0.302734 -0.007538 0.018677
v 0.324219 -0.036621 0.043213
v -0.060547 0.332031 -0.054199
v -0.059570 0.328125 -0.069336
v -0.051758 0.078125 -0.061768
v -0.058350 0.085449 -0.059326
v -0.062988 0.084961 -0.068848
v 0.106934 -0.226562 -0.003326
v 0.066406 -0.209961 -0.012146
v 0.085938 -0.196289 -0.009766
v 0.103027 -0.210938 0.002808
v -0.064453 0.261719 0.053467
v -0.043213 0.257812 0.058594
v -0.046143 0.283203 0.046875
v -0.068359 0.285156 0.045654
v -0.081543 0.237305 0.045898
v -0.072754 0.069336 -0.103516
v -0.068359 0.053955 -0.115723
v -0.069824 0.053223 -0.104004
v -0.065430 0.027344 -0.094727
v -0.067383 0.067383 -0.096191
v 0.025757 0.353516 0.074219
v 0.023682 0.343750 0.089355
v 0.024048 0.341797 0.078125
v 0.031250 0.378906 0.070801
v 0.026245 0.359375 0.083984
v 0.029663 0.369141 0.057861
v 0.349609 -0.110840 0.015747
v 0.324219 -0.112305 0.022583
v 0.324219 -0.117676 0.012817
v -0.035156 0.253906 0.064453
v -0.035645 0.253906 0.077637
v -0.042725 0.234375 0.083496
v -0.112793 -0.097656 0.017334
v -0.095215 -0.093750 0.049316
v -0.114746 -0.058838 0.012512
v -0.099609 -0.096680 -0.010986
v -0.110840 -0.137695 0.006836
v -0.101562 -0.123047 0.045410
v 0.082031 0.229492 -0.119629
v 0.088379 0.195312 -0.107910
v 0.066406 0.261719 -0.134766
v 0.083008 0.221680 -0.132812
v 0.000076 0.084473 0.022095
v -0.016113 0.085938 0.037598
v -0.021973 0.069336 0.041748
v -0.012939 0.066895 0.043701
v -0.080566 0.408203 -0.057129
v -0.335938 -0.053223 0.008545
v -0.353516 -0.065430 0.009094
v -0.357422 -0.047607 0.020996
v -0.347656 -0.046875 0.005707
v -0.353516 -0.092773 0.009888
v -0.361328 -0.094238 0.016113
v -0.345703 -0.085938 0.014038
v 0.096191 0.207031 0.006592
v 0.061768 0.089355 -0.042969
v 0.073730 0.102051 -0.041748
v -0.051758 0.026001 0.032471
v 0.107422 0.304688 -0.057373
v 0.099609 0.292969 -0.044190
v 0.102051 0.298828 -0.064941
v 0.115234 0.304688 -0.080078
v 0.113770 -0.476562 0.123535
v 0.114746 -0.490234 0.123047
v 0.125000 -0.488281 0.119629
v 0.124023 -0.474609 0.121094
v -0.147461 0.187500 -0.024170
v -0.131836 0.220703 0.006348
v -0.148438 0.193359 -0.006653
v -0.061523 0.023071 0.043213
v -0.060059 0.073730 0.042969
v -0.060303 0.069336 0.041992
v -0.060059 0.026856 0.041016
v 0.067383 0.375000 0.018555
v 0.062988 0.369141 0.022583
v 0.062500 0.390625 0.001572
v 0.000992 0.222656 -0.088867
v -0.015747 0.219727 -0.104004
v 0.017212 0.218750 -0.103027
v -0.023193 0.241211 -0.091309
v 0.016724 0.194336 -0.088379
v 0.001076 0.188477 -0.103027
v -0.112305 -0.402344 0.002075
v 0.210938 0.136719 -0.011108
v 0.051025 0.021240 -0.103516
v 0.053223 0.054199 -0.103027
v -0.057861 0.363281 0.024048
v -0.055664 0.333984 0.052978
v -0.328125 -0.041992 -0.000256
v -0.330078 -0.037598 0.018311
v 0.126953 -0.498047 -0.026733
v 0.124023 -0.464844 -0.020630
v 0.094727 -0.498047 -0.028442
v 0.112793 -0.490234 -0.052246
v -0.043701 0.107910 0.004974
v -0.028320 0.099609 0.015320
v -0.051758 0.127930 0.020019
v 0.253906 0.158203 -0.066406
v 0.244141 0.153320 -0.051514
v 0.066406 0.065430 -0.042481
v 0.070801 0.066895 -0.011047
v 0.086914 0.068848 -0.054932
v 0.050781 0.066894 -0.064453
v -0.069824 0.384766 -0.070801
v -0.162109 -0.476562 0.070313
v -0.163086 -0.476562 0.058594
v -0.102051 -0.472656 0.086914
v -0.137695 -0.476562 0.072266
v -0.119141 -0.478516 0.096680
v -0.146484 -0.478516 0.085449
v 0.091309 0.184570 -0.117676
v 0.091309 0.189453 -0.093750
v 0.322266 -0.028686 0.059570
v 0.339844 -0.027954 0.061523
v 0.330078 -0.017212 0.058350
v 0.000610 0.396484 0.017090
v 0.000229 0.384766 -0.009338
v -0.074219 0.105469 -0.090332
v -0.068359 0.100586 -0.087891
v -0.076660 0.103027 -0.087402
v -0.067871 0.098633 -0.085449
v 0.045166 0.425781 0.078125
v 0.049805 0.421875 0.057373
v 0.046143 0.441406 0.079590
v 0.040283 0.443359 0.081543
v 0.039062 0.421875 0.077637
v 0.020142 -0.110840 -0.017334
v 0.027832 -0.138672 0.007996
v -0.140625 0.302734 0.021484
v -0.154297 0.275391 0.014099
v -0.092285 0.302734 0.035156
v 0.050293 0.180664 0.044678
v 0.010376 0.208984 0.056641
v 0.062988 0.069824 -0.082520
v -0.012573 0.361328 0.082031
v -0.049805 0.073242 0.032471
v 0.071289 0.398438 -0.019898
v 0.031494 -0.096191 0.031494
v 0.014282 -0.041748 -0.006561
v 0.028320 -0.096680 -0.003845
v 0.046631 -0.029053 0.041992
v 0.020508 -0.027710 0.029297
v 0.047119 -0.166992 0.027710
v 0.052002 -0.092285 0.049561
v -0.082031 0.312500 -0.090332
v -0.098145 0.320312 -0.099609
v -0.082031 0.324219 -0.095215
v -0.104004 -0.058594 -0.017700
v 0.068359 0.279297 -0.078125
v 0.075195 0.261719 -0.082031
v 0.153320 -0.490234 0.098145
v 0.162109 -0.490234 0.092773
v 0.153320 -0.476562 0.097168
v -0.021729 0.115723 -0.065918
v -0.046143 0.112305 -0.059815
v -0.043701 -0.103516 -0.037598
v 0.131836 0.221680 0.005646
v 0.159180 0.205078 0.005829
v 0.124023 0.215820 -0.015564
v 0.144531 0.233398 0.011414
v 0.049805 0.077637 -0.061523
v 0.060303 0.084473 -0.068359
v 0.057129 0.083984 -0.058350
v 0.045898 0.091309 -0.062500
v 0.053711 0.080078 -0.070801
v -0.037598 0.427734 0.115723
v -0.036621 0.437500 0.125000
v -0.037598 0.427734 0.111816
v -0.037842 0.433594 0.124512
v -0.075684 0.083984 -0.099609
v -0.068848 0.087402 -0.103516
v -0.067871 0.073242 -0.111816
v 0.017212 0.376953 0.047852
v 0.115723 -0.251953 -0.011047
v -0.088379 -0.476562 0.084961
v 0.257812 0.132812 -0.079102
v 0.242188 0.130859 -0.081543
v 0.257812 0.135742 -0.086426
v 0.250000 0.130859 -0.075684
v 0.253906 0.139648 -0.077148
v 0.100098 -0.056396 0.017944
v 0.079102 -0.030640 0.052734
v 0.057617 -0.052734 0.047119
v 0.099609 -0.026855 0.019531
v -0.064453 0.304688 0.038330
v -0.053711 0.330078 0.030884
v -0.045898 0.357422 0.031494
v -0.061035 0.351562 0.012756
v -0.069824 0.333984 0.019043
v -0.076172 0.316406 0.023560
v -0.045898 0.302734 0.043701
v -0.296875 -0.069336 0.094238
v 0.108398 0.247070 -0.020142
v 0.122559 0.235352 -0.039063
v 0.104980 0.241211 -0.035889
v 0.296875 0.031006 0.022827
v 0.267578 0.069824 0.012146
v 0.257812 0.061523 0.005219
v 0.306641 0.038086 0.024414
v 0.306641 0.016724 0.027222
v 0.030396 0.388672 0.105957
v 0.025391 0.373047 0.122070
v 0.060303 -0.318359 -0.026489
v 0.054932 -0.296875 -0.023315
v 0.069824 -0.320312 -0.051269
v 0.077637 -0.363281 -0.025635
v 0.089844 -0.361328 -0.003708
v -0.195312 0.134766 -0.020020
v -0.361328 -0.053467 0.050049
v -0.367188 -0.052734 0.062988
v 0.000427 0.380859 -0.003799
v 0.110840 -0.228516 0.019653
v 0.105957 -0.212891 0.026123
v 0.098633 -0.233398 0.042236
v -0.022339 -0.109863 0.010986
v -0.017944 -0.080566 -0.026245
v 0.139648 0.300781 0.020874
v 0.114746 0.285156 0.033691
v 0.146484 0.304688 -0.005676
v 0.160156 0.281250 -0.006836
v 0.154297 0.275391 0.013794
v 0.166016 0.250000 -0.008179
v 0.158203 0.244141 0.008240
v 0.065430 0.101074 -0.087402
v 0.063965 0.096680 -0.084961
v 0.074707 0.094727 -0.086426
v 0.076660 0.101074 -0.087891
v 0.062988 0.103027 -0.092773
v 0.072266 0.104980 -0.089844
v -0.045654 0.468750 0.058594
v -0.039062 0.443359 0.082519
v -0.049072 0.457031 0.073242
v -0.052002 0.464844 0.060303
v -0.120117 -0.408203 -0.018555
v 0.355469 -0.067871 0.016235
v 0.357422 -0.048584 0.020508
v 0.349609 -0.031982 0.017822
v 0.347656 -0.024292 0.039551
v 0.347656 -0.046875 0.004913
v 0.351562 -0.061768 0.007874
v -0.013123 0.347656 0.113770
v 0.000237 0.349609 0.125977
v 0.000080 0.363281 0.127930
v -0.012817 0.347656 0.124512
v 0.012695 0.347656 0.124512
v -0.048584 0.070801 0.032227
v -0.030762 0.084473 0.020996
v 0.119629 0.330078 -0.085938
v 0.107422 0.316406 -0.081543
v 0.061279 -0.146484 0.065918
v 0.045654 -0.147461 0.060791
v 0.058350 -0.163086 0.068848
v 0.067871 -0.146484 0.070313
v 0.065430 -0.130859 0.063965
v -0.154297 0.225586 -0.057861
v -0.161133 0.253906 -0.033447
v -0.133789 0.267578 -0.036865
v 0.074707 0.226562 -0.070313
v 0.041016 0.200195 -0.089356
v 0.076172 0.257812 -0.073242
v 0.292969 -0.023193 0.082520
v 0.291016 -0.051758 0.086426
v 0.308594 -0.027344 0.079590
v -0.033935 0.386719 0.040039
v -0.034668 0.402344 0.038330
v -0.000374 0.012634 -0.082520
v -0.025513 -0.030151 -0.072754
v 0.125977 0.314453 -0.007294
v 0.118164 0.314453 0.016724
v 0.097168 -0.408203 -0.005249
v 0.108887 -0.431641 0.004120
v 0.103027 -0.445312 0.018311
v 0.120605 -0.449219 0.000729
v 0.116699 -0.406250 -0.006653
v 0.111816 -0.404297 0.001297
v -0.087891 0.174805 0.042480
v -0.093750 0.185547 0.055420
v -0.100098 0.178711 0.041260
v -0.085449 0.179688 0.029297
v -0.083984 0.185547 0.040039
v -0.083008 0.181641 0.054199
v -0.081055 0.100586 -0.093750
v 0.016479 0.408203 0.108398
v 0.000423 0.412109 0.100098
v -0.028442 0.304688 0.037598
v -0.027954 0.285156 0.041260
v -0.000084 0.298828 0.034912
v -0.122559 -0.476562 0.108398
v -0.126953 -0.476562 0.107422
v -0.124023 -0.490234 0.105469
v -0.125000 -0.490234 0.119141
v -0.125000 -0.476562 0.120605
v -0.109863 -0.478516 0.113770
v -0.110352 -0.476562 0.098145
v 0.152344 0.183594 -0.053711
v 0.190430 0.168945 -0.055420
v 0.181641 0.157227 -0.050537
v -0.021973 0.042725 0.042969
v -0.022949 0.015198 0.047852
v 0.022705 0.014587 0.047363
v 0.000282 0.004120 0.048828
v -0.104980 0.333984 -0.083984
v -0.112305 0.337891 -0.075684
v -0.103516 0.349609 -0.066895
v -0.116699 0.345703 -0.083984
v -0.098145 0.341797 -0.075195
v -0.357422 -0.100586 0.083984
v -0.347656 -0.124512 0.085449
v -0.367188 -0.106445 0.080078
v 0.071289 0.197266 -0.071289
v 0.094727 0.257812 -0.053711
v 0.096191 0.214844 -0.046387
v -0.060791 0.353516 -0.056152
v -0.053467 0.347656 -0.064941
v -0.060059 0.359375 -0.063477
v -0.083496 0.355469 -0.060547
v -0.081055 0.363281 -0.066895
v 0.061035 0.300781 0.057861
v 0.058350 0.302734 0.067871
v 0.060547 0.324219 0.055176
v 0.089355 -0.462891 -0.054443
v 0.113281 -0.460938 -0.053711
v 0.090332 -0.445312 -0.043701
v 0.085449 -0.470703 -0.026245
v 0.091797 -0.490234 -0.051514
v -0.181641 0.152344 -0.031738
v -0.083984 0.101074 -0.099609
v -0.080566 0.096680 -0.101074
v -0.078125 0.104980 -0.098145
v 0.045898 0.468750 0.058105
v 0.041504 0.488281 0.058838
v 0.044922 0.464844 0.072266
v 0.359375 -0.092773 0.024292
v 0.363281 -0.094238 0.015198
v 0.339844 -0.070312 0.021484
v -0.042480 0.283203 0.069824
v -0.041748 0.277344 0.083984
v -0.083496 -0.235352 0.049805
v 0.132812 0.214844 -0.051025
v 0.155273 0.225586 -0.058594
v -0.004303 0.010132 0.060791
v -0.004761 0.022827 0.050781
v -0.061279 0.376953 0.030518
v -0.051514 0.380859 0.031982
v -0.322266 -0.036621 0.043457
v -0.337891 -0.052246 0.045654
v -0.306641 -0.031494 0.049072
v 0.081543 0.291016 -0.067871
v 0.141602 -0.476562 0.116211
v 0.132812 -0.476562 0.103027
v 0.142578 -0.490234 0.114746
v 0.151367 -0.490234 0.109863
v 0.151367 -0.476562 0.110352
v -0.064453 0.130859 -0.041016
v -0.076172 0.151367 -0.010193
v -0.030762 -0.135742 -0.024414
v -0.027710 -0.152344 -0.026001
v 0.169922 0.214844 0.000957
v 0.191406 0.187500 0.001907
v 0.177734 0.226562 -0.015259
v 0.076660 0.064453 -0.008545
v -0.026123 0.437500 0.132812
v -0.026123 0.427734 0.131836
v -0.142578 -0.492188 0.029297
v -0.134766 -0.490234 0.006683
v 0.031250 0.114746 0.014648
v 0.314453 -0.007355 -0.000816
v 0.330078 -0.043701 -0.000839
v 0.000042 0.341797 0.078125
v -0.066895 0.026856 0.032715
v -0.086426 0.026245 0.004639
v -0.047119 0.024658 0.044678
v 0.099609 0.345703 -0.014893
v 0.089355 0.337891 0.004730
v 0.079590 0.347656 -0.019898
v 0.031250 -0.157227 0.020264
v -0.310547 0.039795 0.009216
v -0.092773 0.234375 0.024902
v -0.094727 0.218750 0.012207
v -0.069824 0.213867 0.032715
v -0.103516 -0.492188 0.118652
v -0.093262 -0.492188 0.118652
v 0.230469 0.148438 -0.051758
v 0.235352 0.142578 -0.050537
v 0.235352 0.149414 -0.043945
v 0.063477 0.010132 0.034180
v 0.045654 0.036621 0.039795
v 0.064941 0.042481 0.028076
v 0.083984 0.011231 0.008911
v 0.045898 0.000332 0.045654
v 0.070312 -0.018066 0.047363
v -0.069824 0.328125 -0.066895
v -0.099121 -0.056152 0.050537
v -0.096680 -0.114746 0.049316
v -0.086914 -0.119629 0.058350
v 0.106934 0.245117 -0.069824
v 0.099121 0.238281 -0.064941
v 0.122070 0.232422 -0.054443
v 0.108398 0.240234 -0.077637
v 0.127930 0.236328 -0.067871
v 0.125977 0.242188 -0.058838
v -0.021973 0.488281 0.027710
v -0.000061 0.498047 0.055176
v -0.024048 0.466797 0.009521
v -0.052246 0.021484 -0.103516
v 0.049805 0.341797 0.046143
v 0.062500 -0.285156 -0.000668
v -0.096191 0.190430 0.040283
v -0.089355 0.195312 0.048828
v 0.060059 0.122070 -0.003052
v 0.082520 0.181641 0.013123
v 0.055420 0.149414 0.013550
v 0.062500 0.121582 0.009033
v 0.052246 0.127930 0.020386
v 0.064941 0.184570 0.028076
v 0.101562 0.014160 -0.028565
v 0.093750 0.014160 0.013000
v 0.101562 -0.005554 -0.025146
v 0.077148 -0.004456 -0.055908
v 0.077637 0.014221 -0.059082
v 0.087891 0.024536 -0.030396
v 0.083008 0.025269 0.005829
v -0.014526 0.386719 0.125977
v -0.029053 0.406250 0.125000
v -0.013611 0.363281 0.125000
v 0.000126 0.386719 0.125977
v -0.062012 0.121094 0.009033
v 0.129883 0.306641 -0.080078
v 0.128906 0.320312 -0.095703
v 0.101074 -0.152344 0.051514
v 0.084473 -0.151367 0.064453
v -0.112793 0.267578 -0.031738
v -0.283203 -0.055664 0.072754
v 0.162109 -0.478516 0.078125
v 0.147461 -0.478516 0.085938
v 0.163086 -0.478516 0.092773
v 0.163086 -0.478516 0.071777
v -0.071777 0.104004 -0.099609
v -0.099609 -0.196289 0.007324
v -0.085938 -0.195312 -0.009583
v -0.098145 -0.165039 0.003998
v 0.078125 0.243164 0.082031
v 0.092773 0.229492 0.069824
v 0.085449 0.250000 0.076660
v 0.083008 0.224609 0.074219
v -0.043213 0.408203 0.079102
v -0.038086 0.396484 0.067871
v -0.039062 0.400391 0.082031
v -0.044678 0.410156 0.066406
v -0.347656 -0.031982 0.018799
v 0.013245 0.341797 0.078125
v 0.115234 -0.468750 0.044678
v 0.102051 -0.470703 0.086426
v 0.138672 -0.476562 0.072266
v -0.058105 0.209961 0.075195
v -0.069336 0.196289 0.061035
v -0.047363 -0.166992 0.027588
v -0.028686 -0.096680 -0.003555
v -0.031494 -0.095215 0.031982
v -0.064453 -0.166016 0.052246
v -0.062988 0.396484 0.015198
v 0.124023 0.228516 -0.062012
v 0.138672 0.229492 -0.065918
v 0.000244 0.302734 -0.092773
v -0.007233 0.365234 -0.095215
v 0.036621 0.453125 0.110840
v 0.039551 0.470703 0.097168
v -0.339844 -0.096191 0.014771
v -0.341797 -0.103027 0.023193
v -0.324219 -0.101562 0.014404
v 0.055420 0.263672 0.063965
v 0.077148 0.095215 -0.101562
v 0.070312 0.103516 -0.099609
v 0.081543 0.102051 -0.099609
v 0.082031 0.091309 -0.099121
v 0.085938 0.099121 -0.096191
v 0.070312 0.092773 -0.101562
v -0.039551 0.423828 0.064453
v -0.026245 0.023071 0.049805
v -0.028320 0.012024 0.058105
v -0.003845 -0.012390 0.066895
v 0.022949 -0.009338 0.057617
v 0.119141 -0.476562 0.095703
v -0.089844 0.194336 -0.077637
v -0.087402 0.183594 -0.092285
v -0.096680 0.190430 -0.088867
v -0.291016 -0.020996 0.046875
v -0.285156 -0.031128 0.062256
v -0.296875 -0.038330 0.057373
v -0.294922 -0.009644 0.065918
v 0.355469 -0.130859 0.082031
v -0.074219 0.199219 0.016602
v -0.080078 0.207031 0.017334
v 0.192383 0.131836 -0.035889
v 0.017090 -0.034668 -0.036133
v 0.018189 -0.015747 -0.062988
v 0.044922 -0.013977 -0.067383
v -0.023804 0.349609 0.117188
v -0.022705 0.369141 0.106445
v -0.019409 0.349609 0.112305
v -0.023804 0.353516 0.126953
v -0.022827 0.337891 0.130859
v -0.163086 -0.496094 0.069336
v 0.100098 -0.007996 0.017944
v 0.073730 0.012085 0.037354
v 0.079102 -0.010132 0.049316
v 0.101562 -0.026856 -0.020874
v -0.070801 0.079102 -0.090820
v -0.067383 0.083984 -0.087891
v 0.046143 0.425781 0.044189
v 0.052246 0.427734 0.047852
v 0.060303 -0.165039 -0.011475
v 0.065918 -0.197266 -0.008728
v 0.053955 -0.199219 0.006104
v -0.066895 0.277344 0.073242
v -0.054443 0.275391 0.067383
v -0.069336 0.275391 0.088379
v -0.074219 0.289062 0.083496
v -0.088867 0.025146 -0.029297
v -0.072754 0.024658 -0.055176
v -0.077637 0.014099 -0.059815
v 0.015442 0.382812 0.129883
v 0.031982 0.396484 0.120117
v 0.014587 0.384766 0.125977
v 0.013550 0.363281 0.125000
v 0.343750 -0.105957 0.024658
v 0.006958 0.180664 0.046875
v -0.016113 0.236328 0.054199
v -0.052246 -0.091797 0.050537
v -0.046631 -0.029053 0.042481
v -0.079590 -0.089844 0.048828
v 0.182617 0.231445 -0.042236
v 0.166992 0.234375 -0.047119
v -0.310547 -0.014587 0.068359
v -0.306641 -0.026977 0.078613
v 0.034424 0.402344 0.038330
v 0.043457 0.417969 0.034912
v 0.035156 0.398438 0.028198
v -0.073730 0.322266 -0.076660
v -0.074219 0.333984 -0.080566
v -0.063965 0.322266 -0.083984
v -0.053223 -0.263672 -0.013733
v -0.055664 -0.296875 -0.023315
v -0.062012 -0.227539 -0.018310
v -0.062988 -0.285156 -0.001114
v 0.222656 0.126953 0.001511
v 0.241211 0.148438 -0.002487
v 0.242188 0.103516 0.008118
v -0.040527 0.382812 0.051025
v -0.046143 0.404297 0.050781
v -0.026977 0.380859 0.045410
v -0.031006 0.376953 0.070312
v -0.094727 -0.226562 -0.020508
v 0.082520 0.186523 -0.022095
v -0.024658 0.400391 0.102539
v 0.104492 0.294922 -0.052490
v 0.093750 -0.492188 0.118164
v 0.104492 -0.492188 0.118652
v -0.240234 0.116699 -0.052490
v -0.376953 -0.078613 0.072754
v 0.028198 0.285156 0.040771
v -0.000244 0.281250 0.036377
v 0.028931 0.304688 0.037842
v 0.045898 0.302734 0.043701
v 0.125977 -0.490234 0.105469
v -0.066406 -0.208984 -0.011963
v -0.126953 -0.429688 -0.019531
v 0.318359 0.013489 -0.004852
v 0.306641 0.009888 0.013733
v 0.000290 0.347656 0.113770
v 0.000793 0.365234 0.112305
v -0.049805 0.069336 0.033203
v 0.078613 0.398438 -0.055420
v 0.083008 0.398438 -0.039307
v 0.071289 0.394531 -0.082031
v 0.039795 -0.150391 0.056152
v 0.044678 -0.161133 0.061035
v -0.166016 0.249023 -0.007385
v 0.057129 0.261719 -0.122070
v 0.057373 0.314453 -0.104980
v 0.056152 0.318359 -0.114258
v -0.029419 0.023926 -0.076172
v -0.054688 0.024292 -0.071289
v -0.000824 0.023071 -0.074707
v 0.066895 0.359375 0.030518
v 0.065430 0.365234 0.041016
v -0.228516 0.076172 -0.016968
v -0.218750 0.095215 -0.037354
v -0.208984 0.092773 -0.022949
v -0.239258 0.078613 -0.034180
v 0.017090 0.408203 0.129883
v -0.036865 0.231445 0.068359
v -0.021729 0.263672 0.051758
v -0.110352 -0.492188 0.113281
v -0.000534 -0.030029 0.025879
v 0.000298 -0.040527 -0.002991
v 0.000237 -0.035400 -0.027710
v 0.014526 0.114746 0.020996
v -0.000122 0.095703 0.018921
v 0.016602 0.100586 0.033935
v 0.064453 0.005676 -0.092773
v -0.028564 0.367188 0.041260
v 0.105469 0.320312 -0.035889
v 0.113770 0.328125 -0.011108
v -0.104004 0.181641 -0.093262
v -0.099609 0.199219 -0.104980
v 0.092285 0.310547 -0.063965
v 0.088867 0.304688 -0.041016
v 0.083496 0.298828 -0.051270
v 0.092773 0.289062 -0.053223
v 0.153320 0.277344 -0.027954
v 0.051514 0.092285 -0.070801
v 0.056152 0.097168 -0.069824
v 0.052979 0.098144 -0.060547
v -0.037842 0.437500 0.095703
v -0.036377 0.453125 0.111328
v -0.192383 0.114258 -0.027466
v 0.041016 0.486328 0.081543
v 0.024048 0.498047 0.054199
v -0.074707 0.304688 0.078613
v 0.250000 0.137695 -0.076660
v 0.236328 0.133789 -0.065918
v 0.240234 0.140625 -0.065918
v -0.057617 0.394531 0.023193
v -0.044678 0.375000 0.025391
v -0.010803 -0.050781 -0.034668
v 0.109863 -0.494141 0.113281
v 0.036133 0.435547 0.014770
v 0.033691 0.416016 0.014282
v 0.043701 0.439453 0.034668
v -0.109863 -0.357422 0.006561
v -0.099609 -0.308594 0.016357
v -0.075684 -0.312500 0.000645
v 0.088867 0.208008 0.063965
v 0.086914 0.234375 0.061035
v 0.099609 0.209961 0.061768
v -0.052734 0.208008 0.053711
v -0.059082 0.230469 0.057129
v -0.083984 0.182617 0.013611
v -0.065430 0.184570 0.028686
v -0.049805 0.180664 0.044922
v 0.075195 0.041260 0.004547
v -0.038818 0.462891 0.019409
v -0.041260 0.478516 0.035889
v -0.162109 -0.492188 0.078613
v 0.084473 0.190430 -0.059326
v 0.096191 0.190430 -0.057129
v 0.353516 -0.034180 0.063477
v -0.072266 0.094238 -0.101562
v -0.058350 0.087891 -0.102539
v 0.028442 -0.154297 -0.005890
v 0.029175 -0.172852 -0.018188
v 0.033447 -0.163086 0.002243
v -0.158203 0.244141 0.008850
v -0.332031 0.013184 0.024780
v -0.337891 0.000702 0.034180
v -0.337891 -0.008484 0.012146
v 0.010010 0.400391 -0.040283
v 0.137695 -0.476562 0.117188
v 0.109863 -0.474609 0.097656
v -0.104980 0.234375 -0.006989
v -0.094727 -0.433594 -0.003220
v 0.198242 0.121582 -0.015442
v -0.019898 0.333984 0.127930
v -0.012024 0.332031 0.126953
v -0.011902 0.337891 0.135742
v 0.081055 0.249023 0.066894
v -0.014404 0.412109 0.094238
v -0.015991 0.412109 0.086426
v -0.045898 0.000877 0.046143
v -0.024292 -0.009094 0.042725
v -0.045654 0.037109 0.040283
v -0.063477 0.010498 0.034424
v -0.070312 -0.018433 0.048096
v 0.100098 -0.462891 0.054932
v 0.085938 -0.462891 0.052002
v 0.088379 -0.474609 0.085449
v -0.353516 -0.129883 0.082520
v -0.351562 -0.128906 0.071289
v 0.094238 0.214844 -0.007355
v -0.063965 0.333984 -0.060791
v -0.066406 0.345703 -0.070313
v -0.050537 0.086914 -0.067871
v -0.027710 0.054932 -0.081055
v -0.062012 0.089355 -0.042969
v 0.049072 0.458984 0.072266
v -0.053467 -0.003799 -0.076660
v 0.129883 -0.466797 0.001358
v -0.025635 0.208984 0.061768
v -0.093262 -0.090820 0.022705
v 0.137695 0.227539 -0.061035
v 0.153320 0.217773 -0.054199
v 0.143555 0.216797 -0.051025
v 0.150391 0.233398 -0.063477
v -0.363281 -0.106445 0.066406
v -0.345703 -0.120117 0.072754
v 0.026611 0.162109 -0.079102
v 0.022339 0.136719 -0.066895
v 0.054443 -0.030151 0.047607
v 0.049805 0.011536 0.047119
v 0.053467 -0.010620 0.053223
v 0.012207 0.332031 0.127930
v 0.113281 -0.445312 -0.043701
v -0.016968 0.100098 0.033691
v -0.101562 0.357422 -0.074707
v -0.080566 0.355469 -0.076172
v -0.098145 0.351562 -0.083984
v -0.314453 0.001312 0.054932
v 0.019165 0.412109 0.010376
v 0.017944 0.396484 0.022339
v 0.000175 0.410156 0.021240
v 0.054199 -0.004486 -0.075684
v 0.065918 -0.000101 -0.073242
v 0.069824 0.213867 0.032227
v -0.014893 0.423828 0.132812
v -0.014038 0.435547 0.132812
v -0.210938 0.179688 -0.026245
v -0.194336 0.202148 -0.047607
v -0.193359 0.202148 -0.018921
v 0.029297 0.367188 0.040771
v 0.115723 -0.357422 -0.004364
v -0.027344 -0.143555 0.019165
v -0.030029 -0.155273 0.034912
v -0.114746 -0.476562 0.123535
v -0.115723 -0.490234 0.123535
v -0.016724 0.371094 -0.032227
v 0.000214 0.365234 -0.041748
v -0.000168 0.373047 -0.062988
v -0.050781 0.066406 -0.063965
v -0.028320 0.065918 -0.077148
v -0.062500 0.069824 -0.082031
v -0.086426 0.068359 -0.054199
v 0.041016 0.408203 0.095215
v 0.064941 -0.153320 -0.031494
v -0.145508 0.232422 0.011658
v -0.169922 0.215820 0.001053
v -0.160156 0.203125 0.006165
v -0.357422 -0.093262 0.024414
v 0.055420 0.269531 0.077148
v 0.082520 0.091309 -0.091797
v 0.083496 0.098633 -0.090332
v 0.000061 -0.015564 0.041992
v -0.020874 -0.028076 0.029419
v 0.024414 -0.009644 0.042480
v 0.084961 -0.496094 0.088379
v 0.067383 0.359375 -0.101074
v 0.014465 0.421875 0.131836
v 0.015991 0.421875 0.129883
v 0.000641 0.425781 0.129883
v 0.102051 -0.153320 -0.015869
v 0.065918 0.026733 0.019775
v -0.103027 -0.209961 0.003281
v 0.027222 0.386719 -0.005798
v 0.032227 0.384766 0.002640
v 0.048584 0.281250 0.072266
v 0.055420 -0.009827 -0.075195
v 0.074707 -0.145508 0.068848
v -0.104980 0.241211 -0.035889
v 0.359375 -0.113281 0.046143
v 0.063477 0.103516 -0.100098
v -0.373047 -0.080566 0.063965
v 0.058105 0.273438 -0.071289
v -0.084473 0.025635 -0.050781
v -0.053955 0.025635 -0.064453
v 0.039551 0.400391 0.081543
v 0.032227 0.380859 0.081055
v 0.043457 0.410156 0.079590
v -0.035889 0.269531 0.062988
v -0.099609 -0.460938 0.055176
v -0.103516 -0.445312 0.018677
v -0.337891 -0.041748 0.067871
v -0.349609 -0.061035 0.054688
v -0.326172 -0.036377 0.062988
v -0.047363 0.107422 -0.034180
v 0.167969 0.223633 -0.039551
v -0.038574 0.423828 0.078125
v 0.070312 0.069336 -0.104004
v 0.020996 0.490234 0.027222
v 0.041260 0.478516 0.035400
v 0.045898 0.458984 0.042236
v 0.021362 -0.029907 0.045898
v -0.176758 0.230469 -0.043457
v -0.177734 0.227539 -0.014648
v 0.076660 0.104980 -0.097168
v -0.023804 0.498047 0.055420
v 0.063477 0.373047 0.038574
v 0.063965 0.376953 0.031128
v 0.022095 0.263672 0.051514
v -0.057617 0.345703 0.054199
v -0.051270 0.223633 0.086914
v -0.032471 -0.156250 0.015991
v -0.141602 -0.490234 0.115234
v -0.074219 0.102051 -0.041748
v -0.328125 -0.016479 0.058350
v 0.105957 -0.150391 0.027710
v -0.066895 0.355469 -0.088379
v -0.049805 0.376953 0.042725
v -0.064453 0.369141 0.036133
v -0.043457 0.367188 0.031494
v -0.054443 0.361328 0.041992
v 0.326172 0.023438 0.000370
v -0.015747 0.408203 0.108887
v -0.200195 0.121582 -0.014587
v 0.291016 -0.071777 0.080078
v 0.112793 -0.308594 -0.055664
v -0.049560 0.150391 0.030151
v -0.093262 -0.138672 0.055176
v 0.147461 -0.478516 0.092285
v -0.014648 -0.042480 -0.006409
v -0.028809 0.431641 0.121582
v 0.337891 -0.054199 0.008057
v 0.071777 0.384766 0.005920
v 0.080566 0.394531 -0.018921
v 0.047607 -0.166992 0.004547
v 0.053467 -0.201172 0.028565
v 0.094238 0.184570 -0.003372
v 0.000645 -0.029053 -0.077148
v 0.060303 0.285156 0.072266
v -0.055176 0.150391 0.013306
v -0.347656 -0.109375 0.015869
v -0.322266 -0.110840 0.023682
v 0.000214 0.134766 -0.082520
v 0.079102 0.231445 0.064453
v 0.073730 0.242188 0.070312
v -0.044922 0.427734 0.077148
v -0.045654 0.441406 0.079590
v -0.265625 0.056641 -0.021606
v -0.053223 0.027588 -0.095215
v 0.000103 0.414062 -0.026611
v -0.008667 0.402344 -0.038086
v 0.064941 0.012268 -0.070801
v -0.088867 -0.209961 -0.013306
v 0.027710 0.066406 -0.077637
v 0.060059 0.026856 0.040771
v -0.079102 0.189453 0.048828
v 0.339844 -0.069336 0.009888
v 0.355469 -0.067383 0.010071
v 0.347656 -0.086426 0.012878
v 0.052002 0.025879 0.031982
v -0.337891 -0.026977 0.061768
v -0.027588 -0.138672 0.005737
v 0.076660 0.151367 0.002289
v 0.067871 0.355469 -0.090820
v 0.066406 0.316406 -0.114258
v -0.063965 0.332031 -0.087891
v 0.028931 0.431641 0.121094
v 0.067383 -0.157227 -0.029175
v -0.062012 0.025513 -0.075684
v 0.025879 0.382812 0.083496
v 0.018555 0.359375 0.084473
v -0.047607 0.251953 0.076660
v 0.173828 0.269531 -0.075684
v 0.156250 0.285156 -0.084473
v 0.298828 -0.069824 0.094727
v 0.298828 -0.072266 0.086426
v 0.229492 0.153320 -0.047852
v -0.082031 0.345703 -0.068848
v 0.017456 0.373047 -0.032715
v 0.079102 0.101074 -0.094238
v -0.172852 0.167969 -0.014404
v 0.026001 -0.009216 -0.081055
v -0.000641 -0.009644 -0.086426
v -0.333984 0.005463 0.007385
v 0.001038 0.394531 -0.020264
v -0.080078 0.203125 0.058838
v 0.095703 0.210938 0.046875
v 0.099121 0.208984 0.024170
v -0.355469 -0.104004 0.068359
v 0.075195 0.046875 -0.025635
v 0.085449 0.008850 -0.023193
v -0.178711 0.173828 0.006287
v -0.056152 0.285156 0.087891
v 0.166992 0.233398 -0.027588
v -0.161133 -0.478516 0.079590
v -0.078613 -0.140625 0.065430
v -0.030029 -0.160156 0.001740
v -0.104004 -0.147461 -0.013672
v -0.089355 -0.020874 0.020264
v -0.073730 0.189453 0.068359
v 0.251953 0.154297 -0.070801
v 0.255859 0.150391 -0.078613
v 0.239258 0.158203 -0.056152
v 0.057617 0.357422 -0.091309
v 0.067871 0.314453 -0.104004
v 0.135742 0.296875 -0.081055
v -0.049560 0.359375 0.035156
v -0.316406 0.013184 -0.003937
v -0.077148 0.151367 0.002686
v 0.302734 -0.054687 0.083496
v 0.000603 0.408203 -0.050049
v 0.285156 -0.069824 0.084961
v 0.287109 -0.065918 0.096191
v -0.000397 0.064941 -0.072266
v 0.040527 0.402344 0.089844
v -0.106445 -0.149414 0.043701
v 0.028931 0.068359 0.041748
v -0.038086 -0.151367 -0.027710
v 0.087402 0.261719 0.046387
v -0.068848 -0.163086 -0.036377
v 0.029907 -0.158203 -0.022339
v -0.191406 0.187500 0.001862
v -0.069336 0.343750 -0.060303
v -0.324219 -0.000595 -0.004242
v -0.026489 0.281250 -0.091797
v -0.012329 0.269531 -0.091797
v -0.047852 0.253906 -0.087402
v 0.098633 0.201172 0.014526
v 0.023682 0.353516 0.126953
v 0.000015 0.363281 0.081055
v 0.096191 -0.215820 0.053711
v 0.162109 0.241211 -0.036133
v 0.058594 0.273438 -0.078125
v -0.013916 0.355469 0.132812
v 0.001755 0.347656 0.089355
v 0.073242 0.404297 -0.038574
v 0.012268 0.361328 0.082031
v -0.316406 -0.025269 0.063477
v -0.109375 -0.431641 0.003906
v -0.028320 0.085449 -0.082520
v 0.000336 0.106445 -0.076660
v 0.012939 0.357422 0.133789
v 0.140625 0.240234 -0.071289
v 0.056450 0.004834 -0.072862
v 0.296825 -0.031401 0.065448
v 0.000266 0.307825 -0.083363
v -0.060071 0.340157 -0.054082
v -0.059932 0.004743 -0.073671
v 0.000760 0.384984 0.006613
v 0.063294 0.276254 -0.074044
v 0.051545 0.087766 -0.060982
v 0.150711 0.221655 -0.049085
v 0.091220 0.296428 -0.047466
v -0.053232 0.088870 -0.061125
v 0.167139 0.233500 -0.037583
v 0.232620 0.148404 -0.048490
v -0.085449 0.200195 -0.053955
v -0.079102 0.189453 -0.054932
v -0.078247 0.197687 -0.057785
v -0.069336 0.195312 -0.061279
v -0.078613 0.206055 -0.060059
v -0.065882 0.337868 -0.053358
vn -0.5669 -0.3865 -0.7275
vn 0.7658 -0.4431 -0.4661
vn 0.5226 -0.8521 -0.0295
vn -0.9321 -0.0063 -0.3621
vn -0.5866 0.1943 -0.7862
vn -0.6379 -0.7465 -0.1892
vn 0.5663 0.0728 -0.8210
vn 0.8984 -0.0525 0.4360
vn 0.9031 0.3039 0.3034
vn 0.7580 0.4309 0.4897
vn 0.8805 -0.3721 0.2937
vn 0.8320 -0.2194 0.5096
vn 0.1747 -0.3410 -0.9237
vn 0.4104 -0.1212 -0.9038
vn 0.7304 -0.0686 -0.6796
vn 0.7075 -0.2129 -0.6739
vn -0.0278 -0.6386 -0.7690
vn -0.5102 -0.3835 -0.7698
vn -0.4042 -0.4847 -0.7757
vn 0.1658 -0.2887 -0.9430
vn -0.2209 -0.3900 0.8939
vn 0.0906 0.1915 0.9773
vn -0.8067 -0.0639 0.5875
vn -0.0912 -0.9938 0.0637
vn 0.0235 -0.8877 0.4598
vn 0.1215 0.3803 0.9169
vn -0.5567 -0.6863 0.4680
vn -0.9659 0.1951 0.1704
vn -0.9210 0.2696 0.2813
vn -0.7288 0.1739 0.6622
vn -0.9905 0.1291 -0.0468
vn -0.9807 0.1029 -0.1664
vn -0.8102 0.2839 0.5128
vn -0.9695 0.1578 0.1876
vn 0.1722 0.8049 0.5678
vn 0.8820 -0.1006 0.4604
vn 0.7255 0.0635 0.6853
vn 0.1767 0.9723 0.1528
vn -0.8857 0.2622 -0.3832
vn -0.0237 0.9304 0.3658
vn -0.1854 -0.1413 0.9725
vn -0.5984 -0.4565 0.6584
vn 0.0294 -0.5051 0.8625
vn -0.7651 -0.1754 0.6195
vn 0.6658 0.0572 0.7439
vn 0.5739 0.1216 0.8098
vn -0.3964 -0.0402 0.9172
vn 0.6961 -0.1466 -0.7028
vn 0.8284 -0.5595 0.0267
vn 0.7115 -0.3462 -0.6114
vn 0.0451 0.3868 -0.9211
vn 0.4434 0.0278 -0.8959
vn 0.0230 0.3568 -0.9339
vn 0.1097 -0.9744 -0.1962
vn 0.2508 -0.6764 -0.6925
vn 0.3982 0.2922 0.8695
vn 0.1420 0.3445 0.9280
vn 0.8710 -0.4686 0.1476
vn -0.6122 0.0627 0.7882
vn -0.7578 0.0726 0.6484
vn 0.9654 -0.1302 -0.2260
vn 0.6118 0.4307 0.6635
vn -0.9112 -0.3417 -0.2299
vn -0.7676 0.2879 0.5726
vn -0.5967 0.4131 0.6880
vn -0.7126 -0.1900 -0.6754
vn 0.6491 -0.3040 -0.6973
vn -0.3592 -0.6594 -0.6604
vn -0.5783 0.7834 0.2277
vn -0.5329 -0.7480 0.3957
vn -0.9433 0.2262 -0.2429
vn 0.3788 -0.7655 -0.5201
vn 0.7984 -0.5077 0.3237
vn -0.6419 0.3753 0.6687
vn -0.3426 0.5018 0.7942
vn -0.0220 -0.3832 -0.9234
vn -0.3551 -0.2996 -0.8855
vn -0.2922 -0.0560 -0.9547
vn -0.3157 -0.2116 -0.9250
vn -0.5225 -0.4034 -0.7512
vn -0.2008 -0.2213 -0.9543
vn -0.0260 -0.3059 -0.9517
vn 0.3552 -0.2573 -0.8987
vn 0.4905 -0.3769 -0.7857
vn 0.8784 -0.2638 -0.3985
vn 0.9594 -0.0395 -0.2794
vn -0.3507 0.1039 -0.9307
vn -0.5492 -0.1737 -0.8174
vn 0.5637 0.0109 -0.8259
vn 0.4641 -0.6126 0.6398
vn 0.1840 -0.8716 0.4545
vn -0.2162 -0.7093 0.6709
vn 0.7292 -0.5123 0.4536
vn 0.3843 -0.3218 0.8653
vn 0.4804 -0.0023 0.8771
vn 0.6006 -0.3822 0.7023
vn 0.2929 -0.2468 0.9237
vn -0.8150 0.1661 -0.5551
vn 0.2204 0.2194 -0.9504
vn -0.7890 0.4378 -0.4311
vn -0.9187 0.3805 0.1061
vn -0.3326 0.2432 -0.9112
vn -0.9517 0.0800 0.2964
vn -0.6506 -0.1301 0.7482
vn 0.1874 0.2760 -0.9427
vn -0.7283 -0.1854 0.6597
vn -0.9525 -0.2463 -0.1790
vn -0.6565 -0.0380 -0.7533
vn -0.7751 -0.4566 -0.4367
vn -0.6659 -0.7264 0.1700
vn -0.9673 -0.0849 0.2390
vn -0.9915 -0.0902 -0.0934
vn 0.5560 -0.7069 0.4371
vn 0.7659 -0.6361 0.0937
vn 0.6066 -0.7935 -0.0495
vn 0.5695 -0.2678 0.7772
vn 0.2604 0.0003 0.9655
vn 0.5758 -0.4779 0.6634
vn -0.0083 0.5330 0.8461
vn 0.0077 0.4902 0.8716
vn -0.0032 0.3138 0.9495
vn 0.2434 0.5375 0.8074
vn 0.2329 0.5404 0.8085
vn -0.0521 -0.1624 0.9853
vn 0.5148 -0.5300 0.6738
vn 0.9652 0.1543 -0.2111
vn 0.8635 0.2685 0.4269
vn 0.9725 0.2072 0.1061
vn 0.9603 0.0864 0.2652
vn 0.9323 0.2113 0.2936
vn 0.6932 0.0128 -0.7206
vn 0.6562 -0.1132 -0.7460
vn 0.9754 -0.0011 -0.2203
vn 0.6959 0.0373 -0.7172
vn 0.9697 -0.2082 -0.1276
vn -0.2284 -0.4637 -0.8560
vn -0.5042 -0.4978 -0.7057
vn 0.2487 0.4270 0.8694
vn 0.3801 0.4845 0.7879
vn 0.9704 -0.2401 0.0272
vn 0.9739 -0.0671 -0.2170
vn 0.7932 0.6087 0.0178
vn -0.5194 0.7929 0.3186
vn -0.2259 0.8365 0.4993
vn 0.7888 0.1245 0.6018
vn 0.6319 -0.7679 0.1053
vn 0.4556 -0.7980 0.3945
vn 0.7076 0.6631 0.2440
vn 0.2131 -0.8782 0.4281
vn 0.7556 -0.0246 0.6545
vn 0.1345 -0.9736 -0.1843
vn 0.9479 0.2913 -0.1287
vn -0.6358 0.0259 -0.7714
vn -0.3212 -0.6527 0.6862
vn -0.6147 -0.2311 -0.7541
vn 0.3833 -0.9148 0.1276
vn -0.0143 -0.9998 0.0118
vn 0.0251 -0.9996 -0.0152
vn 0.9036 -0.3349 -0.2671
vn 0.9156 0.3863 0.1115
vn 0.7757 -0.3292 0.5384
vn 0.8478 0.3270 0.4176
vn -0.7765 0.6179 -0.1233
vn 0.6804 0.6766 -0.2817
vn -0.6624 0.7478 -0.0437
vn -0.6211 -0.4635 0.6320
vn -0.6222 0.6863 0.3766
vn 0.3679 0.9033 0.2208
vn -0.5974 -0.6860 0.4154
vn -0.8925 0.2834 0.3510
vn -0.9190 0.2065 0.3360
vn -0.9757 0.1085 -0.1906
vn -0.8152 0.1956 0.5452
vn -0.7268 -0.2144 0.6525
vn 0.5200 0.5842 0.6231
vn 0.6808 -0.0263 0.7320
vn -0.8569 0.2490 0.4514
vn -0.7049 0.1259 -0.6981
vn -0.7137 -0.4260 -0.5560
vn -0.8095 -0.2437 0.5342
vn 0.2061 0.7221 0.6604
vn 0.5295 0.4516 0.7181
vn 0.7942 0.4793 0.3735
vn -0.7952 0.5609 0.2301
vn -0.6708 0.7237 0.1621
vn 0.3811 0.5004 0.7774
vn -0.5681 0.7702 0.2900
vn 0.1950 0.7064 0.6804
vn -0.9931 0.0334 -0.1125
vn 0.0274 0.9992 -0.0289
vn -0.9978 0.0655 -0.0128
vn -0.0253 -0.8494 -0.5271
vn 0.0534 -0.9591 -0.2779
vn -0.9122 0.0086 0.4097
vn -0.2964 0.8165 0.4954
vn -0.3187 -0.1337 -0.9384
vn -0.2096 -0.1698 -0.9629
vn -0.1911 -0.3284 -0.9250
vn -0.7422 -0.0839 -0.6649
vn -0.7158 0.0150 -0.6982
vn -0.1410 0.1840 -0.9728
vn -0.4661 0.1028 -0.8787
vn -0.4957 -0.1149 -0.8609
vn 0.8660 0.0323 -0.4990
vn 0.7390 0.0857 -0.6683
vn -0.7941 -0.3136 -0.5206
vn -0.8555 0.1410 0.4982
vn -0.9237 0.0829 0.3740
vn -0.1589 -0.1627 -0.9738
vn -0.9255 0.3642 0.1039
vn -0.9843 0.1731 0.0346
vn -0.9485 -0.3169 -0.0008
vn 0.0379 0.8998 0.4347
vn -0.8167 0.2848 0.5018
vn -0.6942 0.5583 0.4543
vn -0.4380 0.3916 0.8092
vn 0.2468 0.0150 0.9689
vn 0.3715 0.2284 0.8999
vn -0.8906 0.4424 0.1050
vn -0.8731 0.4873 0.0128
vn -0.3385 0.6497 0.6806
vn -0.4688 0.4525 0.7586
vn -0.8030 0.1452 0.5780
vn -0.0926 0.4069 0.9088
vn 0.7151 0.2534 0.6515
vn -0.8734 0.4868 -0.0166
vn -0.6352 -0.0900 -0.7671
vn 0.5391 -0.2661 0.7991
vn 0.6007 -0.7340 0.3169
vn -0.9743 -0.0633 -0.2163
vn 0.1854 0.1661 -0.9685
vn 0.3818 0.2544 -0.8885
vn -0.0082 0.2799 -0.9600
vn 0.3438 0.0263 -0.9387
vn 0.2683 0.0207 -0.9631
vn 0.3836 0.2193 -0.8971
vn 0.3018 0.4495 -0.8408
vn -0.6063 -0.6371 0.4759
vn -0.0112 -0.8947 0.4465
vn 0.4085 -0.9048 0.1198
vn -0.4961 0.7107 0.4987
vn -0.2699 -0.5887 0.7620
vn 0.6656 -0.4321 0.6085
vn -0.4041 0.2848 0.8693
vn -0.7827 -0.2848 0.5535
vn -0.7544 0.5624 0.3385
vn -0.6996 0.4167 0.5804
vn -0.9292 -0.1923 0.3155
vn -0.8446 -0.4570 0.2789
vn -0.9777 -0.1895 0.0910
vn -0.4401 0.0010 -0.8980
vn -0.0244 0.0065 -0.9997
vn 0.3145 -0.1553 -0.9365
vn 0.4503 -0.1024 -0.8870
vn 0.5188 0.8473 -0.1136
vn 0.8134 0.5745 0.0911
vn 0.6651 0.2293 0.7107
vn 0.5410 0.4356 -0.7195
vn 0.3304 0.6283 -0.7043
vn 0.0474 0.7853 0.6174
vn 0.6728 0.7317 -0.1093
vn 0.4600 0.4636 -0.7573
vn 0.5635 0.1120 -0.8185
vn 0.0350 -0.1162 -0.9926
vn 0.7005 0.1686 -0.6935
vn -0.0851 -0.1614 -0.9832
vn 0.4415 -0.0822 -0.8935
vn 0.7931 0.1574 -0.5884
vn 0.8790 0.1186 -0.4619
vn -0.5582 -0.1210 0.8209
vn -0.9923 -0.0041 0.1235
vn -0.9089 -0.2493 0.3343
vn -0.6216 0.2275 0.7496
vn -0.5530 -0.3585 0.7521
vn -0.9237 -0.0065 0.3831
vn -0.9254 0.0204 0.3784
vn -0.3520 0.0023 0.9360
vn -0.3131 -0.0266 0.9493
vn -0.8570 -0.0350 0.5142
vn -0.9884 -0.1516 -0.0055
vn -0.5327 -0.2439 0.8104
vn -0.7329 0.4009 -0.5497
vn -0.8283 0.5304 -0.1805
vn -0.5519 -0.3190 0.7704
vn 0.6628 -0.4196 0.6202
vn 0.5922 -0.5586 0.5808
vn -0.6413 -0.7321 0.2297
vn 0.5879 0.1694 -0.7910
vn -0.7175 -0.4216 -0.5545
vn 0.3530 0.1192 -0.9280
vn 0.6671 0.0606 -0.7425
vn 0.8828 0.3230 -0.3411
vn -0.0083 -0.7629 -0.6465
vn 0.1873 -0.5692 -0.8006
vn -0.0038 -0.7094 -0.7048
vn -0.4614 -0.3339 0.8219
vn -0.0000 -0.8442 0.5360
vn 0.5524 -0.4532 0.6997
vn -0.0380 -0.6949 -0.7181
vn 0.0284 -0.6980 -0.7155
vn -0.0135 -0.9275 -0.3737
vn 0.1630 0.9865 -0.0184
vn 0.1860 0.9824 -0.0167
vn 0.0706 0.4637 0.8832
vn -0.0073 0.9966 -0.0819
vn -0.4855 0.8041 0.3431
vn 0.5750 0.5154 0.6354
vn -0.4393 0.8654 0.2409
vn -0.7053 -0.2713 -0.6549
vn -0.8611 -0.2323 -0.4522
vn 0.8382 0.3392 0.4269
vn -0.9843 -0.1292 0.1199
vn -0.9658 -0.2415 0.0942
vn -0.9826 -0.1720 0.0699
vn -0.9887 -0.1427 -0.0463
vn -0.9077 -0.1598 0.3880
vn -0.8849 -0.1499 0.4410
vn -0.2868 -0.2916 0.9125
vn -0.9248 -0.3730 -0.0750
vn -0.2611 -0.9584 -0.1157
vn -0.4598 -0.3568 0.8132
vn -0.3017 0.8551 0.4217
vn 0.4838 0.8643 0.1377
vn -0.1187 -0.5571 0.8219
vn 0.9325 0.0911 0.3494
vn -0.1706 0.3633 0.9159
vn -0.0765 0.2592 0.9628
vn 0.8712 0.4887 0.0467
vn 0.6466 -0.2861 -0.7072
vn 0.6726 -0.4416 0.5939
vn 0.5277 0.4693 0.7080
vn -0.6049 -0.0510 0.7946
vn -0.4486 -0.4408 0.7775
vn 0.3974 0.8407 0.3679
vn 0.3997 0.2104 -0.8922
vn 0.0839 0.5374 0.8392
vn 0.4660 0.2623 -0.8450
vn -0.3579 -0.4233 0.8323
vn 0.8970 0.0546 0.4386
vn 0.5867 0.0881 -0.8050
vn 0.8096 0.5298 0.2528
vn 0.9877 -0.1521 0.0358
vn 0.8262 -0.3757 -0.4198
vn 0.7694 0.4994 0.3983
vn 0.6841 0.6110 -0.3983
vn 0.2802 0.9140 -0.2933
vn 0.8744 -0.1680 0.4552
vn 0.8971 -0.1516 0.4150
vn 0.6382 0.4104 -0.6514
vn -0.6540 0.3512 -0.6700
vn 0.3447 -0.4584 -0.8192
vn -0.1438 -0.2163 -0.9657
vn 0.0832 -0.1575 -0.9840
vn -0.0083 -0.6112 -0.7914
vn 0.6203 -0.6048 -0.4994
vn -0.0113 -0.2240 -0.9745
vn 0.1623 -0.4847 -0.8595
vn 0.8061 -0.2262 0.5468
vn 0.4984 0.0174 0.8668
vn 0.4738 0.4916 0.7306
vn 0.9969 -0.0665 0.0429
vn 0.4798 -0.4081 0.7767
vn 0.6632 0.1514 0.7330
vn 0.9445 0.0918 0.3153
vn 0.6626 -0.1168 0.7398
vn -0.3849 0.3435 -0.8567
vn -0.9661 0.1529 -0.2081
vn -0.4553 0.2670 -0.8494
vn 0.3520 0.4362 -0.8282
vn 0.4212 0.5041 -0.7540
vn -0.9626 0.0098 -0.2709
vn -0.9919 0.0647 -0.1096
vn 0.1842 0.3905 -0.9020
vn -0.4878 0.2250 -0.8435
vn -0.4054 0.8323 0.3780
vn -0.7096 0.3301 -0.6225
vn -0.8895 -0.1608 -0.4278
vn -0.6329 0.7718 0.0616
vn 0.9709 0.2151 -0.1058
vn 0.1588 0.9809 -0.1124
vn 0.8506 0.2315 0.4721
vn -0.5947 -0.6536 0.4681
vn -0.6021 0.3816 0.7013
vn -0.9376 0.2438 -0.2479
vn -0.6533 -0.4940 -0.5737
vn -0.6880 -0.6820 -0.2480
vn -0.2954 -0.0509 0.9540
vn -0.7699 -0.1691 0.6154
vn -0.8159 -0.5636 -0.1292
vn -0.3532 -0.6190 0.7015
vn -0.0678 -0.2592 0.9634
vn -0.4286 -0.8927 -0.1393
vn -0.6059 0.1138 -0.7873
vn -0.8772 -0.2204 -0.4265
vn 0.2631 -0.4930 -0.8293
vn 0.1730 -0.4516 0.8753
vn 0.3767 -0.8592 -0.3462
vn -0.7853 -0.2835 -0.5504
vn -0.5621 -0.2661 0.7831
vn -0.5553 -0.5767 -0.5992
vn 0.3233 -0.3278 -0.8877
vn -0.8173 0.2419 -0.5229
vn -0.6884 0.2885 0.6655
vn -0.5874 -0.4760 0.6545
vn -0.5904 -0.2022 -0.7814
vn -0.7213 0.2878 0.6300
vn 0.7410 0.0664 0.6682
vn -0.3165 -0.7796 0.5404
vn 0.7992 0.0622 0.5978
vn -0.5537 0.0160 -0.8326
vn 0.0319 -0.9976 -0.0607
vn 0.6572 -0.6759 0.3334
vn 0.1175 -0.9487 0.2936
vn -0.5381 -0.6982 -0.4722
vn 0.1521 -0.9830 -0.1027
vn 0.8137 -0.5756 -0.0811
vn -0.2899 -0.9444 -0.1552
vn -0.1626 -0.9459 0.2808
vn 0.9344 -0.3556 0.0221
vn 0.7535 -0.6458 0.1233
vn -0.4378 -0.8835 -0.1666
vn 0.7562 -0.2033 -0.6220
vn 0.7334 0.6473 0.2075
vn 0.8134 0.5250 0.2504
vn 0.5056 -0.6536 0.5631
vn -0.0013 -0.2369 0.9715
vn -0.0032 0.9923 0.1240
vn 0.0175 -0.2465 0.9690
vn -0.0063 -0.9898 -0.1422
vn -0.6886 0.7172 0.1072
vn -0.6393 0.5115 -0.5742
vn -0.5445 0.6385 -0.5440
vn -0.3030 0.7285 0.6144
vn -0.3275 0.6841 0.6518
vn -0.4742 0.6962 0.5389
vn -0.5950 0.7923 -0.1349
vn -0.4779 0.8782 -0.0198
vn -0.5114 0.6671 0.5417
vn -0.8041 0.5817 0.1227
vn 0.2077 -0.0669 0.9759
vn -0.3254 0.5627 0.7599
vn -0.8103 0.5672 0.1471
vn 0.3328 -0.3288 0.8838
vn 0.9178 -0.0477 0.3943
vn 0.9902 0.1063 0.0903
vn 0.8894 0.1196 -0.4413
vn 0.9607 0.0385 -0.2750
vn 0.9506 0.1229 0.2850
vn 0.9575 0.1996 0.2083
vn -0.6935 -0.0584 0.7181
vn 0.7357 -0.2226 0.6397
vn 0.6841 -0.2326 0.6913
vn -0.6917 -0.2757 0.6675
vn -0.8925 0.1498 -0.4254
vn -0.6746 0.1303 -0.7266
vn -0.4679 0.6506 0.5981
vn 0.7563 -0.2201 0.6161
vn 0.8781 -0.4593 0.1341
vn 0.9782 0.2011 0.0516
vn 0.9223 0.3638 0.1306
vn 0.7176 0.6687 0.1945
vn 0.1236 -0.9748 0.1859
vn 0.9951 -0.0773 -0.0624
vn -0.0153 -0.5876 0.8090
vn -0.6589 -0.6877 0.3048
vn -0.2341 -0.4934 0.8377
vn 0.6919 0.2937 0.6596
vn -0.2683 -0.3792 0.8856
vn -0.9319 -0.1569 0.3269
vn -0.8322 0.5188 0.1957
vn -0.5452 -0.5984 -0.5871
vn -0.5377 -0.7398 0.4044
vn -0.2547 0.8077 0.5317
vn -0.6912 -0.7190 0.0731
vn -0.9777 -0.2073 0.0345
vn -0.3979 -0.7889 -0.4683
vn -0.4744 -0.0716 -0.8774
vn -0.0672 -0.2417 -0.9680
vn -0.3923 -0.0685 -0.9173
vn -0.6570 0.0087 -0.7539
vn -0.7505 0.0458 -0.6592
vn -0.6626 -0.1556 -0.7326
vn 0.8570 -0.3234 0.4011
vn -0.7177 -0.6960 0.0212
vn 0.9008 -0.4334 0.0265
vn 0.8743 0.4816 0.0613
vn 0.4414 0.3962 0.8051
vn 0.4675 0.4269 0.7741
vn 0.7578 0.6483 0.0737
vn 0.7849 0.3395 -0.5183
vn 0.8577 0.2672 -0.4393
vn 0.8888 0.4534 0.0664
vn -0.2362 0.5690 0.7877
vn -0.2144 0.5507 0.8067
vn -0.0840 0.3176 0.9445
vn 0.2607 0.5519 0.7921
vn -0.0085 0.5748 0.8183
vn 0.0259 -0.9997 0.0023
vn -0.7795 -0.3177 0.5398
vn -0.9385 -0.3006 0.1699
vn 0.0452 -0.9990 0.0042
vn -0.0104 -0.9999 -0.0017
vn -0.2399 -0.1529 -0.9587
vn -0.6972 0.0174 -0.7167
vn 0.5972 0.6014 -0.5307
vn -0.1383 -0.1573 -0.9778
vn -0.6506 -0.7592 0.0177
vn -0.7168 -0.6613 -0.2210
vn 0.6336 0.7698 -0.0766
vn -0.8745 0.4844 0.0259
vn -0.1055 -0.8832 0.4570
vn -0.5872 -0.6929 -0.4184
vn -0.8609 0.4906 0.1348
vn -0.1261 0.8879 0.4423
vn 0.2270 0.9581 0.1749
vn 0.1055 -0.0392 -0.9936
vn -0.2772 0.5216 -0.8069
vn -0.5756 0.4486 -0.6837
vn 0.5801 -0.4342 -0.6892
vn 0.2038 0.0621 -0.9770
vn 0.5647 -0.4816 -0.6702
vn 0.7738 -0.4716 -0.4229
vn -0.0446 0.0097 -0.9990
vn -0.2102 -0.4565 0.8645
vn -0.2730 0.1197 0.9545
vn -0.8109 -0.5162 0.2756
vn 0.6837 0.4274 0.5915
vn -0.4373 -0.7656 -0.4718
vn 0.7984 0.0292 -0.6014
vn -0.5343 -0.7541 -0.3820
vn -0.2450 -0.9251 -0.2901
vn -0.6759 -0.5907 -0.4407
vn 0.7140 -0.6570 -0.2420
vn -0.2467 -0.1139 -0.9624
vn -0.9122 -0.0466 -0.4070
vn 0.6367 0.1494 0.7565
vn 0.8557 0.0645 0.5134
vn -0.2562 -0.9506 -0.1751
vn 0.6008 -0.5443 0.5855
vn 0.7644 -0.5047 -0.4013
vn -0.7578 0.6392 -0.1309
vn -0.5103 0.8043 -0.3045
vn -0.7190 0.6937 -0.0425
vn -0.9626 0.2703 0.0185
vn -0.7672 -0.3680 -0.5253
vn -0.8276 0.5406 0.1511
vn -0.2890 0.4374 -0.8516
vn 0.8787 0.4505 0.1579
vn 0.4275 0.6815 0.5940
vn 0.9990 0.0274 0.0341
vn 0.3750 0.9270 0.0100
vn 0.9931 0.0527 0.1046
vn 0.5917 0.3533 -0.7246
vn 0.2524 0.4589 -0.8519
vn 0.9663 0.1494 -0.2097
vn 0.9290 0.3588 0.0908
vn 0.9668 -0.0794 0.2427
vn 0.8959 0.2580 -0.3617
vn 0.9890 -0.1229 -0.0825
vn 0.7092 -0.0431 -0.7037
vn 0.9583 0.0037 -0.2857
vn 0.9389 0.2013 0.2791
vn 0.9633 0.0803 0.2562
vn 0.9633 0.0613 -0.2612
vn 0.5448 -0.1079 -0.8316
vn 0.5258 -0.1778 -0.8318
vn -0.5963 -0.2713 -0.7555
vn -0.9259 0.3065 0.2206
vn -0.9519 0.2125 0.2208
vn -0.9641 -0.1359 -0.2281
vn -0.9152 0.2525 0.3140
vn -0.8189 0.5331 0.2127
vn -0.8602 0.4016 -0.3142
vn -0.9405 -0.0111 -0.3396
vn 0.4244 -0.3238 -0.8456
vn -0.3072 -0.5509 -0.7760
vn -0.5018 -0.3634 -0.7849
vn 0.8274 -0.3221 -0.4601
vn 0.8448 -0.2641 -0.4653
vn 0.9259 -0.2497 -0.2834
vn 0.4964 -0.6640 -0.5592
vn -0.2098 -0.2583 -0.9430
vn 0.9326 0.3317 -0.1422
vn 0.9749 0.1160 -0.1902
vn 0.8335 0.2243 0.5050
vn 0.5763 0.2751 -0.7695
vn 0.9816 0.0907 -0.1683
vn 0.4787 -0.1891 0.8574
vn -0.2602 -0.3486 0.9004
vn 0.1143 0.3655 0.9238
vn -0.0087 -0.0926 0.9957
vn -0.0280 -0.3985 0.9168
vn -0.0031 0.2324 0.9726
vn 0.2207 -0.3453 0.9122
vn 0.0615 -0.4475 0.8922
vn 0.5466 -0.4766 0.6886
vn 0.1835 0.1553 0.9707
vn 0.4135 0.0318 0.9100
vn -0.0624 0.1434 0.9877
vn 0.2745 0.1185 0.9543
vn 0.2951 0.1999 0.9343
vn 0.5908 0.3404 0.7315
vn 0.9795 0.1972 -0.0402
vn 0.4887 0.7204 0.4921
vn 0.0641 -0.0876 0.9941
vn 0.0426 0.2874 0.9569
vn 0.0467 0.3659 0.9295
vn 0.0180 0.1067 0.9941
vn 0.1021 0.1301 0.9862
vn 0.3497 0.3703 0.8606
vn 0.4371 0.5185 0.7349
vn -0.1513 0.3328 0.9308
vn -0.5756 -0.8063 -0.1364
vn 0.9058 -0.4199 -0.0568
vn -0.5092 -0.8495 -0.1381
vn -0.9162 0.3587 0.1786
vn -0.9769 0.2085 -0.0468
vn -0.5986 -0.8005 0.0293
vn -0.3598 -0.3391 -0.8692
vn -0.3157 -0.4837 -0.8163
vn 0.4814 -0.6175 -0.6221
vn 0.8262 -0.3814 -0.4147
vn 0.7413 0.2560 -0.6204
vn 0.0233 0.0272 0.9994
vn -0.0444 -0.2717 0.9614
vn 0.5366 -0.3084 0.7855
vn -0.0225 0.2869 0.9577
vn -0.2157 0.1618 0.9630
vn 0.4744 -0.1766 0.8624
vn 0.2816 -0.4129 0.8661
vn 0.9515 -0.2556 -0.1714
vn 0.6989 -0.6844 -0.2075
vn 0.3470 -0.4003 0.8482
vn 0.7791 -0.1832 0.5995
vn -0.4717 -0.8815 0.0201
vn -0.1112 0.0115 0.9937
vn 0.1689 0.0358 0.9850
vn 0.0613 -0.2560 0.9647
vn -0.0893 -0.6183 0.7809
vn -0.8637 -0.2715 0.4247
vn 0.6602 -0.4003 0.6355
vn 0.7492 -0.5243 0.4047
vn -0.0512 -0.9392 0.3394
vn 0.4168 0.0469 0.9078
vn 0.8668 -0.0647 0.4945
vn 0.0729 -0.1153 0.9906
vn 0.0488 -0.7129 0.6996
vn 0.2652 0.2021 -0.9428
vn 0.0453 0.1231 -0.9914
vn 0.4282 0.0511 -0.9023
vn 0.6734 0.3424 -0.6553
vn 0.5841 0.6030 -0.5434
vn 0.5675 0.6102 -0.5528
vn 0.6189 0.1568 -0.7697
vn -0.1907 -0.9721 -0.1366
vn 0.5460 -0.7967 -0.2591
vn -0.0797 -0.9958 -0.0457
vn -0.8192 -0.5727 -0.0308
vn -0.1413 -0.9796 0.1432
vn 0.7932 -0.5744 -0.2022
vn 0.3024 -0.6165 -0.7270
vn -0.8335 -0.1669 -0.5268
vn -0.7305 0.1763 -0.6598
vn 0.2069 -0.9187 -0.3365
vn 0.8717 -0.1086 0.4779
vn 0.6770 -0.4163 -0.6070
vn 0.0779 0.9965 -0.0295
vn -0.8499 0.3293 0.4113
vn -0.0003 0.9987 -0.0506
vn -0.9184 0.3953 0.0182
vn 0.1127 0.9934 0.0220
vn -0.8963 -0.1263 0.4251
vn -0.6940 0.3524 -0.6278
vn -0.6931 0.0302 0.7202
vn -0.8893 -0.2886 0.3547
vn -0.8106 0.5102 -0.2873
vn 0.5218 -0.6216 0.5842
vn 0.9691 0.0773 0.2344
vn 0.8801 0.4105 0.2388
vn 0.1602 0.3126 0.9363
vn 0.1195 0.2377 0.9640
vn 0.8629 -0.2303 0.4498
vn 0.7722 -0.1829 -0.6085
vn 0.0209 0.2239 0.9744
vn 0.9952 0.0086 0.0980
vn 0.9712 0.0665 0.2290
vn -0.0322 0.2235 0.9742
vn -0.9695 0.0647 0.2363
vn -0.5355 -0.3628 0.7626
vn 0.9514 -0.2580 0.1682
vn 0.7366 -0.0555 0.6740
vn 0.9839 -0.1299 0.1228
vn 0.3612 -0.2135 -0.9077
vn 0.4063 -0.2373 -0.8824
vn 0.9403 -0.2933 0.1725
vn 0.6834 -0.2099 0.6992
vn -0.5758 -0.6392 -0.5099
vn -0.8142 -0.5793 -0.0372
vn -0.6248 -0.6208 0.4736
vn -0.7762 -0.6232 0.0952
vn -0.7713 -0.3166 0.5522
vn -0.0121 -0.9999 0.0053
vn 0.5357 -0.2804 -0.7965
vn -0.0441 -0.9990 -0.0115
vn 0.0116 -0.4773 -0.8787
vn -0.8580 -0.0192 0.5133
vn -0.9424 0.1001 0.3193
vn -0.9652 -0.0438 0.2578
vn -0.9162 -0.1002 0.3880
vn -0.1962 0.0874 0.9766
vn -0.8976 -0.4367 -0.0606
vn -0.8124 -0.0785 0.5778
vn -0.2469 -0.1832 -0.9516
vn -0.7727 0.3605 -0.5225
vn -0.2047 -0.3999 -0.8934
vn -0.6957 0.4200 -0.5828
vn 0.5099 -0.7265 -0.4607
vn 0.7157 -0.4946 -0.4931
vn -0.0114 0.0147 -0.9998
vn 0.4762 -0.4605 -0.7491
vn 0.4900 -0.7517 -0.4414
vn 0.7428 -0.6196 -0.2538
vn 0.8373 -0.0137 0.5466
vn -0.0196 -0.2667 0.9636
vn 0.0440 -0.1606 0.9860
vn 0.9337 0.0222 0.3572
vn 0.9653 0.2465 -0.0864
vn 0.9293 -0.0372 0.3674
vn 0.9986 0.0295 -0.0446
vn 0.9938 0.0297 -0.1070
vn 0.4284 -0.3491 0.8334
vn -0.6154 0.0139 -0.7881
vn 0.7159 -0.4811 -0.5060
vn 0.6260 -0.5964 -0.5025
vn -0.5010 0.2305 -0.8342
vn -0.6329 0.6152 0.4701
vn 0.9125 -0.0977 0.3973
vn 0.6850 0.0631 0.7258
vn 0.8604 -0.0146 0.5095
vn 0.9923 -0.0685 0.1034
vn 0.9744 -0.2088 0.0840
vn 0.9929 -0.0906 0.0776
vn 0.9781 -0.2008 0.0546
vn 0.8768 0.4231 0.2286
vn 0.6102 0.3822 0.6939
vn 0.8340 -0.5141 -0.2005
vn -0.7380 0.4088 0.5368
vn 0.5311 0.8143 0.2343
vn 0.8616 -0.1940 -0.4691
vn 0.3385 0.1333 0.9315
vn 0.2762 -0.4570 0.8455
vn 0.4607 -0.1274 0.8784
vn 0.4220 0.4356 0.7951
vn -0.1857 0.9796 -0.0774
vn -0.0565 0.4570 0.8877
vn -0.9732 0.1289 -0.1905
vn -0.9046 0.2323 -0.3573
vn -0.9373 -0.0025 -0.3484
vn -0.6833 -0.3721 0.6282
vn -0.4261 -0.8884 0.1709
vn 0.6599 -0.4943 0.5659
vn -0.8667 0.4988 0.0039
vn 0.3147 0.2989 0.9009
vn 0.8639 -0.2327 -0.4468
vn 0.9358 -0.2737 -0.2223
vn 0.9571 -0.0624 -0.2828
vn 0.7586 -0.3294 -0.5622
vn 0.5940 0.2362 -0.7690
vn 0.8087 -0.0322 -0.5874
vn 0.9644 -0.2439 0.1021
vn 0.6701 0.0796 -0.7380
vn -0.6017 -0.7645 0.2315
vn 0.6462 0.3437 0.6814
vn 0.9049 0.2270 -0.3601
vn -0.4999 -0.2999 0.8125
vn -0.6852 -0.5291 0.5005
vn 0.4072 -0.2728 -0.8716
vn -0.4919 -0.7724 -0.4017
vn -0.5662 -0.8239 0.0256
vn -0.7882 -0.6103 -0.0795
vn -0.9206 -0.3853 -0.0640
vn -0.2931 0.4561 -0.8403
vn -0.0349 0.4695 -0.8822
vn -0.2489 0.1405 -0.9583
vn -0.3667 0.2301 -0.9014
vn -0.2710 0.7054 -0.6549
vn -0.3435 0.7042 -0.6214
vn -0.4228 0.4472 -0.7882
vn -0.8746 0.1219 -0.4693
vn -0.6956 -0.1374 -0.7052
vn -0.4217 -0.0763 -0.9035
vn -0.7898 0.1543 -0.5937
vn -0.5524 0.1117 -0.8261
vn 0.4407 -0.3360 0.8324
vn -0.3731 -0.1980 -0.9064
vn -0.5261 -0.2155 -0.8227
vn -0.1365 -0.2209 -0.9657
vn -0.1031 -0.2547 -0.9615
vn -0.6553 -0.1028 -0.7483
vn -0.0657 0.7829 0.6186
vn 0.3901 0.1875 0.9015
vn -0.6523 0.2339 0.7210
vn -0.5490 0.8322 -0.0778
vn -0.7053 0.7039 -0.0843
vn -0.7973 0.6032 0.0228
vn -0.6012 0.2232 -0.7673
vn -0.6703 0.1285 -0.7309
vn -0.8978 0.2757 -0.3435
vn -0.2683 0.1251 -0.9552
vn 0.7479 -0.4251 -0.5099
vn -0.1043 0.4317 0.8960
vn 0.1241 -0.3497 0.9286
vn -0.0630 0.3010 0.9515
vn 0.0538 0.3629 0.9303
vn 0.4925 0.2068 -0.8454
vn -0.5366 0.5406 -0.6479
vn -0.5392 -0.1099 -0.8350
vn -0.3544 -0.2155 -0.9099
vn 0.3140 -0.2173 -0.9242
vn 0.3095 -0.6265 -0.7154
vn -0.1464 0.0472 0.9881
vn 0.4867 0.0971 0.8681
vn 0.7229 0.1081 0.6825
vn -0.7883 0.6148 0.0264
vn -0.4816 -0.3607 -0.7987
vn -0.4714 0.8819 0.0013
vn -0.5295 -0.6880 -0.4963
vn 0.5293 0.3611 0.7677
vn 0.3097 0.5353 0.7858
vn 0.3422 -0.2005 0.9180
vn 0.7998 0.2835 0.5290
vn 0.8372 0.3904 0.3829
vn 0.5441 0.3206 0.7753
vn 0.3556 0.9171 0.1803
vn 0.3291 0.9440 0.0227
vn 0.6604 -0.5689 -0.4902
vn -0.1268 -0.9744 0.1855
vn 0.4535 -0.8809 -0.1353
vn -0.8467 -0.5075 -0.1598
vn 0.8934 0.4189 0.1621
vn 0.8085 0.5878 0.0274
vn -0.7695 -0.4528 0.4505
vn -0.6309 -0.2488 -0.7349
vn -0.9171 0.0547 0.3948
vn -0.0090 -0.2562 0.9666
vn -0.3485 -0.0827 0.9337
vn -0.1265 -0.1329 0.9830
vn -0.0042 -0.3143 0.9493
vn 0.1269 -0.1484 0.9807
vn 0.3991 0.0014 0.9169
vn 0.8621 -0.1577 0.4816
vn 0.7166 0.0382 -0.6965
vn 0.7934 0.2286 -0.5641
vn 0.4107 -0.2981 0.8617
vn -0.3323 -0.3513 0.8753
vn 0.5647 0.0942 0.8199
vn 0.9103 -0.2432 -0.3351
vn 0.4502 -0.4765 -0.7552
vn 0.9818 0.0504 0.1831
vn 0.9255 -0.3601 0.1175
vn 0.9160 -0.4011 0.0027
vn 0.9989 0.0469 -0.0034
vn 0.9955 0.0355 0.0880
vn 0.9419 -0.3324 0.0482
vn -0.8679 -0.2286 0.4410
vn -0.9547 -0.1278 0.2689
vn -0.9472 -0.1061 -0.3025
vn -0.3729 -0.2272 0.8996
vn -0.3328 0.1048 0.9372
vn -0.3090 -0.2232 0.9245
vn -0.4554 -0.5011 0.7358
vn -0.4832 -0.0027 0.8755
vn -0.3387 0.1086 0.9346
vn 0.5606 0.1349 -0.8170
vn -0.0827 -0.0632 -0.9946
vn 0.4365 0.8972 -0.0671
vn -0.0655 -0.9604 -0.2709
vn 0.6666 -0.4160 0.6185
vn -0.7389 0.6631 -0.1202
vn -0.9196 0.3636 -0.1488
vn 0.4487 0.7974 -0.4035
vn 0.5420 0.7607 -0.3572
vn -0.5923 -0.8043 -0.0481
vn -0.4344 -0.6136 -0.6594
vn -0.2882 -0.7204 -0.6309
vn -0.5862 -0.8070 -0.0715
vn -0.5625 -0.4559 0.6897
vn -0.6478 -0.2424 0.7222
vn -0.7314 -0.6817 -0.0179
vn -0.8471 -0.0929 0.5233
vn -0.6404 0.1947 0.7430
vn -0.1231 -0.1184 0.9853
vn -0.3017 -0.3005 0.9048
vn -0.6593 -0.4111 0.6295
vn -0.0441 -0.9985 0.0314
vn -0.7167 -0.5544 -0.4231
vn -0.6083 -0.7884 -0.0915
vn 0.0210 -0.9164 -0.3997
vn 0.1925 -0.1658 -0.9672
vn -0.4324 -0.8379 -0.3332
vn -0.2026 -0.8067 -0.5551
vn 0.6375 0.7437 0.2013
vn 0.5788 -0.0242 -0.8151
vn -0.1683 -0.9037 0.3938
vn -0.1154 -0.8715 0.4766
vn 0.4773 0.8454 0.2396
vn 0.6574 -0.7174 0.2308
vn 0.1784 -0.5224 0.8338
vn 0.9047 -0.3056 -0.2968
vn 0.9653 0.2613 -0.0050
vn -0.8721 -0.0677 0.4847
vn -0.0460 -0.9490 0.3120
vn -0.4844 0.3790 0.7885
vn 0.6306 -0.2729 0.7266
vn 0.1782 0.2883 -0.9408
vn -0.0204 0.6001 -0.7997
vn 0.1885 0.7801 -0.5965
vn 0.7633 0.2037 -0.6131
vn 0.2554 -0.0090 -0.9668
vn -0.0132 -0.0695 -0.9975
vn 0.5774 0.3244 0.7493
vn 0.9831 -0.0347 -0.1798
vn 0.6431 -0.0581 -0.7636
vn 0.5723 0.2817 -0.7702
vn -0.7225 0.2302 -0.6520
vn 0.3252 -0.0445 -0.9446
vn 0.6956 -0.2670 0.6670
vn -0.9371 -0.0061 0.3489
vn -0.9299 0.3368 -0.1478
vn -0.9645 0.2509 -0.0823
vn -0.9171 0.3016 -0.2607
vn -0.7913 -0.2367 0.5638
vn -0.9845 0.0569 0.1660
vn -0.4290 -0.3389 0.8373
vn -0.9862 -0.1085 -0.1252
vn 0.4480 0.7596 -0.4716
vn -0.4750 -0.8778 -0.0618
vn -0.0353 -0.9833 -0.1784
vn -0.0105 -0.9961 -0.0876
vn 0.0437 -0.9989 0.0195
vn 0.0355 0.1352 -0.9902
vn -0.0112 -0.4798 -0.8773
vn -0.0375 0.1371 -0.9898
vn -0.0121 0.8409 -0.5411
vn -0.9347 0.3316 0.1283
vn -0.4123 -0.5134 -0.7527
vn 0.4136 0.5251 0.7438
vn -0.9619 0.2222 0.1593
vn -0.5607 0.8248 0.0730
vn 0.1530 0.9878 0.0306
vn -0.3387 0.9409 -0.0022
vn -0.8412 -0.4654 0.2753
vn 0.0497 0.3233 0.9450
vn 0.8726 -0.3348 -0.3556
vn 0.8930 -0.4146 -0.1751
vn 0.9394 -0.3198 -0.1237
vn -0.8752 -0.1690 -0.4532
vn -0.8075 -0.5109 -0.2947
vn -0.7625 -0.5649 -0.3153
vn 0.3975 0.1614 0.9033
vn 0.2344 0.5816 0.7790
vn -0.6824 -0.0575 0.7287
vn 0.9098 -0.0716 0.4087
vn 0.9459 -0.0362 0.3223
vn 0.3927 -0.8796 0.2685
vn 0.6316 -0.6213 -0.4638
vn 0.8337 0.2829 -0.4742
vn -0.1603 0.9859 -0.0484
vn -0.5154 0.5098 0.6888
vn 0.9984 0.0095 0.0559
vn 0.8177 0.3781 0.4340
vn 0.4888 -0.6066 0.6270
vn 0.4176 -0.1295 -0.8994
vn 0.4328 -0.0362 -0.9008
vn 0.3417 -0.0881 -0.9357
vn 0.2045 -0.2301 -0.9514
vn 0.2698 -0.2732 -0.9233
vn -0.4616 -0.7863 0.4107
vn -0.7659 -0.4520 0.4572
vn -0.6442 -0.7187 0.2617
vn -0.8584 -0.3586 0.3667
vn 0.2325 -0.6775 0.6978
vn -0.6324 -0.6152 -0.4708
vn -0.6626 -0.5944 0.4557
vn -0.7761 0.3405 0.5308
vn -0.6508 0.6930 0.3101
vn -0.5293 -0.5436 -0.6515
vn 0.6298 -0.5907 -0.5044
vn -0.0243 0.3620 0.9319
vn -0.2443 0.2469 0.9377
vn -0.2620 0.2962 0.9185
vn 0.2523 0.1866 0.9495
vn 0.1849 0.2871 0.9399
vn 0.2340 0.4310 0.8715
vn 0.0668 0.1548 0.9857
vn 0.7441 0.6608 -0.0988
vn 0.7285 0.5410 -0.4202
vn 0.2918 -0.9491 -0.1185
vn 0.5254 -0.4854 0.6988
vn 0.0602 -0.2258 0.9723
vn 0.3029 -0.2016 0.9315
vn -0.0106 -0.7086 0.7055
vn 0.0507 -0.4742 0.8790
vn 0.7736 -0.1882 0.6051
vn 0.9520 -0.1254 0.2792
vn 0.9059 -0.2298 0.3558
vn 0.1937 -0.1550 0.9687
vn 0.6055 -0.4456 0.6594
vn 0.4848 -0.0569 0.8727
vn 0.1146 0.9088 0.4011
vn 0.6357 0.5442 0.5475
vn -0.1677 0.7303 -0.6623
vn -0.8375 -0.5263 -0.1468
vn -0.2791 -0.5107 0.8132
vn -0.1336 -0.9860 -0.0998
vn -0.0787 -0.9944 -0.0702
vn -0.2422 -0.7951 -0.5560
vn 0.8753 0.0825 -0.4764
vn 0.7952 0.0917 -0.5994
vn -0.2075 -0.6847 -0.6987
vn -0.8242 0.0605 0.5630
vn -0.8891 0.1495 0.4326
vn -0.2108 -0.9531 -0.2171
vn 0.9467 -0.3165 -0.0597
vn 0.9032 -0.2027 -0.3783
vn 0.7864 -0.1035 -0.6090
vn 0.8381 -0.1452 0.5259
vn 0.8413 0.5224 0.1391
vn 0.9596 0.0952 -0.2648
vn -0.0007 -0.0609 -0.9981
vn 0.0600 0.3904 -0.9187
vn 0.9585 -0.2480 0.1409
vn -0.0417 -0.3776 0.9250
vn 0.2308 0.7740 -0.5896
vn -0.5587 0.1073 -0.8224
vn -0.8531 0.0872 -0.5144
vn -0.9435 0.3275 0.0510
vn 0.3843 -0.3163 -0.8673
vn -0.4842 -0.0236 -0.8746
vn -0.7075 -0.1835 -0.6825
vn -0.7206 -0.0405 -0.6922
vn -0.7208 -0.1165 -0.6832
vn -0.6062 0.0101 -0.7953
vn -0.3343 -0.0441 -0.9414
vn -0.2616 0.0824 -0.9617
vn 0.8938 0.2717 -0.3568
vn -0.5595 0.2674 -0.7845
vn -0.4069 -0.0831 -0.9097
vn 0.6354 0.4429 -0.6325
vn -0.5991 0.2246 -0.7685
vn 0.5279 -0.1075 -0.8425
vn 0.9975 0.0655 -0.0267
vn 0.8357 0.3048 -0.4568
vn 0.2270 -0.2604 -0.9384
vn 0.1300 -0.2781 -0.9517
vn 0.7641 0.2342 -0.6011
vn 0.7989 0.5996 0.0471
vn 0.5305 -0.2414 -0.8126
vn -0.1644 -0.4924 -0.8547
vn 0.1199 -0.2950 -0.9479
vn 0.7159 -0.1128 -0.6891
vn -0.4889 -0.3715 -0.7893
vn -0.3514 -0.7297 -0.5866
vn -0.4507 -0.8402 0.3016
vn -0.9081 -0.3046 -0.2874
vn 0.1613 -0.9323 0.3239
vn 0.3701 -0.4981 -0.7842
vn -0.3218 -0.3658 -0.8733
vn 0.5629 -0.5120 0.6488
vn 0.3670 0.1752 0.9136
vn 0.9155 -0.0714 -0.3959
vn -0.6222 0.0044 0.7828
vn 0.7512 -0.3303 -0.5715
vn 0.6181 -0.7861 -0.0006
vn 0.6198 0.6564 0.4301
vn 0.6248 0.0749 -0.7772
vn 0.6678 0.6088 0.4282
vn 0.3631 0.1861 -0.9130
vn -0.3429 0.1908 0.9198
vn 0.7408 0.4206 0.5237
vn -0.2107 -0.3235 0.9225
vn -0.6836 -0.4739 -0.5551
vn -0.8839 -0.4676 -0.0025
vn -0.0000 0.8961 0.4439
vn 0.2386 0.9426 0.2336
vn 0.0057 0.9808 -0.1949
vn -0.2676 0.9338 0.2376
vn -0.5425 0.0159 0.8399
vn -0.1464 0.1737 0.9739
vn -0.3730 -0.0172 0.9277
vn -0.9530 0.2103 0.2181
vn -0.6263 0.3956 0.6718
vn -0.3493 0.2590 0.9005
vn -0.6153 0.4615 0.6391
vn 0.6696 0.6049 0.4309
vn 0.8202 0.5549 0.1388
vn 0.7457 0.2096 0.6325
vn 0.5155 0.2948 0.8046
vn 0.4456 0.4418 0.7786
vn 0.4297 0.6952 0.5762
vn 0.7347 0.6760 -0.0569
vn 0.5108 0.8586 0.0435
vn 0.4142 0.8993 0.1401
vn -0.8640 -0.2836 0.4160
vn -0.5225 -0.4075 0.7490
vn -0.4744 0.4316 -0.7672
vn -0.7580 0.2302 -0.6103
vn -0.0571 -0.2404 -0.9690
vn 0.7492 0.6331 0.1947
vn 0.0239 0.3728 -0.9276
vn 0.1635 0.9698 -0.1812
vn 0.7661 0.2582 0.5885
vn -0.0261 0.9985 -0.0489
vn 0.1917 0.9150 -0.3550
vn -0.6425 -0.2353 -0.7292
vn -0.2529 -0.0239 -0.9672
vn 0.0267 -0.3940 -0.9187
vn -0.9483 -0.2229 -0.2260
vn -0.7665 -0.0217 -0.6418
vn 0.6774 0.5001 0.5395
vn 0.5057 -0.8591 0.0787
vn 0.6127 0.6418 0.4612
vn 0.2448 0.4911 0.8360
vn -0.7589 0.3360 0.5578
vn 0.9358 -0.1588 -0.3146
vn 0.6615 0.1834 0.7272
vn 0.5211 0.2217 0.8242
vn -0.6327 -0.2919 0.7173
vn -0.6541 0.0702 0.7532
vn 0.2603 -0.7141 0.6498
vn 0.3867 -0.2824 0.8779
vn -0.6771 0.5026 -0.5375
vn -0.2261 0.9159 -0.3316
vn -0.7307 0.4841 0.4814
vn 0.3914 -0.7065 0.5896
vn -0.7612 -0.0189 0.6482
vn -0.8203 -0.3858 -0.4223
vn -0.9398 -0.1243 0.3182
vn -0.9516 -0.0587 0.3016
vn -0.5844 0.0722 -0.8083
vn 0.7291 -0.3184 0.6059
vn 0.6808 0.2501 0.6884
vn -0.5867 0.5752 -0.5701
vn -0.6416 0.7629 0.0795
vn -0.5129 0.6138 0.6001
vn -0.6477 0.1699 0.7427
vn -0.8340 -0.0014 -0.5517
vn 0.1542 -0.2415 -0.9581
vn -0.4446 0.2039 -0.8722
vn 0.1000 -0.0917 -0.9907
vn 0.0150 0.1217 0.9924
vn 0.0080 0.3045 0.9525
vn 0.2509 0.2000 0.9471
vn 0.1380 -0.9504 0.2788
vn 0.6298 -0.7627 -0.1470
vn -0.7732 -0.5983 0.2104
vn -0.1770 0.9513 0.2526
vn 0.8689 0.4949 0.0024
vn 0.0457 -0.2542 -0.9661
vn -0.6633 -0.3006 -0.6853
vn -0.1524 0.1273 -0.9801
vn -0.8885 -0.2455 -0.3878
vn -0.9419 0.3024 -0.1461
vn 0.2135 0.2502 -0.9444
vn 0.1059 0.2436 -0.9641
vn -0.7352 -0.4726 -0.4859
vn 0.0761 -0.5533 -0.8295
vn 0.1146 -0.7443 -0.6579
vn -0.6944 -0.7189 -0.0306
vn -0.8842 -0.4623 -0.0676
vn 0.1718 -0.5995 -0.7817
vn 0.7631 0.6346 -0.1222
vn 0.9559 0.2932 -0.0158
vn 0.0891 -0.9858 0.1422
vn 0.1760 -0.9296 0.3239
vn 0.8203 -0.5702 -0.0452
vn 0.8444 -0.5121 0.1574
vn -0.8629 -0.3572 -0.3576
vn 0.9931 -0.0056 0.1170
vn 0.9107 -0.1095 -0.3983
vn 0.9928 -0.0841 0.0848
vn 0.9913 -0.0313 0.1280
vn 0.9716 0.0093 -0.2365
vn 0.7731 0.5047 -0.3841
vn 0.7999 0.5440 0.2534
vn 0.9928 -0.0974 -0.0693
vn -0.6266 0.0137 -0.7792
vn 0.4089 -0.1923 -0.8921
vn -0.9793 -0.1802 -0.0925
vn -0.4705 -0.0214 -0.8821
vn -0.9940 0.0335 -0.1044
vn -0.2089 0.3923 -0.8958
vn 0.5001 0.2122 -0.8396
vn -0.3255 -0.2218 -0.9192
vn 0.3134 -0.9490 0.0335
vn -0.9139 -0.3571 0.1929
vn -0.8922 -0.4179 -0.1711
vn 0.8813 0.1581 -0.4453
vn -0.5149 -0.6119 -0.6004
vn -0.4188 -0.7393 -0.5274
vn 0.1853 -0.4171 -0.8898
vn 0.2599 -0.1699 -0.9506
vn -0.6116 -0.4276 -0.6656
vn -0.7353 -0.6756 0.0543
vn -0.0329 0.0790 -0.9963
vn 0.6095 0.0567 -0.7907
vn 0.3867 0.0951 -0.9173
vn -0.0542 -0.0988 -0.9936
vn 0.2836 -0.1490 -0.9473
vn -0.4128 0.0974 -0.9056
vn -0.0164 -0.3769 -0.9261
vn -0.8389 0.3807 0.3890
vn -0.3148 0.5417 0.7794
vn -0.9058 0.2996 0.2996
vn -0.8226 0.3153 0.4732
vn -0.3066 0.9344 0.1816
vn -0.9843 -0.1754 0.0182
vn 0.8331 0.4472 -0.3254
vn -0.3376 0.9005 -0.2740
vn 0.9472 0.1817 0.2643
vn 0.8882 0.4132 -0.2011
vn -0.3873 0.8920 0.2333
vn -0.6252 0.0682 0.7775
vn -0.4862 -0.0603 0.8718
vn -0.9806 -0.1403 0.1368
vn 0.0145 0.1675 0.9858
vn -0.2325 0.1015 0.9673
vn -0.5895 0.5987 -0.5422
vn -0.7345 0.3028 -0.6073
vn -0.9421 0.3314 -0.0504
vn -0.2593 0.1795 -0.9490
vn -0.7575 0.6458 0.0958
vn -0.8643 0.2472 -0.4380
vn -0.8372 0.2972 -0.4591
vn -0.2322 -0.2589 -0.9376
vn 0.0155 -0.5170 0.8558
vn 0.9731 0.2045 0.1063
vn 0.8557 0.2645 -0.4447
vn 0.2222 0.5229 0.8229
vn 0.2992 0.4042 0.8643
vn -0.5050 -0.2051 -0.8384
vn 0.6048 0.6260 -0.4922
vn 0.8749 -0.2316 0.4254
vn 0.9684 0.1613 -0.1901
vn 0.9943 0.0426 -0.0975
vn 0.5456 -0.4026 0.7350
vn 0.8636 -0.2845 0.4163
vn -0.2433 0.6902 -0.6815
vn -0.1983 0.5995 0.7754
vn -0.5512 0.2714 0.7890
vn 0.3448 -0.2253 -0.9112
vn -0.1746 0.7874 -0.5912
vn -0.3543 0.5953 -0.7212
vn 0.2838 0.5207 0.8052
vn 0.2021 0.3808 0.9023
vn 0.2685 0.4475 0.8530
vn 0.4436 0.6934 0.5678
vn 0.1363 0.5657 0.8133
vn -0.5302 0.8476 0.0234
vn -0.4382 0.8319 -0.3405
vn -0.2406 0.9674 0.0785
vn -0.4188 0.8986 0.1310
vn -0.4358 0.8921 -0.1196
vn -0.6673 0.6568 0.3512
vn -0.6282 0.0889 0.7730
vn -0.6346 0.0969 0.7667
vn -0.9509 0.1179 0.2863
vn -0.9660 0.1708 0.1940
vn -0.7411 -0.0911 0.6652
vn -0.9878 0.1117 0.1087
vn -0.6665 0.1135 0.7368
vn -0.5677 -0.7586 -0.3198
vn -0.4410 -0.8891 0.1227
vn -0.0506 0.9741 0.2204
vn -0.1343 -0.3482 0.9278
vn 0.8134 0.5306 0.2384
vn 0.7482 0.6433 0.1621
vn 0.2204 0.5311 0.8182
vn 0.8612 0.3203 -0.3947
vn -0.0000 -0.8042 0.5944
vn -0.0570 -0.9494 0.3089
vn -0.9936 -0.0052 -0.1125
vn -0.9723 0.0259 -0.2322
vn -0.5417 -0.2317 -0.8080
vn -0.9649 0.0677 -0.2536
vn -0.9255 0.1786 0.3339
vn 0.8866 -0.1203 0.4467
vn 0.8536 -0.1322 0.5039
vn -0.5358 -0.1274 0.8347
vn 0.4276 -0.8157 0.3896
vn -0.9998 0.0185 -0.0051
vn -0.9833 -0.1273 0.1301
vn 0.0520 -0.5528 0.8317
vn 0.6264 -0.6276 0.4623
vn 0.6682 -0.6957 0.2639
vn 0.0544 -0.4491 0.8918
vn 0.1687 -0.4526 0.8756
vn -0.6924 0.2753 0.6670
vn -0.6806 0.6127 0.4017
vn -0.9790 0.1762 -0.1023
vn -0.7555 0.6423 -0.1293
vn -0.3561 0.9024 0.2426
vn -0.0593 0.8739 0.4824
vn -0.8169 0.2226 0.5320
vn -0.9813 0.1021 -0.1630
vn -0.2226 0.3636 0.9046
vn -0.2090 -0.3458 0.9147
vn -0.0243 -0.4458 0.8948
vn 0.5702 -0.2502 0.7825
vn -0.5507 -0.4684 0.6909
vn -0.4907 -0.1844 0.8516
vn -0.0476 -0.4691 0.8819
vn 0.6190 0.3577 0.6992
vn -0.7228 0.3891 0.5711
vn -0.8151 0.0503 0.5772
vn 0.7198 -0.3672 -0.5891
vn 0.8178 -0.2057 0.5374
vn 0.8073 0.5593 0.1885
vn -0.4898 -0.7524 -0.4403
vn -0.7537 -0.5246 -0.3958
vn -0.6860 -0.6265 -0.3700
vn 0.1552 -0.9839 -0.0890
vn 0.0830 -0.9910 -0.1047
vn -0.3165 0.1398 0.9382
vn -0.2468 -0.4701 0.8474
vn 0.7526 -0.5219 -0.4015
vn 0.7469 0.4375 0.5008
vn 0.6297 0.1020 0.7701
vn -0.4274 -0.0710 0.9013
vn 0.4747 0.0753 0.8769
vn -0.5184 0.1237 -0.8461
vn -0.6481 0.1021 -0.7547
vn 0.7512 0.6552 -0.0805
vn 0.7094 -0.5302 -0.4644
vn 0.6897 -0.6655 -0.2854
vn 0.2884 0.7233 -0.6275
vn 0.4570 0.8788 -0.1374
vn 0.4790 0.6939 -0.5377
vn 0.4429 0.4388 -0.7819
vn 0.3456 0.7177 -0.6046
vn 0.5236 0.8000 -0.2929
vn -0.4520 -0.0938 0.8871
vn -0.3833 0.2325 0.8939
vn -0.4568 -0.4494 -0.7677
vn -0.8921 -0.4033 -0.2039
vn -0.9164 -0.2814 -0.2848
vn -0.9431 -0.3008 -0.1415
vn -0.8932 -0.3854 -0.2317
vn -0.9210 -0.3896 -0.0052
vn -0.2110 -0.3067 -0.9281
vn -0.6934 -0.1847 -0.6965
vn 0.3876 -0.4334 -0.8136
vn 0.6537 0.5042 -0.5643
vn -0.0680 0.3970 -0.9153
vn -0.4226 0.0197 -0.9061
vn 0.1223 0.2011 -0.9719
vn 0.0234 -0.1406 -0.9898
vn 0.3564 0.2071 -0.9111
vn 0.0044 0.0931 -0.9956
vn -0.8270 0.4772 0.2972
vn -0.9600 0.1356 0.2450
vn -0.8528 0.1865 0.4878
vn -0.8075 0.5882 -0.0439
vn -0.2427 0.5222 0.8176
vn -0.8174 0.5219 0.2438
vn -0.2048 0.6967 0.6875
vn -0.2867 0.5123 0.8095
vn -0.7707 0.6258 0.1203
vn -0.0529 0.9875 -0.1485
vn 0.9916 -0.0236 -0.1269
vn 0.9837 0.1779 -0.0248
vn 0.7091 0.1559 0.6877
vn 0.6558 0.0590 0.7526
vn 0.6176 0.1841 0.7647
vn 0.9489 0.1757 0.2622
vn 0.2677 0.2412 0.9328
vn -0.5933 0.1476 -0.7914
vn -0.4765 0.6904 -0.5443
vn 0.4853 -0.0439 -0.8732
vn 0.1610 -0.0927 -0.9826
vn 0.1312 0.0811 -0.9880
vn 0.7363 0.5276 -0.4236
vn 0.3611 0.3035 -0.8817
vn 0.1336 0.1751 -0.9754
vn 0.0379 0.4297 -0.9022
vn 0.4918 0.1122 -0.8635
vn 0.6130 0.4717 -0.6339
vn -0.1653 -0.9015 -0.3999
vn -0.7361 -0.6647 0.1281
vn 0.6078 -0.7932 -0.0382
vn -0.8055 -0.5925 -0.0110
vn -0.0434 -0.4651 -0.8842
vn -0.9126 0.0331 -0.4074
vn -0.9474 0.1563 -0.2791
vn -0.8151 0.1081 -0.5692
vn 0.5020 -0.0747 -0.8616
vn -0.7213 -0.6313 -0.2850
vn -0.6211 -0.7444 -0.2451
vn -0.0069 -0.1560 0.9877
vn 0.0202 0.2727 0.9619
vn -0.1707 0.0383 0.9846
vn -0.1410 0.2034 0.9689
vn -0.3325 -0.1624 0.9290
vn 0.3488 0.5677 0.7457
vn 0.2122 0.5532 0.8055
vn 0.3093 0.6835 0.6612
vn -0.8242 0.4952 0.2747
vn 0.4641 0.6760 0.5724
vn -0.6189 -0.7685 0.1623
vn -0.7306 0.1096 0.6739
vn -0.7273 0.6174 0.2998
vn 0.6957 -0.3368 -0.6345
vn 0.8176 -0.5747 0.0350
vn 0.4400 -0.5329 -0.7228
vn 0.9570 -0.2688 -0.1090
vn 0.0090 -0.3200 0.9474
vn -0.1130 -0.8724 0.4755
vn -0.7330 0.5563 0.3914
vn -0.5190 -0.6304 0.5772
vn -0.0902 0.4212 0.9025
vn 0.5241 -0.3834 -0.7605
vn 0.3886 -0.2760 -0.8791
vn -0.7302 -0.5956 -0.3348
vn -0.9440 -0.2064 -0.2573
vn 0.7963 -0.4810 0.3669
vn 0.5582 0.4758 -0.6798
vn 0.8548 -0.5143 0.0687
vn -0.5859 -0.1206 0.8014
vn -0.8436 -0.3892 0.3700
vn 0.9192 0.3092 -0.2437
vn 0.4082 0.1672 -0.8975
vn 0.8769 0.2825 -0.3889
vn -0.2516 0.1589 0.9547
vn 0.0182 0.2942 0.9556
vn 0.0303 0.3503 0.9362
vn -0.1573 0.2952 0.9424
vn -0.5898 -0.3384 0.7332
vn -0.5154 -0.1860 0.8365
vn -0.8631 -0.0415 0.5033
vn -0.9918 -0.1110 -0.0636
vn -0.6084 -0.0267 -0.7932
vn -0.7677 0.3660 0.5260
vn 0.9778 -0.2095 -0.0028
vn 0.7192 -0.5848 -0.3753
vn 0.7278 -0.5158 0.4520
vn 0.6766 -0.7353 -0.0388
vn 0.7534 -0.1540 0.6393
vn 0.9460 -0.2958 0.1326
vn -0.3136 -0.3151 0.8957
vn 0.6313 -0.7754 0.0123
vn -0.1887 -0.3852 0.9033
vn 0.0695 -0.9231 -0.3783
vn 0.7430 -0.2184 -0.6327
vn 0.5435 -0.0549 0.8376
vn -0.9939 0.0663 0.0877
vn -0.7210 0.0138 0.6928
vn -0.9841 0.1263 0.1252
vn -0.8921 -0.0259 -0.4512
vn -0.9221 0.0950 -0.3752
vn -0.8364 0.1380 0.5304
vn 0.6940 0.3688 -0.6184
vn 0.6914 0.1464 -0.7075
vn -0.0515 0.3283 0.9432
vn 0.0144 0.5140 0.8577
vn 0.0227 0.3106 0.9503
vn -0.2372 0.3733 0.8969
vn -0.7784 0.4779 -0.4072
vn -0.5300 0.0244 -0.8476
vn 0.7250 -0.4212 -0.5449
vn -0.9343 0.0381 -0.3544
vn -0.6085 0.0206 -0.7933
vn -0.2250 -0.0524 -0.9729
vn -0.9366 -0.2993 -0.1823
vn 0.5084 0.4182 -0.7528
vn 0.5944 0.3662 -0.7159
vn 0.3793 0.4967 -0.7807
vn -0.0176 -0.9875 -0.1567
vn 0.6466 -0.5846 0.4900
vn -0.0867 -0.8036 -0.5888
vn -0.2681 -0.9415 -0.2041
vn -0.1851 0.2294 0.9556
vn -0.4940 -0.3536 0.7943
vn 0.7568 -0.4011 0.5161
vn 0.4510 0.8575 0.2473
vn 0.7335 -0.6796 0.0104
vn 0.4393 -0.5277 0.7270
vn 0.6143 -0.6215 0.4861
vn -0.4614 -0.1290 0.8778
vn -0.4111 0.4397 0.7985
vn -0.7678 0.2669 0.5825
vn -0.7220 -0.4298 0.5422
vn 0.2857 -0.6077 -0.7410
vn 0.0062 -0.0981 -0.9952
vn 0.0492 -0.0441 -0.9978
vn -0.0489 -0.0654 -0.9967
vn 0.1911 -0.2950 -0.9362
vn 0.0150 -0.1090 -0.9939
vn 0.8314 0.3352 0.4432
vn -0.4106 0.1979 0.8901
vn -0.6910 -0.2456 -0.6799
vn -0.1876 -0.3649 -0.9119
vn 0.7274 -0.6352 -0.2596
vn 0.4400 -0.6115 -0.6576
vn 0.5499 -0.5762 -0.6047
vn 0.8668 -0.4976 -0.0323
vn -0.4997 -0.8504 0.1645
vn 0.6187 -0.7644 -0.1815
vn 0.9340 0.0131 -0.3571
vn -0.4866 -0.8736 -0.0094
vn 0.5615 -0.3766 -0.7368
vn -0.3457 -0.0306 0.9378
vn -0.5492 0.3142 0.7744
vn -0.6083 -0.3733 0.7004
vn 0.2678 0.9622 -0.0489
vn 0.6308 0.1976 0.7504
vn -0.1292 0.9912 0.0305
vn -0.1198 0.9924 -0.0268
vn 0.8101 0.3982 -0.4303
vn -0.0838 0.9909 0.1055
vn -0.6860 -0.3245 0.6512
vn -0.5828 -0.6503 0.4873
vn -0.0874 0.9766 0.1964
vn -0.7960 0.5996 -0.0824
vn -0.6584 0.7482 0.0820
vn 0.0686 0.9369 0.3427
vn -0.0932 0.9935 0.0653
vn -0.0204 0.9986 0.0481
vn -0.3722 -0.6346 -0.6773
vn -0.9135 0.3760 -0.1553
vn -0.1799 -0.5892 0.7877
vn 0.2278 0.6304 0.7421
vn 0.0123 0.8807 -0.4735
vn -0.0566 0.8950 -0.4425
vn -0.1729 0.8053 -0.5671
vn -0.0307 0.9079 0.4181
vn -0.2844 0.5607 0.7776
vn 0.3874 0.6549 0.6489
vn 0.8380 -0.3554 0.4140
vn 0.8155 -0.5577 0.1548
vn 0.9091 -0.0337 0.4153
vn 0.9519 -0.0375 0.3042
vn 0.9719 0.1149 0.2053
vn -0.9545 -0.1797 -0.2379
vn -0.5349 0.5549 0.6371
vn -0.7202 0.1052 0.6857
vn -0.2237 0.5434 0.8091
vn 0.4913 -0.3585 0.7938
vn -0.2595 -0.1904 0.9468
vn 0.5214 0.3478 -0.7792
vn 0.1533 0.2189 0.9636
vn -0.1896 0.9489 -0.2523
vn -0.8952 -0.3332 -0.2960
vn -0.8599 -0.1471 0.4888
vn -0.2707 -0.9626 0.0110
vn -0.9239 -0.2616 -0.2794
vn -0.3127 -0.0346 0.9492
vn -0.6239 -0.3821 0.6818
vn -0.9336 -0.2154 0.2864
vn -0.3325 0.0283 0.9427
vn 0.3376 -0.8979 -0.2826
vn -0.2557 -0.6101 0.7499
vn 0.1900 0.2706 -0.9438
vn 0.1736 0.3381 -0.9250
vn 0.6755 -0.6528 -0.3429
vn -0.8932 0.0025 -0.4496
vn 0.3535 0.6561 -0.6668
vn -0.8503 0.4545 -0.2654
vn -0.1197 -0.3727 0.9202
vn 0.6139 -0.5376 0.5780
vn -0.1200 0.4188 0.9001
vn -0.0671 -0.0854 -0.9941
vn -0.3040 0.1887 -0.9338
vn -0.6956 0.1253 -0.7074
vn 0.4672 -0.3162 -0.8257
vn -0.3640 -0.5388 0.7597
vn -0.0852 -0.1719 0.9814
vn -0.8265 -0.5625 0.0232
vn 0.2272 -0.2907 0.9295
vn -0.2671 -0.9235 0.2754
vn 0.8746 -0.3490 0.3366
vn 0.6092 -0.1315 0.7820
vn -0.9924 0.0335 -0.1183
vn -0.6110 -0.6126 -0.5014
vn -0.8898 0.0782 0.4496
vn -0.7942 0.4299 0.4294
vn -0.9991 -0.0382 0.0165
vn -0.9633 -0.1758 -0.2026
vn -0.2554 0.2521 -0.9334
vn -0.4023 0.3542 -0.8442
vn -0.4709 -0.5298 0.7054
vn 0.7472 -0.6572 0.0988
vn 0.9312 0.3397 -0.1323
vn 0.8079 0.5515 0.2075
vn 0.5622 -0.7978 0.2178
vn -0.2857 -0.6905 -0.6645
vn 0.0972 -0.8607 0.4998
vn 0.9858 -0.0135 0.1674
vn 0.3954 0.1008 0.9130
vn -0.1013 0.0566 0.9932
vn 0.9392 0.0708 0.3360
vn -0.4766 0.2973 0.8273
vn -0.7349 0.1709 0.6563
vn -0.2224 0.4244 0.8777
vn -0.0587 0.2368 0.9698
vn -0.4533 0.4331 0.7790
vn -0.3562 0.5680 0.7420
vn -0.3674 -0.3558 0.8593
vn -0.2099 -0.6996 -0.6830
vn -0.7541 -0.0756 -0.6524
vn 0.8749 -0.1773 -0.4508
vn -0.5841 -0.2934 0.7568
vn -0.2761 -0.0244 0.9608
vn -0.6611 -0.6257 0.4141
vn 0.2866 0.5114 0.8102
vn -0.8414 -0.1199 0.5270
vn -0.9961 0.0150 -0.0873
vn -0.0507 -0.9958 0.0761
vn 0.8756 -0.4443 -0.1896
vn 0.8913 -0.0942 0.4435
vn -0.9389 -0.2961 0.1755
vn -0.9756 -0.1879 0.1139
vn -0.3961 -0.2445 -0.8851
vn -0.9494 -0.2693 0.1614
vn -0.6838 -0.2158 0.6970
vn 0.6262 -0.0430 0.7785
vn 0.7066 -0.2279 0.6700
vn -0.4026 -0.2822 -0.8708
vn 0.9786 0.0938 0.1832
vn 0.7891 -0.2324 0.5686
vn 0.8787 -0.3108 -0.3623
vn 0.7504 0.1378 0.6465
vn 0.5259 0.4915 0.6942
vn 0.3884 0.1117 0.9147
vn 0.7487 0.6561 0.0948
vn 0.9389 0.2794 0.2009
vn 0.9315 0.3594 -0.0561
vn 0.6651 -0.0156 0.7466
vn -0.3104 0.5767 0.7557
vn -0.0079 0.9598 0.2807
vn 0.2791 -0.0059 0.9602
vn 0.3565 0.3547 0.8643
vn 0.1462 0.9362 0.3197
vn -0.4557 0.8203 0.3457
vn -0.9370 0.3441 -0.0602
vn -0.9532 -0.0548 0.2974
vn -0.8952 0.0596 0.4417
vn -0.9366 0.3408 0.0812
vn -0.9698 0.1173 -0.2140
vn 0.9110 0.1327 -0.3905
vn 0.5897 0.0154 0.8075
vn 0.7474 0.2120 -0.6296
vn 0.9203 0.3193 -0.2260
vn 0.8184 0.5595 0.1308
vn 0.6408 0.0055 -0.7677
vn 0.3904 -0.0426 -0.9197
vn -0.0234 -0.6582 0.7525
vn 0.5366 -0.4129 -0.7359
vn -0.0951 -0.8270 -0.5541
vn -0.9267 -0.1821 0.3287
vn -0.0000 -0.0105 0.9999
vn 0.9568 -0.1363 0.2569
vn -0.3559 0.3777 0.8548
vn -0.4358 0.5420 0.7185
vn -0.3609 0.2173 0.9069
vn -0.3698 0.1390 0.9187
vn -0.3165 0.2187 0.9230
vn -0.5380 0.2438 0.8069
vn -0.1483 0.2240 0.9632
vn -0.6240 0.5536 -0.5515
vn -0.0915 0.1563 -0.9835
vn 0.6365 -0.0696 -0.7681
vn 0.3380 -0.0906 -0.9368
vn 0.6199 0.0176 -0.7845
vn -0.2987 0.6221 0.7237
vn -0.4145 0.2639 0.8709
vn -0.8901 0.4502 -0.0714
vn -0.9662 -0.2552 -0.0362
vn 0.1165 0.4427 -0.8891
vn 0.0103 -0.1298 -0.9915
vn 0.1258 -0.6182 -0.7759
vn 0.5402 0.8381 -0.0758
vn 0.2963 0.8018 0.5189
vn 0.1679 0.4129 0.8952
vn 0.2098 -0.0606 0.9759
vn -0.7453 -0.0577 0.6642
vn 0.6760 0.6097 0.4139
vn 0.9254 0.0252 0.3782
vn 0.0786 -0.9967 0.0219
vn -0.7614 -0.2232 0.6086
vn -0.8825 -0.4679 -0.0464
vn 0.4523 -0.8164 -0.3590
vn 0.3047 -0.8732 0.3803
vn -0.4885 0.8507 0.1941
vn -0.3304 -0.6602 -0.6745
vn 0.0263 -0.9461 -0.3228
vn 0.1774 -0.1084 0.9781
vn 0.2164 0.2814 0.9349
vn -0.0025 0.0013 1.0000
vn -0.6277 0.7113 0.3164
vn 0.5563 0.8181 0.1460
vn -0.1287 -0.8641 0.4865
vn -0.6652 -0.6244 0.4095
vn -0.5269 0.8052 0.2721
vn 0.8280 0.5405 0.1492
vn -0.5868 -0.5047 -0.6331
vn -0.0473 -0.0947 -0.9944
vn -0.5688 -0.4467 -0.6906
vn -0.1027 0.1124 0.9883
vn -0.0341 0.0817 0.9961
vn 0.0458 0.0822 0.9956
vn 0.0246 -0.0764 0.9968
vn -0.4793 -0.6084 0.6325
vn 0.9795 -0.1460 0.1391
vn 0.4258 -0.9045 0.0233
vn -0.4482 -0.1300 0.8844
vn 0.1818 0.2157 0.9594
vn 0.6221 -0.0375 0.7820
vn -0.7213 -0.4525 0.5243
vn 0.7197 -0.1834 -0.6696
vn 0.7496 -0.1399 -0.6469
vn 0.8895 -0.3322 -0.3139
vn 0.8153 -0.0569 -0.5762
vn 0.4936 0.6804 -0.5417
vn -0.3417 0.1106 0.9333
vn -0.7877 -0.4044 0.4648
vn -0.1269 0.9684 0.2148
vn 0.4485 0.2264 0.8646
vn 0.9241 -0.0443 -0.3797
vn -0.5769 0.0637 -0.8143
vn 0.6031 0.2067 -0.7704
vn -0.6669 0.4496 -0.5942
vn -0.9933 -0.0978 -0.0624
vn -0.7623 -0.4561 -0.4592
vn -0.5231 0.7370 -0.4281
vn -0.2056 -0.0034 -0.9786
vn -0.3308 0.8635 -0.3806
vn 0.9484 0.3105 -0.0637
vn 0.8093 0.4997 -0.3086
vn 0.8031 0.5932 -0.0565
vn 0.9650 0.1433 0.2197
vn 0.6551 -0.0690 0.7524
vn 0.9483 -0.1150 -0.2959
vn -0.5651 -0.4874 0.6656
vn 0.6617 0.6581 -0.3593
vn 0.6294 0.4298 -0.6474
vn -0.4697 -0.0036 -0.8828
vn 0.6033 0.3420 0.7205
vn -0.0309 -0.5076 0.8610
vn -0.5565 -0.2617 -0.7885
vn 0.0335 0.2602 -0.9650
vn 0.0861 0.3578 0.9298
vn 0.2183 -0.1144 0.9692
vn 0.0448 0.6123 0.7894
vn -0.9837 0.1018 0.1485
vn -0.8194 0.5395 0.1938
vn 0.1724 0.7339 0.6570
vn 0.5919 -0.7842 -0.1860
vn 0.1823 -0.9552 -0.2333
vn 0.3803 -0.5876 0.7142
vn 0.5211 0.1184 -0.8452
vn -0.0833 0.3531 0.9319
vn -0.0082 0.9999 0.0127
vn -0.5449 -0.3611 0.7568
vn 0.8330 -0.4896 0.2577
vn 0.5738 0.8156 0.0740
vn -0.8845 -0.1269 -0.4489
vn -0.9525 -0.1011 -0.2871
vn 0.4376 -0.0250 -0.8988
vn 0.3937 0.0579 -0.9174
vn 0.6480 0.2580 0.7166
vn 0.5023 0.3640 0.7844
vn 0.8712 0.4411 0.2157
vn 0.9734 0.1533 0.1704
vn 0.9993 0.0165 -0.0339
vn -0.2636 0.4826 0.8352
vn -0.5163 -0.4801 0.7092
vn -0.7831 -0.6012 -0.1590
vn 0.5163 -0.4194 0.7467
vn 0.1759 -0.4232 0.8888
vn -0.6471 -0.1446 -0.7486
vn -0.6016 -0.5770 -0.5524
vn -0.0000 -1.0000 -0.0000
vn -0.4310 0.7115 0.5549
vn -0.5663 0.8037 0.1826
vn -0.2464 0.6400 0.7278
vn 0.2216 0.9748 -0.0252
vn 0.5615 0.8087 -0.1753
vn -0.9645 -0.2441 -0.1005
vn -0.7727 0.6348 0.0017
vn -0.6821 -0.3481 0.6430
vn -0.5424 -0.4571 0.7049
vn 0.5601 -0.5105 0.6525
vn 0.0314 -0.9994 0.0132
vn -0.6509 -0.4396 -0.6189
vn 0.2605 0.2976 0.9185
vn 0.5773 0.3032 0.7581
vn 0.3233 0.1678 0.9313
vn 0.1264 0.1033 0.9866
vn 0.7211 0.1667 0.6725
vn 0.9246 0.2515 0.2863
vn 0.4481 0.1587 0.8798
vn -0.6971 0.1773 0.6947
vn -0.6693 0.0674 0.7399
vn -0.4730 0.1345 0.8707
vn 0.1612 0.9521 0.2600
vn -0.3483 -0.1105 0.9308
vn -0.3280 0.1319 0.9354
vn 0.3984 -0.0086 -0.9172
vn -0.1141 0.2763 -0.9543
vn -0.0831 0.9020 0.4237
vn -0.1839 0.7949 -0.5782
vn -0.1863 0.2930 -0.9378
vn 0.7514 -0.3451 -0.5624
vn 0.6311 0.4115 0.6575
vn -0.6055 -0.2823 -0.7441
vn -0.7866 -0.3291 0.5225
vn -0.3506 0.8889 -0.2948
vn 0.7957 -0.1508 0.5866
vn 0.8462 -0.3427 0.4081
vn 0.8239 -0.3468 0.4482
vn 0.8117 -0.2133 0.5437
vn 0.7073 -0.3246 0.6280
vn 0.9197 0.3612 -0.1536
vn 0.8305 0.4636 0.3089
vn 0.9644 0.1021 -0.2441
vn 0.6969 0.0919 -0.7113
vn 0.6941 0.2594 -0.6715
vn 0.6246 0.7506 -0.2156
vn 0.6057 0.7724 0.1913
vn 0.0386 -0.1187 0.9922
vn -0.6259 -0.0333 0.7792
vn 0.3074 0.0229 0.9513
vn -0.0354 -0.2309 0.9723
vn -0.0039 -0.0367 0.9993
vn -0.8609 -0.3734 0.3456
vn 0.4593 0.0716 0.8854
vn 0.8893 0.2450 0.3861
vn 0.4240 0.3180 0.8480
vn -0.5322 -0.2178 -0.8181
vn 0.7295 0.6840 -0.0000
vn 0.0585 0.9983 0.0066
vn 0.8016 0.5840 0.1282
vn 0.5756 0.8163 0.0484
vn 0.0321 0.7823 -0.6220
vn -0.8878 0.1101 -0.4469
vn -0.3928 0.1704 -0.9037
vn -0.8951 0.3358 -0.2932
vn -0.9607 0.0351 -0.2755
vn 0.0302 -0.3389 0.9403
vn 0.9070 0.0223 0.4204
vn 0.9217 0.3742 0.1019
vn -0.0109 -0.4807 0.8768
vn -0.8811 -0.3757 -0.2874
vn -0.9909 -0.0804 0.1084
vn -0.9221 -0.2926 0.2531
vn -0.9209 -0.3356 0.1982
vn -0.9873 -0.0274 0.1563
vn -0.9044 0.3545 -0.2374
vn 0.0485 -0.9958 0.0774
vn 0.4179 0.8709 0.2586
vn 0.2111 0.9027 0.3750
vn -0.0442 0.9625 0.2678
vn 0.1629 0.9800 0.1141
vn 0.8348 -0.2948 -0.4650
vn 0.8499 -0.1112 -0.5150
vn 0.9329 -0.2120 0.2911
vn 0.9379 -0.2622 -0.2272
vn 0.8616 -0.1490 0.4852
vn 0.4391 -0.0752 0.8953
vn -0.7320 -0.0476 0.6797
vn 0.0553 0.9582 0.2807
vn -0.0498 -0.9856 -0.1616
vn 0.0284 -0.7908 -0.6114
vn -0.9567 0.1056 -0.2714
vn -0.0899 -0.5577 -0.8252
vn 0.9001 0.2400 0.3636
vn 0.8584 0.1931 0.4752
vn 0.6542 0.6935 -0.3017
vn 0.1650 0.1673 0.9720
vn -0.5261 -0.5212 -0.6720
vn 0.1994 -0.0544 -0.9784
vn 0.0953 0.7758 -0.6237
vn 0.3819 0.5500 -0.7427
vn 0.6420 -0.5217 -0.5618
vn 0.9362 0.1471 -0.3193
vn 0.2699 0.0154 -0.9628
vn -0.8747 -0.4297 0.2242
vn -0.4753 -0.6497 0.5933
vn -0.0839 0.6142 0.7847
vn -0.2317 0.1515 0.9609
vn -0.0755 -0.1526 0.9854
vn 0.1478 0.9863 0.0736
vn -0.1345 0.9468 -0.2924
vn -0.2810 0.9457 0.1634
vn 0.2444 0.9600 0.1370
vn 0.9623 0.2178 -0.1630
vn 0.8432 -0.0316 -0.5367
vn 0.9851 0.1118 -0.1310
vn 0.6292 0.6866 0.3642
vn 0.6780 -0.6490 0.3452
vn 0.9889 -0.1275 -0.0758
vn -0.9591 -0.2494 -0.1343
vn -0.3544 -0.4710 -0.8078
vn -0.6224 -0.5981 -0.5049
vn -0.9172 -0.0240 -0.3976
vn -0.7278 -0.2882 -0.6223
vn -0.8926 0.0758 0.4445
vn -0.7406 -0.4545 0.4948
vn -0.8560 -0.5136 0.0591
vn 0.9083 0.2418 0.3414
vn 0.5638 0.5306 0.6329
vn 0.4593 0.2444 0.8540
vn 0.9834 -0.0455 -0.1757
vn -0.2235 -0.4532 0.8629
vn 0.9046 -0.2751 -0.3257
vn 0.9573 -0.2511 -0.1432
vn -0.5143 0.0102 -0.8576
vn -0.3515 -0.2515 -0.9018
vn -0.5865 -0.5112 -0.6282
vn -0.4924 -0.5648 0.6623
vn -0.8258 -0.0272 0.5633
vn -0.6525 0.7007 -0.2886
vn -0.6220 0.4881 -0.6123
vn -0.7004 0.3083 -0.6438
vn 0.2089 0.1018 0.9726
vn 0.8572 -0.0298 0.5141
vn -0.0493 -0.0874 0.9950
vn -0.3447 0.0369 0.9380
vn -0.5504 0.6022 0.5783
vn -0.5454 -0.4756 0.6901
vn 0.3328 0.0239 0.9427
vn 0.3194 -0.0321 0.9471
vn -0.4740 0.0760 0.8772
vn 0.6126 -0.7836 -0.1034
vn -0.4725 -0.2053 -0.8571
vn -0.3781 0.5050 0.7759
vn -0.3737 -0.2932 0.8800
vn 0.9262 -0.3577 -0.1191
vn 0.9463 -0.2048 -0.2500
vn 0.7581 -0.3947 -0.5191
vn 0.9677 0.0026 -0.2521
vn 0.9713 -0.2032 0.1238
vn 0.3977 0.3430 -0.8510
vn 0.7888 -0.3278 0.5200
vn -0.3490 0.2279 0.9090
vn 0.3472 0.6538 0.6723
vn -0.2463 0.0118 0.9691
vn -0.9042 -0.4193 -0.0811
vn -0.9538 -0.2020 -0.2225
vn -0.7523 -0.5869 -0.2994
vn -0.9337 -0.3229 0.1550
vn -0.4446 0.5070 -0.7385
vn -0.5601 0.8284 0.0069
vn 0.8627 -0.2231 -0.4539
vn 0.6414 0.1031 -0.7603
vn -0.5707 -0.5700 0.5911
vn 0.5086 -0.4704 0.7212
vn -0.1317 -0.2685 -0.9542
vn -0.9086 0.1522 0.3891
vn -0.1981 0.4828 0.8530
vn -0.1613 -0.1076 0.9810
vn 0.0621 0.3325 0.9411
vn 0.4532 0.2970 -0.8405
vn -0.9237 0.3397 -0.1772
vn 0.2223 -0.0065 -0.9750
vn -0.9767 -0.1529 -0.1506
vn -0.1683 0.9650 -0.2011
vn 0.5082 -0.8533 0.1170
vn 0.5570 -0.8262 -0.0848
vn 0.6808 0.3155 -0.6611
vn -0.6432 -0.0450 0.7644
vn -0.6377 0.0592 0.7680
vn -0.9514 0.2594 0.1662
vn -0.7270 -0.2103 0.6536
vn -0.7145 0.0761 -0.6954
vn -0.7775 0.2234 -0.5879
vn -0.0497 0.3861 -0.9211
vn -0.3211 0.3766 -0.8689
vn -0.0057 0.6006 -0.7996
vn 0.7326 -0.5618 -0.3842
vn 0.6072 -0.7945 -0.0131
vn 0.4085 -0.5792 -0.7054
vn 0.7297 -0.6829 0.0341
vn 0.3290 -0.7080 -0.6249
vn 0.1753 -0.1407 0.9744
vn -0.0283 -0.2256 0.9738
vn 0.6425 -0.3775 0.6668
vn 0.0357 0.0161 0.9992
vn 0.2272 0.3493 0.9091
vn 0.5615 -0.8023 0.2024
vn 0.0087 -0.8305 0.5570
vn 0.0284 -0.9931 0.1141
vn 0.0218 -0.9255 -0.3780
vn -0.1780 0.3403 0.9233
vn 0.0371 0.4496 0.8925
vn 0.2332 0.4663 0.8533
vn 0.6119 -0.4698 -0.6362
vn -0.5470 -0.0137 0.8370
vn 0.7250 0.6886 0.0124
vn 0.6295 0.5100 -0.5862
vn -0.9604 -0.2259 0.1631
vn -0.5321 0.6922 0.4876
vn -0.8317 0.1372 -0.5380
vn -0.2490 0.6122 0.7504
vn -0.9796 -0.1172 -0.1634
vn -0.3949 -0.7616 -0.5138
vn -0.8183 0.2681 -0.5085
vn -0.0863 0.8970 0.4336
vn 0.6811 0.6490 0.3389
vn -0.9972 0.0172 0.0726
vn -0.8982 0.2206 0.3802
vn 0.8885 -0.4578 0.0315
vn 0.8331 0.4515 0.3195
vn 0.3082 0.9333 -0.1843
vn -0.9139 0.1986 0.3540
vn 0.2859 -0.6437 0.7099
vn 0.7941 0.3537 0.4943
vn 0.4490 0.7890 0.4193
vn 0.9278 0.0849 -0.3633
vn -0.7139 -0.6948 -0.0874
vn 0.7301 -0.5209 -0.4423
vn -0.6020 -0.7899 0.1171
vn 0.7894 -0.0183 -0.6136
vn 0.6475 -0.2226 -0.7288
vn 0.9401 -0.0226 -0.3400
vn -0.7135 0.2592 -0.6510
vn 0.0178 -0.2791 0.9601
vn 0.6453 -0.2990 0.7030
vn -0.2767 -0.7487 0.6024
vn 0.3086 0.6569 -0.6879
vn 0.9358 -0.3239 0.1392
vn -0.5257 -0.3305 0.7839
vn -0.7779 -0.3211 0.5401
vn -0.6970 -0.3324 0.6353
vn -0.4713 -0.3556 0.8071
vn 0.9671 0.1848 0.1747
vn -0.8003 0.5222 -0.2947
vn -0.8217 -0.5432 0.1727
vn -0.4016 0.9157 0.0107
vn 0.5171 0.6706 0.5319
vn -0.2406 0.0622 -0.9686
vn -0.9722 -0.1679 0.1630
vn -0.9882 -0.1432 -0.0540
vn -0.9226 -0.2758 0.2698
vn -0.1504 -0.2614 0.9535
vn -0.6284 -0.0368 0.7770
vn -0.8217 0.4960 0.2806
vn -0.9018 0.1931 -0.3866
vn 0.9941 -0.0503 0.0960
vn 0.8703 0.4902 0.0481
vn -0.9096 -0.2453 -0.3353
vn -0.6301 -0.0430 0.7753
vn 0.4386 -0.3987 0.8054
vn 0.2373 0.3729 -0.8970
vn 0.4076 -0.9046 -0.1245
vn 0.3554 -0.6861 0.6348
vn -0.1179 0.0378 0.9923
vn 0.0507 -0.3194 0.9463
vn -0.3256 0.1703 0.9300
vn -0.6204 0.3061 0.7221
vn -0.4443 0.1632 0.8809
vn -0.8009 0.5605 0.2108
vn -0.6820 -0.6238 0.3818
vn 0.2794 -0.9497 -0.1416
vn 0.9081 -0.4186 0.0048
vn -0.1734 -0.9617 -0.2125
vn 0.1973 -0.3576 -0.9128
vn -0.6986 0.1587 -0.6977
vn -0.0499 -0.1262 -0.9907
vn -0.2370 0.0762 -0.9685
vn -0.5796 0.3736 -0.7242
vn 0.8909 0.0886 0.4455
vn 0.9779 0.1821 -0.1022
vn 0.1118 -0.3082 0.9447
vn -0.9640 0.0781 0.2541
vn 0.2100 -0.6970 -0.6857
vn 0.6387 0.3063 -0.7058
vn -0.4240 -0.3257 -0.8451
vn 0.8543 0.0751 -0.5143
vn 0.0170 -0.3441 -0.9388
vn 0.2191 -0.2030 -0.9543
vn -0.0471 -0.1707 0.9842
vn 0.1466 0.0279 0.9888
vn 0.5856 0.2242 -0.7790
vn -0.2433 0.4732 0.8467
vn -0.4368 0.8995 -0.0040
vn 0.2796 0.3422 -0.8971
vn 0.3124 0.1233 -0.9419
vn -0.0654 0.7810 0.6211
vn -0.0384 -0.4037 -0.9141
vn 0.3114 0.3434 -0.8861
vn -0.0266 -0.3299 -0.9436
vn 0.8505 -0.4761 0.2235
vn 0.6849 -0.3534 0.6372
vn -0.9068 -0.2206 0.3592
vn -0.8186 0.5651 0.1031
vn -0.7604 0.5057 -0.4074
vn -0.8049 0.5376 0.2512
vn 0.4621 0.0164 0.8867
vn 0.9799 -0.1928 -0.0512
vn 0.9832 -0.1823 0.0051
vn 0.1179 0.2839 0.9516
vn 0.5417 -0.3494 0.7645
vn -0.0348 0.9372 -0.3471
vn 0.1258 0.8167 -0.5631
vn -0.0000 0.7937 -0.6083
vn 0.0917 0.9896 0.1107
vn 0.0476 0.9964 0.0698
vn -0.5247 0.3646 -0.7692
vn -0.8109 0.3986 -0.4284
vn 0.9395 0.2090 0.2714
vn 0.3213 -0.2762 -0.9058
vn -0.5525 0.1829 0.8132
vn 0.0677 -0.1696 0.9832
vn -0.4605 -0.0340 0.8870
vn -0.7288 -0.1141 0.6752
vn 0.6112 -0.5782 0.5406
vn 0.6580 0.3911 0.6434
vn 0.0337 -0.5397 0.8412
vn 0.6286 -0.3754 0.6811
vn -0.0625 -0.3419 0.9377
vn -0.5879 -0.8063 0.0656
vn 0.7079 0.2066 -0.6754
vn 0.6598 0.0099 -0.7514
vn -0.0425 -0.9990 0.0097
vn 0.3058 0.9108 -0.2775
vn 0.5355 0.8308 -0.1517
vn -0.7793 0.0337 0.6257
vn 0.2713 0.4546 0.8484
vn 0.1868 -0.4063 -0.8945
vn -0.1722 0.6736 -0.7187
vn -0.9194 -0.1401 -0.3675
vn -0.9063 -0.3244 -0.2710
vn 0.0155 -0.9998 0.0101
vn 0.8313 -0.5220 0.1908
vn 0.8701 -0.2652 0.4155
vn 0.9975 -0.0477 0.0525
vn -0.0694 0.9294 0.3626
vn 0.5943 -0.7829 -0.1839
vn -0.7998 -0.0188 -0.6000
vn 0.2347 -0.9527 -0.1928
vn -0.0089 -0.4884 0.8726
vn -0.6798 0.5504 -0.4847
vn -0.8589 0.3537 0.3703
vn 0.2800 0.9597 -0.0220
vn -0.3355 0.9231 -0.1879
vn 0.9297 -0.3403 -0.1406
vn 0.9588 -0.2323 0.1635
vn 0.5157 -0.4194 0.7471
vn -0.3778 0.4942 -0.7830
vn -0.6080 0.4044 0.6833
vn 0.9667 0.1688 0.1921
vn 0.5889 0.5018 0.6336
vn -0.4488 0.0915 0.8889
vn 0.9793 -0.1905 0.0678
vn 0.4372 0.3463 0.8300
vn 0.7020 0.4264 -0.5704
vn 0.3250 -0.6841 -0.6530
vn -0.1225 -0.7405 -0.6607
vn 0.4733 -0.0264 -0.8805
vn -0.5170 -0.3620 0.7757
vn -0.6704 0.0848 0.7371
vn 0.2171 0.4890 -0.8448
vn 0.7068 0.7052 -0.0557
vn 0.8712 -0.4870 -0.0617
vn -0.5524 -0.7821 0.2885
vn -0.9368 -0.0937 -0.3371
vn -0.8087 -0.4127 -0.4192
vn 0.5081 -0.8347 -0.2125
vn 0.2648 -0.9428 -0.2023
vn -0.9165 -0.2433 -0.3174
vn 0.1168 -0.6958 -0.7086
vn 0.3151 0.3751 0.8718
vn -0.7058 -0.3124 0.6358
vn -0.4623 0.2351 -0.8550
vn -0.8920 -0.0668 0.4471
vn 0.4446 -0.7458 -0.4961
vn 0.7230 0.2668 0.6372
vn -0.1209 0.9645 -0.2347
vn 0.8794 -0.4494 0.1571
vn 0.5119 0.4644 0.7227
vn -0.3324 0.3866 -0.8603
vn 0.9706 -0.2139 0.1105
vn -0.0576 0.9961 0.0674
vn 0.7222 -0.4335 0.5389
vn 0.7956 0.0157 -0.6057
vn -0.7263 -0.2778 -0.6287
vn 0.0192 -0.9872 -0.1582
vn -0.1363 -0.9887 -0.0627
vn 0.8703 -0.2130 0.4441
vn 0.8775 0.1476 -0.4563
vn -0.7010 0.6786 0.2192
vn 0.5516 -0.7242 0.4138
vn 0.2596 -0.3678 -0.8930
vn -0.5421 -0.2667 -0.7969
vn 0.0733 0.0211 0.9971
vn -0.1355 -0.0965 0.9861
vn 0.4324 -0.4251 0.7952
vn -0.7366 -0.6737 0.0593
vn 0.7099 -0.6983 -0.0914
vn -0.8456 -0.3427 0.4092
vn -0.3915 0.9183 0.0586
vn -0.6723 0.3368 0.6593
vn 0.4899 0.8252 0.2811
vn 0.2863 -0.3133 0.9055
vn 0.1568 -0.2114 -0.9647
vn 0.9837 0.0944 -0.1530
vn 0.7839 -0.6209 -0.0019
vn 0.6315 0.1973 -0.7499
vn 0.2734 0.1975 0.9414
vn -0.2529 0.1357 0.9579
vn -0.3601 0.1671 0.9178
vn -0.8027 0.5753 0.1571
vn 0.9297 -0.1667 0.3284
vn -0.6960 0.0035 -0.7181
vn 0.5424 -0.2631 0.7978
vn 0.6516 -0.0144 0.7584
vn -0.7684 -0.3728 0.5202
vn -0.0078 0.9993 0.0356
vn -0.8064 0.1117 0.5808
vn -0.1647 0.9849 -0.0536
vn 0.5503 -0.0827 -0.8309
vn -0.4021 -0.0343 -0.9150
vn -0.7411 -0.0824 -0.6663
vn -0.4979 0.3472 0.7947
vn -0.0108 -0.0131 -0.9999
vn -0.1803 0.3055 0.9350
vn -0.0420 -0.2644 0.9635
vn -0.0494 -0.6851 -0.7268
vn -0.0853 -0.8769 0.4730
vn -0.1117 -0.7020 0.7034
vn 0.0752 -0.2628 0.9619
vn -0.0845 -0.9245 0.3716
vn -0.4380 0.8925 0.1082
vn -0.3408 0.0077 0.9401
vn 0.4129 -0.6805 0.6053
vn -0.4942 -0.6083 0.6210
vn 0.3186 0.0183 0.9477
vn -0.9551 -0.2958 -0.0189
vn -0.7022 -0.5079 0.4990
vn 0.4623 0.2492 0.8509
vn -0.1266 -0.0340 0.9914
vt 0.539881 0.756249
vt 0.549681 0.753065
vt 0.556251 0.768028
vt 0.513832 0.762657
vt 0.532415 0.740357
vt 0.536467 0.776681
vt 0.548725 0.737515
vt 0.721293 0.703070
vt 0.736168 0.708173
vt 0.717027 0.710554
vt 0.726244 0.695615
vt 0.712320 0.694534
vt 0.777275 0.131590
vt 0.776526 0.119883
vt 0.790478 0.129890
vt 0.308171 0.300454
vt 0.288258 0.302176
vt 0.304104 0.274248
vt 0.339961 0.269122
vt 0.305925 0.326279
vt 0.348549 0.316751
vt 0.323320 0.323905
vt 0.345818 0.295139
vt 0.881663 0.796109
vt 0.868174 0.797672
vt 0.868475 0.790755
vt 0.802204 0.924044
vt 0.790804 0.915545
vt 0.805786 0.912017
vt 0.807962 0.923155
vt 0.799544 0.927176
vt 0.880026 0.800787
vt 0.879192 0.790075
vt 0.747410 0.318100
vt 0.775428 0.320368
vt 0.747863 0.340786
vt 0.739071 0.292326
vt 0.774210 0.291696
vt 0.724095 0.332505
vt 0.725000 0.308423
vt 0.925991 0.294332
vt 0.944178 0.284867
vt 0.935322 0.303116
vt 0.914923 0.302116
vt 0.916508 0.289284
vt 0.934279 0.276483
vt 0.245360 0.696122
vt 0.261945 0.687198
vt 0.259597 0.701031
vt 0.248496 0.681941
vt 0.246054 0.709754
vt 0.231379 0.700897
vt 0.234032 0.681873
vt 0.212628 0.902010
vt 0.201160 0.923177
vt 0.193222 0.895749
vt 0.219731 0.355544
vt 0.235667 0.363087
vt 0.216684 0.372672
vt 0.198730 0.875870
vt 0.220661 0.886791
vt 0.220661 0.927659
vt 0.203536 0.366780
vt 0.198473 0.355772
vt 0.950179 0.427285
vt 0.953179 0.439467
vt 0.943190 0.444597
vt 0.960575 0.403630
vt 0.962890 0.428154
vt 0.935948 0.428498
vt 0.948485 0.404059
vt 0.121245 0.835748
vt 0.132437 0.839553
vt 0.124170 0.842662
vt 0.116323 0.834198
vt 0.122790 0.823228
vt 0.129913 0.830637
vt 0.923222 0.701468
vt 0.934014 0.704765
vt 0.924988 0.706138
vt 0.933114 0.694951
vt 0.366068 0.560022
vt 0.352045 0.566322
vt 0.354422 0.560050
vt 0.341008 0.544002
vt 0.456629 0.043647
vt 0.447804 0.042042
vt 0.444900 0.036930
vt 0.430834 0.050784
vt 0.434511 0.060349
vt 0.560968 0.448641
vt 0.580058 0.436756
vt 0.599066 0.463018
vt 0.548046 0.433221
vt 0.565913 0.416663
vt 0.683802 0.198500
vt 0.648520 0.201542
vt 0.679388 0.174763
vt 0.578472 0.474063
vt 0.698497 0.195592
vt 0.414457 0.428322
vt 0.475664 0.409369
vt 0.418606 0.446102
vt 0.391341 0.449554
vt 0.403409 0.413428
vt 0.463792 0.389490
vt 0.387511 0.433804
vt 0.604083 0.024548
vt 0.602324 0.037059
vt 0.593598 0.028152
vt 0.816576 0.445785
vt 0.831548 0.439371
vt 0.826114 0.455353
vt 0.513797 0.840821
vt 0.515425 0.853938
vt 0.494140 0.856797
vt 0.825706 0.421769
vt 0.594434 0.011869
vt 0.538231 0.845110
vt 0.486704 0.835304
vt 0.491011 0.599322
vt 0.500459 0.604366
vt 0.494864 0.612327
vt 0.490726 0.590009
vt 0.497687 0.589780
vt 0.480267 0.593253
vt 0.484104 0.601295
vt 0.782852 0.419829
vt 0.778561 0.412816
vt 0.794507 0.419550
vt 0.801449 0.433415
vt 0.487566 0.614892
vt 0.232253 0.756885
vt 0.228419 0.737609
vt 0.236547 0.753507
vt 0.234627 0.770116
vt 0.219508 0.761643
vt 0.226800 0.746338
vt 0.445223 0.133415
vt 0.473329 0.099527
vt 0.458398 0.137168
vt 0.557645 0.150403
vt 0.545253 0.109613
vt 0.558780 0.106892
vt 0.545317 0.151772
vt 0.426644 0.160364
vt 0.568873 0.181061
vt 0.129231 0.801553
vt 0.143973 0.784945
vt 0.140406 0.804793
vt 0.118891 0.800166
vt 0.126777 0.782157
vt 0.125317 0.807846
vt 0.118822 0.803898
vt 0.383575 0.236319
vt 0.413350 0.216269
vt 0.412861 0.233893
vt 0.377298 0.212424
vt 0.406966 0.209372
vt 0.404707 0.262589
vt 0.376653 0.266306
vt 0.344421 0.238836
vt 0.414328 0.241511
vt 0.422914 0.924274
vt 0.420057 0.913422
vt 0.433223 0.909000
vt 0.411891 0.884902
vt 0.423831 0.889417
vt 0.413051 0.893187
vt 0.435490 0.920689
vt 0.433571 0.928453
vt 0.404585 0.927674
vt 0.393361 0.888707
vt 0.640196 0.901897
vt 0.620867 0.894369
vt 0.633350 0.891701
vt 0.639878 0.893053
vt 0.652401 0.895260
vt 0.654001 0.903529
vt 0.640009 0.910534
vt 0.116990 0.054615
vt 0.122542 0.052507
vt 0.121988 0.067255
vt 0.115866 0.040699
vt 0.431423 0.130081
vt 0.428315 0.131624
vt 0.433758 0.120520
vt 0.442527 0.121824
vt 0.428527 0.143779
vt 0.424985 0.145771
vt 0.927557 0.889490
vt 0.919920 0.877748
vt 0.940043 0.867366
vt 0.946420 0.167434
vt 0.931896 0.193364
vt 0.918152 0.151695
vt 0.900789 0.894937
vt 0.943356 0.193025
vt 0.932092 0.936386
vt 0.902125 0.930369
vt 0.318875 0.091188
vt 0.308707 0.084503
vt 0.318512 0.076421
vt 0.145407 0.024255
vt 0.134605 0.016232
vt 0.145373 0.013054
vt 0.304755 0.097755
vt 0.135715 0.027561
vt 0.307884 0.104591
vt 0.145407 0.035424
vt 0.291086 0.162681
vt 0.279505 0.158040
vt 0.279066 0.150168
vt 0.283857 0.166326
vt 0.195638 0.316367
vt 0.190769 0.306495
vt 0.220868 0.302158
vt 0.162347 0.314693
vt 0.225398 0.313830
vt 0.194393 0.326417
vt 0.223537 0.306201
vt 0.228584 0.915008
vt 0.233252 0.893415
vt 0.252810 0.910330
vt 0.043949 0.008684
vt 0.038264 0.027800
vt 0.035239 0.015347
vt 0.575949 0.537600
vt 0.590140 0.533974
vt 0.585237 0.552291
vt 0.029884 0.000279
vt 0.057450 0.008555
vt 0.048783 0.024828
vt 0.587605 0.521628
vt 0.238316 0.586761
vt 0.246476 0.597258
vt 0.233656 0.595843
vt 0.224078 0.586577
vt 0.222660 0.572512
vt 0.233856 0.570208
vt 0.251273 0.587966
vt 0.152532 0.070163
vt 0.148826 0.045585
vt 0.173142 0.068351
vt 0.169480 0.093229
vt 0.150113 0.098703
vt 0.144407 0.402644
vt 0.153545 0.379921
vt 0.162634 0.393458
vt 0.136632 0.389070
vt 0.124906 0.409341
vt 0.184673 0.823239
vt 0.182477 0.812908
vt 0.197168 0.809923
vt 0.200617 0.821769
vt 0.187087 0.834118
vt 0.167761 0.837552
vt 0.166023 0.827947
vt 0.679076 0.771955
vt 0.693303 0.795777
vt 0.648973 0.771525
vt 0.672692 0.757806
vt 0.699931 0.776782
vt 0.636964 0.742821
vt 0.531901 0.190321
vt 0.550224 0.186742
vt 0.549490 0.213953
vt 0.515703 0.188638
vt 0.515334 0.150737
vt 0.528119 0.216559
vt 0.530963 0.151233
vt 0.962114 0.065807
vt 0.958155 0.086483
vt 0.951437 0.084720
vt 0.477492 0.038997
vt 0.465145 0.054846
vt 0.474604 0.029757
vt 0.947364 0.063914
vt 0.949491 0.047932
vt 0.969380 0.045955
vt 0.497595 0.030198
vt 0.500629 0.038591
vt 0.677018 0.503114
vt 0.663995 0.495655
vt 0.685596 0.476701
vt 0.572203 0.176759
vt 0.586852 0.148339
vt 0.601323 0.171467
vt 0.696923 0.521596
vt 0.658422 0.530289
vt 0.581343 0.185352
vt 0.717935 0.499313
vt 0.197958 0.958934
vt 0.208937 0.956375
vt 0.210618 0.962458
vt 0.048356 0.282734
vt 0.036410 0.293220
vt 0.032026 0.280280
vt 0.204544 0.965650
vt 0.199652 0.974122
vt 0.034417 0.277511
vt 0.051020 0.295245
vt 0.678897 0.300101
vt 0.690479 0.293162
vt 0.691261 0.309744
vt 0.681990 0.313019
vt 0.669543 0.318276
vt 0.668529 0.295404
vt 0.678561 0.280297
vt 0.560613 0.359024
vt 0.569604 0.350752
vt 0.570381 0.367995
vt 0.277476 0.053467
vt 0.272979 0.061885
vt 0.268598 0.052627
vt 0.091774 0.189136
vt 0.086006 0.206271
vt 0.069569 0.185994
vt 0.107463 0.208553
vt 0.111358 0.191421
vt 0.075065 0.180165
vt 0.092822 0.177267
vt 0.112296 0.174953
vt 0.833473 0.069580
vt 0.858460 0.068807
vt 0.837897 0.096503
vt 0.854802 0.042101
vt 0.832094 0.043196
vt 0.809835 0.082182
vt 0.810653 0.054475
vt 0.846229 0.660643
vt 0.834303 0.660176
vt 0.847736 0.655748
vt 0.852408 0.667424
vt 0.838664 0.663979
vt 0.458522 0.683924
vt 0.477597 0.719169
vt 0.468599 0.720124
vt 0.448176 0.687006
vt 0.437542 0.644979
vt 0.470357 0.680381
vt 0.054281 0.326504
vt 0.055198 0.318579
vt 0.072095 0.316829
vt 0.069252 0.328214
vt 0.068666 0.337909
vt 0.052857 0.339922
vt 0.046561 0.327217
vt 0.291755 0.910664
vt 0.300130 0.904839
vt 0.291432 0.923461
vt 0.290008 0.893616
vt 0.273275 0.909511
vt 0.777094 0.895839
vt 0.782668 0.886807
vt 0.790344 0.892721
vt 0.759078 0.902683
vt 0.764690 0.891226
vt 0.769921 0.879393
vt 0.774752 0.908516
vt 0.781710 0.911139
vt 0.785461 0.902078
vt 0.704825 0.165293
vt 0.705657 0.163122
vt 0.718957 0.170434
vt 0.704795 0.187871
vt 0.937906 0.713403
vt 0.947350 0.707508
vt 0.939318 0.725685
vt 0.929083 0.715222
vt 0.932839 0.728568
vt 0.943904 0.701536
vt 0.401889 0.102361
vt 0.383767 0.094886
vt 0.401055 0.076873
vt 0.408994 0.087614
vt 0.425353 0.108881
vt 0.380695 0.124597
vt 0.891608 0.821320
vt 0.896440 0.807348
vt 0.900692 0.818623
vt 0.888255 0.810090
vt 0.888092 0.834397
vt 0.883600 0.818129
vt 0.896926 0.832663
vt 0.081694 0.475041
vt 0.063396 0.468050
vt 0.083154 0.469519
vt 0.388084 0.376932
vt 0.410311 0.370743
vt 0.389894 0.388664
vt 0.100872 0.480816
vt 0.062928 0.477956
vt 0.369018 0.379477
vt 0.278059 0.306675
vt 0.262035 0.300216
vt 0.275241 0.298379
vt 0.457629 0.284536
vt 0.458766 0.299503
vt 0.449981 0.299797
vt 0.264290 0.311126
vt 0.448044 0.284512
vt 0.460352 0.274019
vt 0.421350 0.293254
vt 0.426550 0.285327
vt 0.431791 0.301594
vt 0.425658 0.307430
vt 0.788595 0.101339
vt 0.801266 0.101043
vt 0.791188 0.115801
vt 0.787276 0.082613
vt 0.797724 0.083630
vt 0.773778 0.102422
vt 0.819369 0.249036
vt 0.820647 0.265888
vt 0.811189 0.265856
vt 0.811211 0.247327
vt 0.819162 0.219502
vt 0.828132 0.248288
vt 0.794245 0.211479
vt 0.791718 0.234693
vt 0.755341 0.221375
vt 0.548330 0.380567
vt 0.552143 0.389387
vt 0.531964 0.404451
vt 0.753410 0.195007
vt 0.795912 0.193635
vt 0.525460 0.376985
vt 0.535343 0.363670
vt 0.875462 0.727072
vt 0.870180 0.725882
vt 0.869216 0.715992
vt 0.091150 0.804165
vt 0.096905 0.795014
vt 0.098621 0.799267
vt 0.874855 0.715742
vt 0.097305 0.807242
vt 0.079553 0.792356
vt 0.880512 0.712943
vt 0.879435 0.739525
vt 0.280350 0.633859
vt 0.260973 0.644080
vt 0.263792 0.627101
vt 0.268241 0.606883
vt 0.285933 0.605603
vt 0.301507 0.655476
vt 0.275319 0.647006
vt 0.334958 0.609252
vt 0.340883 0.648741
vt 0.235674 0.301549
vt 0.244890 0.286439
vt 0.244888 0.307014
vt 0.236662 0.312030
vt 0.226047 0.309699
vt 0.232746 0.284979
vt 0.226491 0.300869
vt 0.014703 0.500512
vt 0.009987 0.500430
vt 0.010835 0.496790
vt 0.016012 0.495509
vt 0.020739 0.495291
vt 0.011863 0.506419
vt 0.018488 0.510569
vt 0.832908 0.852588
vt 0.831110 0.837242
vt 0.841585 0.840931
vt 0.826756 0.837751
vt 0.814788 0.856474
vt 0.823075 0.849657
vt 0.817726 0.860662
vt 0.842936 0.849619
vt 0.833861 0.856115
vt 0.402809 0.042112
vt 0.383278 0.052445
vt 0.382822 0.044866
vt 0.313595 0.553359
vt 0.315720 0.547983
vt 0.333051 0.559676
vt 0.427511 0.042669
vt 0.405757 0.051969
vt 0.293747 0.557076
vt 0.461731 0.758287
vt 0.447299 0.756720
vt 0.457054 0.751438
vt 0.360123 0.919849
vt 0.354546 0.906431
vt 0.366053 0.917714
vt 0.348615 0.914650
vt 0.367799 0.933666
vt 0.352577 0.921993
vt 0.452002 0.767458
vt 0.924269 0.538675
vt 0.926476 0.510121
vt 0.949800 0.528393
vt 0.908726 0.579375
vt 0.896582 0.551486
vt 0.898369 0.525355
vt 0.938951 0.576398
vt 0.954410 0.555323
vt 0.153204 0.341887
vt 0.121371 0.339210
vt 0.150838 0.331350
vt 0.166897 0.340213
vt 0.167022 0.352148
vt 0.149409 0.353183
vt 0.827770 0.886692
vt 0.847266 0.896341
vt 0.827770 0.932534
vt 0.774825 0.188156
vt 0.762303 0.172783
vt 0.783157 0.184869
vt 0.718894 0.188774
vt 0.829561 0.876389
vt 0.244040 0.444778
vt 0.220433 0.437023
vt 0.234823 0.421172
vt 0.269645 0.444733
vt 0.260366 0.460842
vt 0.249234 0.472440
vt 0.233649 0.461115
vt 0.250000 0.431631
vt 0.039707 0.468704
vt 0.040361 0.452333
vt 0.058904 0.459728
vt 0.042897 0.481868
vt 0.030120 0.476107
vt 0.022744 0.455953
vt 0.077805 0.385582
vt 0.067000 0.380671
vt 0.077805 0.356154
vt 0.241830 0.560712
vt 0.116099 0.518580
vt 0.134534 0.520868
vt 0.133590 0.548681
vt 0.113508 0.547105
vt 0.094195 0.518121
vt 0.119155 0.505066
vt 0.446445 0.875237
vt 0.475704 0.885840
vt 0.444887 0.884614
vt 0.839279 0.146482
vt 0.838335 0.186796
vt 0.828523 0.184960
vt 0.448595 0.867421
vt 0.478520 0.876661
vt 0.791460 0.149269
vt 0.807121 0.184813
vt 0.797414 0.188450
vt 0.826155 0.141161
vt 0.797844 0.146049
vt 0.579354 0.774240
vt 0.564742 0.721484
vt 0.580155 0.738667
vt 0.610964 0.760823
vt 0.555128 0.793852
vt 0.559560 0.812015
vt 0.675302 0.979584
vt 0.637973 0.954880
vt 0.658895 0.949506
vt 0.686219 0.966133
vt 0.563713 0.741907
vt 0.051469 0.200292
vt 0.031191 0.213254
vt 0.051435 0.184833
vt 0.066142 0.203354
vt 0.047965 0.220217
vt 0.822358 0.522955
vt 0.815704 0.508596
vt 0.819074 0.503976
vt 0.831625 0.522826
vt 0.507649 0.686469
vt 0.500549 0.679195
vt 0.502249 0.670338
vt 0.789226 0.923229
vt 0.787414 0.928563
vt 0.780041 0.918459
vt 0.879358 0.781624
vt 0.873751 0.782533
vt 0.265451 0.096197
vt 0.243867 0.080409
vt 0.277993 0.083474
vt 0.276367 0.099907
vt 0.270172 0.107462
vt 0.239626 0.100590
vt 0.845632 0.445340
vt 0.589193 0.047165
vt 0.621696 0.038822
vt 0.598294 0.052305
vt 0.078876 0.090477
vt 0.068989 0.131219
vt 0.060867 0.093623
vt 0.071987 0.051625
vt 0.087364 0.049943
vt 0.097971 0.087918
vt 0.084363 0.128614
vt 0.165961 0.764082
vt 0.161351 0.786400
vt 0.153062 0.805342
vt 0.126545 0.759889
vt 0.146510 0.762511
vt 0.772914 0.098901
vt 0.761038 0.123524
vt 0.761864 0.098269
vt 0.771883 0.126295
vt 0.773860 0.072029
vt 0.934525 0.630225
vt 0.926425 0.643669
vt 0.919925 0.631007
vt 0.943379 0.617989
vt 0.948649 0.629211
vt 0.944682 0.641072
vt 0.930403 0.615522
vt 0.125884 0.372098
vt 0.122384 0.383635
vt 0.116157 0.385201
vt 0.117325 0.370245
vt 0.122152 0.356725
vt 0.131376 0.374136
vt 0.468332 0.268930
vt 0.483939 0.249600
vt 0.488650 0.267195
vt 0.454464 0.262327
vt 0.468108 0.243221
vt 0.149092 0.858775
vt 0.164727 0.897134
vt 0.151443 0.900653
vt 0.448705 0.277873
vt 0.170698 0.865271
vt 0.472408 0.290916
vt 0.946736 0.133927
vt 0.953530 0.107589
vt 0.960181 0.108627
vt 0.943626 0.125154
vt 0.545914 0.006002
vt 0.518880 0.022084
vt 0.531842 0.006481
vt 0.935465 0.120508
vt 0.528657 0.001113
vt 0.441327 0.298091
vt 0.444109 0.317257
vt 0.435314 0.282413
vt 0.322949 0.053571
vt 0.306509 0.040913
vt 0.309732 0.030367
vt 0.374575 0.036536
vt 0.362992 0.038265
vt 0.365320 0.014933
vt 0.605836 0.481453
vt 0.587263 0.486923
vt 0.594446 0.474560
vt 0.607047 0.549609
vt 0.592236 0.545510
vt 0.607180 0.538131
vt 0.380500 0.022722
vt 0.390303 0.026638
vt 0.405615 0.842551
vt 0.416530 0.831057
vt 0.425727 0.853502
vt 0.401216 0.850468
vt 0.393214 0.843134
vt 0.418287 0.856040
vt 0.394127 0.825542
vt 0.868831 0.299334
vt 0.865195 0.307655
vt 0.859246 0.300878
vt 0.871543 0.306427
vt 0.864142 0.290600
vt 0.872219 0.289443
vt 0.876729 0.300452
vt 0.080136 0.727611
vt 0.088912 0.733266
vt 0.075899 0.745984
vt 0.085804 0.717232
vt 0.068070 0.732651
vt 0.063666 0.726278
vt 0.133807 0.611876
vt 0.105918 0.670316
vt 0.110853 0.609980
vt 0.134470 0.672684
vt 0.152973 0.550459
vt 0.159859 0.613739
vt 0.402986 0.917132
vt 0.417691 0.901837
vt 0.429637 0.899382
vt 0.100011 0.421583
vt 0.080606 0.436221
vt 0.075035 0.428271
vt 0.096613 0.413060
vt 0.153237 0.129899
vt 0.177835 0.131943
vt 0.158891 0.155779
vt 0.527761 0.321093
vt 0.537560 0.315728
vt 0.530692 0.325506
vt 0.136530 0.278223
vt 0.146682 0.266949
vt 0.140060 0.281602
vt 0.127682 0.286758
vt 0.122589 0.285411
vt 0.534553 0.309836
vt 0.511178 0.313276
vt 0.790890 0.869406
vt 0.802032 0.862689
vt 0.805402 0.868051
vt 0.670145 0.859715
vt 0.688806 0.866320
vt 0.656312 0.869554
vt 0.689328 0.845345
vt 0.658057 0.857280
vt 0.663404 0.368977
vt 0.678983 0.355523
vt 0.675689 0.368358
vt 0.806640 0.665880
vt 0.791260 0.671506
vt 0.786379 0.654201
vt 0.810019 0.682607
vt 0.794107 0.683992
vt 0.582326 0.296601
vt 0.598728 0.310847
vt 0.583491 0.315636
vt 0.571157 0.311451
vt 0.928564 0.332185
vt 0.917246 0.353547
vt 0.912476 0.332098
vt 0.603023 0.294310
vt 0.283857 0.225812
vt 0.251987 0.237106
vt 0.267270 0.212818
vt 0.283905 0.243744
vt 0.291452 0.242286
vt 0.481788 0.317246
vt 0.475920 0.315909
vt 0.483264 0.303776
vt 0.487241 0.321854
vt 0.787719 0.733473
vt 0.804790 0.722913
vt 0.810619 0.753074
vt 0.790487 0.757883
vt 0.761364 0.738795
vt 0.768827 0.719022
vt 0.788196 0.718972
vt 0.798999 0.276476
vt 0.808191 0.278803
vt 0.800400 0.289728
vt 0.838429 0.275443
vt 0.830229 0.295916
vt 0.830047 0.277678
vt 0.802657 0.263280
vt 0.839279 0.290589
vt 0.837358 0.262634
vt 0.495562 0.018191
vt 0.512574 0.012221
vt 0.472821 0.015976
vt 0.491057 0.011960
vt 0.510227 0.007727
vt 0.831658 0.377107
vt 0.853858 0.371419
vt 0.852228 0.395806
vt 0.444212 0.839749
vt 0.455321 0.861954
vt 0.426538 0.852516
vt 0.832779 0.399895
vt 0.836253 0.355106
vt 0.464151 0.834198
vt 0.473549 0.602818
vt 0.811997 0.406880
vt 0.804079 0.414816
vt 0.800720 0.410092
vt 0.480659 0.617812
vt 0.470238 0.607875
vt 0.809261 0.397640
vt 0.472316 0.599221
vt 0.815760 0.400974
vt 0.848143 0.795213
vt 0.850477 0.803291
vt 0.836197 0.800815
vt 0.835938 0.792037
vt 0.847911 0.789034
vt 0.194868 0.256797
vt 0.196216 0.286183
vt 0.183742 0.272894
vt 0.221335 0.237759
vt 0.225709 0.256766
vt 0.184307 0.240473
vt 0.171640 0.260547
vt 0.721397 0.589857
vt 0.713703 0.605111
vt 0.701480 0.591768
vt 0.720247 0.614775
vt 0.739088 0.586791
vt 0.736286 0.602169
vt 0.724263 0.579931
vt 0.609327 0.789814
vt 0.593103 0.822355
vt 0.581345 0.775372
vt 0.616219 0.762125
vt 0.630247 0.794957
vt 0.611557 0.826469
vt 0.508330 0.897984
vt 0.512303 0.907490
vt 0.481198 0.909627
vt 0.524619 0.894885
vt 0.507168 0.885280
vt 0.477589 0.898513
vt 0.708443 0.097899
vt 0.724141 0.123249
vt 0.710774 0.122958
vt 0.725505 0.095709
vt 0.705743 0.072014
vt 0.010458 0.730140
vt 0.012452 0.757719
vt 0.003133 0.755786
vt 0.015770 0.709811
vt 0.020257 0.729137
vt 0.003413 0.728566
vt 0.604665 0.250578
vt 0.626257 0.246064
vt 0.625543 0.256866
vt 0.607270 0.260251
vt 0.576348 0.254208
vt 0.314861 0.071147
vt 0.319214 0.063453
vt 0.339197 0.077805
vt 0.292264 0.055036
vt 0.894921 0.597651
vt 0.887236 0.605380
vt 0.880308 0.577324
vt 0.889066 0.577039
vt 0.898202 0.576738
vt 0.902472 0.605862
vt 0.558658 0.661704
vt 0.531084 0.692405
vt 0.520775 0.669916
vt 0.551862 0.646731
vt 0.583903 0.632922
vt 0.596183 0.651556
vt 0.567423 0.685281
vt 0.004906 0.222012
vt 0.022481 0.201802
vt 0.031674 0.246260
vt 0.019732 0.240983
vt 0.035962 0.184298
vt 0.945018 0.214880
vt 0.920843 0.215851
vt 0.936457 0.239592
vt 0.928271 0.239104
vt 0.867356 0.654674
vt 0.844902 0.642479
vt 0.849622 0.636813
vt 0.888046 0.651585
vt 0.882652 0.666068
vt 0.872243 0.640890
vt 0.863681 0.661229
vt 0.492664 0.108030
vt 0.503364 0.110488
vt 0.483321 0.145645
vt 0.506829 0.094766
vt 0.484737 0.105866
vt 0.488058 0.089450
vt 0.495311 0.090859
vt 0.792654 0.882757
vt 0.794649 0.886879
vt 0.777041 0.875091
vt 0.328750 0.734688
vt 0.325977 0.716500
vt 0.369360 0.722177
vt 0.371635 0.732387
vt 0.371836 0.575920
vt 0.330085 0.590223
vt 0.316482 0.569545
vt 0.414623 0.609851
vt 0.363157 0.592733
vt 0.286214 0.711299
vt 0.415346 0.595944
vt 0.288081 0.734532
vt 0.444801 0.742260
vt 0.434741 0.743260
vt 0.435932 0.731440
vt 0.443895 0.731388
vt 0.454569 0.739027
vt 0.255301 0.257549
vt 0.276744 0.260818
vt 0.283141 0.270153
vt 0.277312 0.275667
vt 0.231518 0.283154
vt 0.273587 0.281628
vt 0.255200 0.281968
vt 0.571756 0.927363
vt 0.572938 0.908603
vt 0.585802 0.912508
vt 0.561866 0.927716
vt 0.571704 0.945110
vt 0.583979 0.929614
vt 0.852856 0.933902
vt 0.851147 0.895472
vt 0.880510 0.901270
vt 0.880272 0.933700
vt 0.853697 0.942829
vt 0.849968 0.932964
vt 0.217799 0.739750
vt 0.215018 0.727450
vt 0.230400 0.729822
vt 0.459365 0.942539
vt 0.455448 0.949994
vt 0.456629 0.934151
vt 0.468150 0.943588
vt 0.467317 0.939257
vt 0.696151 0.099119
vt 0.675393 0.092069
vt 0.682657 0.069068
vt 0.686390 0.118431
vt 0.816220 0.136899
vt 0.807774 0.124196
vt 0.819435 0.120017
vt 0.792667 0.141698
vt 0.841197 0.120556
vt 0.835460 0.141794
vt 0.702800 0.074331
vt 0.365894 0.053820
vt 0.380746 0.065202
vt 0.359252 0.065681
vt 0.645862 0.284436
vt 0.645572 0.264677
vt 0.655714 0.267655
vt 0.345747 0.061915
vt 0.346546 0.050225
vt 0.664414 0.283752
vt 0.631662 0.278121
vt 0.327661 0.866701
vt 0.315056 0.885863
vt 0.314216 0.868005
vt 0.336997 0.882267
vt 0.370145 0.045383
vt 0.701421 0.440533
vt 0.714381 0.468819
vt 0.158901 0.471249
vt 0.130550 0.441212
vt 0.158712 0.439691
vt 0.121616 0.467646
vt 0.192660 0.486505
vt 0.175048 0.499272
vt 0.190765 0.449015
vt 0.142840 0.494852
vt 0.749089 0.266979
vt 0.784786 0.261813
vt 0.757305 0.243818
vt 0.723015 0.272414
vt 0.731810 0.246558
vt 0.102054 0.804219
vt 0.105533 0.813769
vt 0.413568 0.319167
vt 0.378929 0.312321
vt 0.398967 0.298215
vt 0.422911 0.312945
vt 0.404360 0.332441
vt 0.523960 0.235681
vt 0.546925 0.230990
vt 0.527829 0.241934
vt 0.505357 0.247205
vt 0.504834 0.235116
vt 0.510453 0.213297
vt 0.792417 0.590469
vt 0.808603 0.600274
vt 0.785444 0.606992
vt 0.783056 0.584610
vt 0.800382 0.585808
vt 0.813553 0.905042
vt 0.812435 0.902309
vt 0.824090 0.898697
vt 0.812106 0.912480
vt 0.701006 0.847721
vt 0.710453 0.883037
vt 0.697850 0.818117
vt 0.433735 0.653653
vt 0.425923 0.674151
vt 0.393750 0.664710
vt 0.403201 0.629971
vt 0.443874 0.676284
vt 0.816820 0.302682
vt 0.817163 0.312465
vt 0.801381 0.324633
vt 0.247331 0.211566
vt 0.287813 0.249906
vt 0.283171 0.258023
vt 0.601451 0.913372
vt 0.594215 0.912346
vt 0.605018 0.904282
vt 0.562179 0.909354
vt 0.592779 0.927677
vt 0.573530 0.895598
vt 0.601675 0.929454
vt 0.561124 0.899058
vt 0.747193 0.717369
vt 0.749611 0.701424
vt 0.741840 0.740665
vt 0.738674 0.722680
vt 0.765260 0.704174
vt 0.821603 0.278956
vt 0.817810 0.293299
vt 0.805788 0.290687
vt 0.451814 0.943547
vt 0.445469 0.929229
vt 0.445306 0.967565
vt 0.092272 0.337043
vt 0.119407 0.323986
vt 0.120670 0.352986
vt 0.092147 0.350868
vt 0.628674 0.266349
vt 0.609707 0.276701
vt 0.609070 0.266033
vt 0.752519 0.886012
vt 0.741849 0.902524
vt 0.722321 0.899395
vt 0.730861 0.876406
vt 0.744483 0.855665
vt 0.760468 0.868617
vt 0.857805 0.277551
vt 0.863653 0.260835
vt 0.867562 0.276605
vt 0.858346 0.291924
vt 0.848378 0.279707
vt 0.854352 0.261655
vt 0.377461 0.755114
vt 0.394219 0.753452
vt 0.392974 0.763880
vt 0.861076 0.882645
vt 0.853425 0.866757
vt 0.869560 0.874136
vt 0.370709 0.756612
vt 0.044659 0.771146
vt 0.057698 0.774043
vt 0.051650 0.784017
vt 0.877892 0.878377
vt 0.048113 0.752213
vt 0.057299 0.763229
vt 0.267928 0.668796
vt 0.254130 0.663730
vt 0.249527 0.640349
vt 0.317705 0.434414
vt 0.300761 0.438187
vt 0.311569 0.407926
vt 0.328758 0.427379
vt 0.326788 0.454640
vt 0.307264 0.456445
vt 0.025707 0.416251
vt 0.024130 0.429475
vt 0.019049 0.413326
vt 0.030515 0.418228
vt 0.038265 0.407130
vt 0.044389 0.317789
vt 0.027116 0.323235
vt 0.025608 0.313539
vt 0.043983 0.309719
vt 0.015634 0.128360
vt 0.001968 0.147282
vt 0.000512 0.124303
vt 0.020140 0.091540
vt 0.028768 0.127624
vt 0.029573 0.154839
vt 0.017085 0.150442
vt 0.846604 0.678637
vt 0.853946 0.672468
vt 0.859106 0.676942
vt 0.845744 0.681426
vt 0.845599 0.672776
vt 0.346781 0.371808
vt 0.337543 0.347249
vt 0.354532 0.368684
vt 0.221213 0.000325
vt 0.227862 0.004969
vt 0.204076 0.018662
vt 0.330889 0.354036
vt 0.324867 0.084106
vt 0.328668 0.089669
vt 0.321374 0.105751
vt 0.191489 0.291919
vt 0.589242 0.966829
vt 0.593770 0.945563
vt 0.598294 0.966673
vt 0.950825 0.599428
vt 0.959175 0.605867
vt 0.568354 0.966816
vt 0.584444 0.947155
vt 0.932566 0.351979
vt 0.930799 0.327761
vt 0.940474 0.345799
vt 0.079384 0.385555
vt 0.103315 0.387332
vt 0.078252 0.390303
vt 0.033076 0.265836
vt 0.030198 0.264224
vt 0.771677 0.915133
vt 0.763991 0.925916
vt 0.758743 0.918940
vt 0.079877 0.360635
vt 0.085084 0.380111
vt 0.035605 0.268296
vt 0.554983 0.888553
vt 0.539345 0.882569
vt 0.554010 0.876791
vt 0.542013 0.905900
vt 0.538059 0.892141
vt 0.559672 0.903785
vt 0.567986 0.210680
vt 0.324878 0.795368
vt 0.318872 0.815862
vt 0.298584 0.794150
vt 0.325140 0.779548
vt 0.351341 0.795844
vt 0.354213 0.812844
vt 0.297951 0.528431
vt 0.321707 0.529942
vt 0.317419 0.536044
vt 0.295285 0.538757
vt 0.286887 0.516345
vt 0.408818 0.058989
vt 0.818460 0.186550
vt 0.827852 0.218566
vt 0.815319 0.141067
vt 0.810116 0.219460
vt 0.626421 0.549646
vt 0.634839 0.568642
vt 0.613448 0.570460
vt 0.659376 0.569977
vt 0.656560 0.713180
vt 0.684334 0.694901
vt 0.682443 0.714279
vt 0.571876 0.555928
vt 0.614707 0.714279
vt 0.659181 0.690613
vt 0.658318 0.553750
vt 0.016956 0.325562
vt 0.017326 0.319436
vt 0.028942 0.331005
vt 0.771651 0.002069
vt 0.783157 0.001638
vt 0.779522 0.025063
vt 0.939246 0.260202
vt 0.881832 0.226685
vt 0.946420 0.259085
vt 0.768774 0.022526
vt 0.717540 0.020981
vt 0.712169 0.000211
vt 0.887459 0.250206
vt 0.125544 0.907869
vt 0.113344 0.912028
vt 0.132652 0.893997
vt 0.110130 0.434986
vt 0.119744 0.417591
vt 0.120081 0.429034
vt 0.102718 0.421868
vt 0.110657 0.419996
vt 0.115263 0.919745
vt 0.108278 0.448976
vt 0.474222 0.959427
vt 0.476445 0.948823
vt 0.483295 0.966524
vt 0.465244 0.962058
vt 0.471101 0.955666
vt 0.660954 0.114896
vt 0.643951 0.088913
vt 0.653125 0.062568
vt 0.588014 0.502710
vt 0.575949 0.491885
vt 0.576111 0.513283
vt 0.603341 0.505545
vt 0.015064 0.301329
vt 0.004278 0.299868
vt 0.016520 0.295353
vt 0.019839 0.308671
vt 0.847577 0.325252
vt 0.838749 0.322425
vt 0.844953 0.313776
vt 0.851532 0.316974
vt 0.855964 0.320760
vt 0.000431 0.545914
vt 0.003271 0.527202
vt 0.005541 0.534647
vt 0.092033 0.780247
vt 0.109398 0.795203
vt 0.108403 0.798053
vt 0.399300 0.288667
vt 0.402658 0.269214
vt 0.410366 0.279082
vt 0.376185 0.291605
vt 0.407831 0.295326
vt 0.338136 0.414083
vt 0.345258 0.428842
vt 0.348498 0.401934
vt 0.357080 0.419167
vt 0.327952 0.399788
vt 0.345803 0.398116
vt 0.474486 0.068799
vt 0.468060 0.093559
vt 0.463229 0.082338
vt 0.464253 0.070159
vt 0.854103 0.212149
vt 0.859462 0.226363
vt 0.844669 0.219990
vt 0.848251 0.196585
vt 0.471670 0.058014
vt 0.044183 0.894570
vt 0.041699 0.909098
vt 0.022041 0.913258
vt 0.020363 0.898721
vt 0.024142 0.879697
vt 0.044836 0.875417
vt 0.064096 0.882100
vt 0.059801 0.898356
vt 0.598404 0.843749
vt 0.571312 0.843722
vt 0.280610 0.916882
vt 0.266804 0.943036
vt 0.234119 0.917298
vt 0.277223 0.964080
vt 0.885984 0.333576
vt 0.858744 0.347562
vt 0.859069 0.340029
vt 0.896753 0.347477
vt 0.883983 0.317208
vt 0.696917 0.664316
vt 0.690865 0.646397
vt 0.702884 0.641135
vt 0.700180 0.677748
vt 0.682928 0.668279
vt 0.711132 0.665360
vt 0.135802 0.000118
vt 0.137754 0.004069
vt 0.129929 0.008341
vt 0.127645 0.005567
vt 0.421167 0.075254
vt 0.433958 0.086827
vt 0.425542 0.084079
vt 0.852863 0.884207
vt 0.851475 0.884664
vt 0.091735 0.958754
vt 0.080672 0.947545
vt 0.091423 0.949114
vt 0.102577 0.958723
vt 0.093862 0.919011
vt 0.097043 0.928055
vt 0.084595 0.927848
vt 0.082527 0.920164
vt 0.103965 0.919269
vt 0.081063 0.957608
vt 0.782244 0.559905
vt 0.797869 0.557015
vt 0.789861 0.574219
vt 0.559134 0.091478
vt 0.547227 0.094914
vt 0.551717 0.085062
vt 0.564902 0.077391
vt 0.476815 0.085168
vt 0.486638 0.077741
vt 0.872579 0.557330
vt 0.869135 0.579864
vt 0.861714 0.560151
vt 0.873615 0.534043
vt 0.885637 0.557270
vt 0.862515 0.534544
vt 0.299600 0.044749
vt 0.284173 0.036930
vt 0.302700 0.040671
vt 0.321715 0.055407
vt 0.297937 0.050178
vt 0.633853 0.458330
vt 0.614114 0.437809
vt 0.644392 0.436603
vt 0.670913 0.443125
vt 0.660042 0.464877
vt 0.643293 0.483561
vt 0.621587 0.494480
vt 0.546023 0.714438
vt 0.517081 0.722467
vt 0.507646 0.708044
vt 0.550850 0.724415
vt 0.524910 0.729636
vt 0.500120 0.660107
vt 0.516629 0.657859
vt 0.504292 0.672068
vt 0.556887 0.714606
vt 0.511631 0.636062
vt 0.102766 0.126067
vt 0.122982 0.121703
vt 0.126345 0.143592
vt 0.108511 0.148847
vt 0.090056 0.154316
vt 0.167636 0.673094
vt 0.194357 0.671726
vt 0.193129 0.687819
vt 0.166392 0.693117
vt 0.184586 0.610289
vt 0.171510 0.014575
vt 0.170420 0.020016
vt 0.168458 0.012911
vt 0.180732 0.020408
vt 0.177431 0.012101
vt 0.173252 0.001081
vt 0.441709 0.011565
vt 0.424923 0.014274
vt 0.426517 0.007571
vt 0.438527 0.025210
vt 0.849758 0.599414
vt 0.843345 0.604264
vt 0.843677 0.586622
vt 0.455190 0.012395
vt 0.854585 0.614750
vt 0.223458 0.843139
vt 0.224029 0.851477
vt 0.212737 0.844081
vt 0.229735 0.851652
vt 0.226882 0.832434
vt 0.230374 0.842941
vt 0.232592 0.833528
vt 0.152809 0.131795
vt 0.146773 0.109222
vt 0.153060 0.161323
vt 0.020987 0.171834
vt 0.007810 0.173820
vt 0.148177 0.742135
vt 0.127660 0.739337
vt 0.150664 0.711963
vt 0.169198 0.742515
vt 0.162175 0.189276
vt 0.182364 0.214700
vt 0.161374 0.215022
vt 0.182442 0.153462
vt 0.185458 0.188816
vt 0.042211 0.405698
vt 0.023404 0.400050
vt 0.028979 0.388772
vt 0.045853 0.397289
vt 0.110850 0.884955
vt 0.122854 0.900188
vt 0.108449 0.905015
vt 0.086599 0.893654
vt 0.095812 0.877586
vt 0.107121 0.858231
vt 0.126963 0.893563
vt 0.128179 0.879615
vt 0.120287 0.868718
vt 0.296320 0.672094
vt 0.293325 0.698554
vt 0.486633 0.234407
vt 0.490932 0.209647
vt 0.469136 0.227964
vt 0.949160 0.105662
vt 0.658422 0.475452
vt 0.582833 0.204518
vt 0.882789 0.941892
vt 0.883183 0.933093
vt 0.897810 0.942544
vt 0.881255 0.942032
vt 0.374292 0.839601
vt 0.354979 0.829190
vt 0.375857 0.827280
vt 0.374318 0.858093
vt 0.357376 0.844131
vt 0.452624 0.079919
vt 0.446339 0.094387
vt 0.439612 0.076290
vt 0.449664 0.070437
vt 0.151872 0.849484
vt 0.151465 0.840620
vt 0.154390 0.857135
vt 0.133016 0.856353
vt 0.168722 0.847015
vt 0.335047 0.693423
vt 0.448756 0.710903
vt 0.457459 0.708185
vt 0.461731 0.726454
vt 0.357689 0.025719
vt 0.360392 0.036826
vt 0.340244 0.039505
vt 0.452976 0.727427
vt 0.439072 0.722034
vt 0.336941 0.020284
vt 0.358648 0.016404
vt 0.335924 0.029951
vt 0.722610 0.283712
vt 0.723686 0.294680
vt 0.704650 0.291295
vt 0.702942 0.278592
vt 0.114243 0.811455
vt 0.858749 0.716022
vt 0.868050 0.711637
vt 0.153162 0.283266
vt 0.147662 0.270397
vt 0.160005 0.278188
vt 0.163315 0.290798
vt 0.155208 0.294141
vt 0.225939 0.535908
vt 0.222155 0.544616
vt 0.208366 0.539202
vt 0.235484 0.541667
vt 0.150130 0.293375
vt 0.206012 0.533882
vt 0.371582 0.518223
vt 0.386476 0.521080
vt 0.374375 0.528212
vt 0.355709 0.519721
vt 0.369764 0.503877
vt 0.442823 0.927481
vt 0.446664 0.924860
vt 0.951331 0.523220
vt 0.950423 0.514161
vt 0.960845 0.513892
vt 0.051440 0.414975
vt 0.057830 0.426047
vt 0.043162 0.416726
vt 0.938625 0.511795
vt 0.062499 0.425826
vt 0.129148 0.168096
vt 0.142612 0.180995
vt 0.126835 0.187291
vt 0.362669 0.341596
vt 0.890085 0.791037
vt 0.899410 0.791986
vt 0.905286 0.805705
vt 0.846853 0.512990
vt 0.840190 0.513644
vt 0.843183 0.504211
vt 0.849178 0.500958
vt 0.854585 0.509912
vt 0.844405 0.528151
vt 0.836846 0.527306
vt 0.409314 0.759303
vt 0.401269 0.772334
vt 0.393446 0.768994
vt 0.413793 0.742585
vt 0.416767 0.758474
vt 0.237656 0.953655
vt 0.211254 0.939423
vt 0.234039 0.960019
vt 0.259432 0.952452
vt 0.251735 0.956951
vt 0.588520 0.423222
vt 0.283612 0.018228
vt 0.263335 0.033148
vt 0.279892 0.014984
vt 0.291350 0.007224
vt 0.289576 0.026242
vt 0.104551 0.230004
vt 0.081499 0.230288
vt 0.809553 0.431741
vt 0.800803 0.454200
vt 0.791992 0.439966
vt 0.807845 0.449740
vt 0.240951 0.746503
vt 0.243620 0.752957
vt 0.821546 0.744329
vt 0.822860 0.750796
vt 0.819307 0.747194
vt 0.580552 0.597394
vt 0.576849 0.573046
vt 0.608486 0.589913
vt 0.603831 0.629284
vt 0.541613 0.612779
vt 0.531510 0.590832
vt 0.079114 0.336128
vt 0.079443 0.326981
vt 0.092946 0.322606
vt 0.076091 0.349604
vt 0.104180 0.043340
vt 0.124436 0.079965
vt 0.111973 0.083404
vt 0.016713 0.050155
vt 0.009272 0.089951
vt 0.098727 0.047055
vt 0.013533 0.034074
vt 0.028191 0.050198
vt 0.103580 0.028495
vt 0.797193 0.838248
vt 0.796767 0.805385
vt 0.802559 0.817719
vt 0.886390 0.618411
vt 0.898408 0.619888
vt 0.888606 0.632649
vt 0.811094 0.844006
vt 0.808885 0.830362
vt 0.875046 0.628474
vt 0.789616 0.846428
vt 0.704871 0.329708
vt 0.700423 0.338183
vt 0.688847 0.326963
vt 0.704077 0.308527
vt 0.937636 0.766233
vt 0.923222 0.774168
vt 0.931352 0.763075
vt 0.031038 0.695524
vt 0.035428 0.711925
vt 0.026748 0.710844
vt 0.948980 0.748083
vt 0.943895 0.768710
vt 0.936490 0.783157
vt 0.942058 0.748744
vt 0.356134 0.126123
vt 0.335008 0.125172
vt 0.356897 0.094184
vt 0.375261 0.155846
vt 0.381386 0.138156
vt 0.243279 0.406640
vt 0.248305 0.385285
vt 0.267526 0.393039
vt 0.225620 0.401095
vt 0.257652 0.412349
vt 0.497414 0.149297
vt 0.495989 0.186461
vt 0.475749 0.183606
vt 0.830710 0.824190
vt 0.422997 0.232709
vt 0.389178 0.889282
vt 0.397651 0.898028
vt 0.387794 0.899274
vt 0.400708 0.929758
vt 0.393150 0.920263
vt 0.380847 0.888688
vt 0.392706 0.933666
vt 0.676877 0.650686
vt 0.683883 0.626743
vt 0.669124 0.629105
vt 0.650515 0.678364
vt 0.647553 0.653949
vt 0.123497 0.030400
vt 0.129961 0.026038
vt 0.129872 0.029767
vt 0.113698 0.028630
vt 0.124788 0.021126
vt 0.128544 0.038792
vt 0.273699 0.819816
vt 0.268219 0.842797
vt 0.262418 0.820276
vt 0.271076 0.799855
vt 0.280894 0.839910
vt 0.229049 0.495145
vt 0.233882 0.510935
vt 0.208224 0.508155
vt 0.225061 0.476092
vt 0.237653 0.484590
vt 0.210892 0.482982
vt 0.248535 0.499853
vt 0.391842 0.516203
vt 0.421650 0.513842
vt 0.418259 0.538155
vt 0.714280 0.683750
vt 0.695257 0.711307
vt 0.698620 0.689782
vt 0.390488 0.538270
vt 0.393296 0.497167
vt 0.377284 0.540330
vt 0.443014 0.352228
vt 0.453261 0.349885
vt 0.451974 0.361656
vt 0.432015 0.352429
vt 0.443124 0.349099
vt 0.444529 0.362242
vt 0.434218 0.360911
vt 0.064113 0.020478
vt 0.068513 0.035148
vt 0.051331 0.037334
vt 0.079864 0.002695
vt 0.080488 0.017207
vt 0.884178 0.534347
vt 0.885825 0.508395
vt 0.893989 0.533205
vt 0.490915 0.331565
vt 0.521345 0.342704
vt 0.510216 0.357952
vt 0.544648 0.574056
vt 0.481185 0.565053
vt 0.541475 0.543353
vt 0.793871 0.298707
vt 0.560601 0.563428
vt 0.510924 0.314892
vt 0.449167 0.369615
vt 0.129871 0.293177
vt 0.143291 0.290905
vt 0.130316 0.303569
vt 0.125731 0.292413
vt 0.702706 0.798451
vt 0.439801 0.688322
vt 0.421891 0.685631
vt 0.435134 0.708005
vt 0.545426 0.255132
vt 0.556406 0.253209
vt 0.564722 0.268072
vt 0.544159 0.240278
vt 0.551973 0.273981
vt 0.532167 0.259165
vt 0.485596 0.762974
vt 0.500948 0.776456
vt 0.493360 0.802958
vt 0.466919 0.801547
vt 0.464083 0.766408
vt 0.484545 0.742997
vt 0.500989 0.747424
vt 0.473004 0.747896
vt 0.911895 0.388272
vt 0.921669 0.395808
vt 0.906670 0.403637
vt 0.905627 0.369292
vt 0.924927 0.374286
vt 0.882248 0.379364
vt 0.765558 0.661264
vt 0.775638 0.674797
vt 0.757901 0.677084
vt 0.488290 0.657987
vt 0.496004 0.655300
vt 0.489716 0.630277
vt 0.821381 0.475617
vt 0.816448 0.481183
vt 0.813839 0.448082
vt 0.477613 0.633373
vt 0.483209 0.669228
vt 0.828602 0.487764
vt 0.875969 0.772872
vt 0.857837 0.769614
vt 0.775055 0.917254
vt 0.865758 0.758097
vt 0.879722 0.764436
vt 0.881537 0.772794
vt 0.775292 0.163924
vt 0.776250 0.164959
vt 0.718904 0.168057
vt 0.763061 0.168720
vt 0.953796 0.702785
vt 0.947442 0.722594
vt 0.089965 0.546786
vt 0.072255 0.543494
vt 0.075557 0.517257
vt 0.085771 0.609765
vt 0.181158 0.424113
vt 0.205908 0.418070
vt 0.185434 0.390732
vt 0.160991 0.399718
vt 0.919422 0.354005
vt 0.933588 0.361780
vt 0.933945 0.374112
vt 0.815958 0.548349
vt 0.809923 0.566536
vt 0.798745 0.535202
vt 0.752865 0.508420
vt 0.765847 0.520913
vt 0.751786 0.532339
vt 0.728947 0.535328
vt 0.742941 0.488640
vt 0.777943 0.496540
vt 0.576667 0.284436
vt 0.576034 0.272290
vt 0.589589 0.264857
vt 0.590866 0.272660
vt 0.277408 0.038018
vt 0.560247 0.277750
vt 0.613946 0.407705
vt 0.586842 0.397018
vt 0.618954 0.378768
vt 0.640988 0.420243
vt 0.647574 0.386347
vt 0.210902 0.075303
vt 0.207014 0.093991
vt 0.214080 0.057448
vt 0.113249 0.303497
vt 0.101502 0.280664
vt 0.119565 0.288752
vt 0.705138 0.630408
vt 0.556336 0.062541
vt 0.570334 0.058641
vt 0.567494 0.073026
vt 0.552260 0.050170
vt 0.859885 0.094327
vt 0.884667 0.072952
vt 0.862311 0.121498
vt 0.883039 0.114265
vt 0.184388 0.750362
vt 0.201820 0.756015
vt 0.180725 0.767211
vt 0.189141 0.730145
vt 0.536893 0.095724
vt 0.525997 0.080407
vt 0.540912 0.084595
vt 0.533842 0.109206
vt 0.521861 0.095568
vt 0.240161 0.607331
vt 0.069811 0.349088
vt 0.064842 0.361441
vt 0.056904 0.353862
vt 0.251273 0.607526
vt 0.379745 0.184985
vt 0.344399 0.182325
vt 0.414607 0.181588
vt 0.413282 0.191935
vt 0.409446 0.161750
vt 0.219286 0.411794
vt 0.206434 0.469390
vt 0.281870 0.065545
vt 0.276887 0.074767
vt 0.124532 0.232460
vt 0.104463 0.257882
vt 0.907710 0.071085
vt 0.915990 0.094448
vt 0.907024 0.091889
vt 0.917459 0.071683
vt 0.906584 0.050919
vt 0.862314 0.627831
vt 0.851847 0.624198
vt 0.858583 0.622560
vt 0.862949 0.621852
vt 0.853124 0.630684
vt 0.873958 0.633725
vt 0.284298 0.125086
vt 0.278507 0.129593
vt 0.273640 0.119068
vt 0.216137 0.854443
vt 0.219533 0.808000
vt 0.225153 0.807797
vt 0.230790 0.819037
vt 0.225498 0.821418
vt 0.211078 0.809223
vt 0.854468 0.819456
vt 0.870579 0.815506
vt 0.855280 0.835275
vt 0.218251 0.215104
vt 0.163720 0.236660
vt 0.080268 0.871736
vt 0.063274 0.859760
vt 0.090654 0.852445
vt 0.745699 0.926246
vt 0.754488 0.911104
vt 0.103310 0.365379
vt 0.099269 0.380997
vt 0.099243 0.365105
vt 0.749284 0.934064
vt 0.731180 0.931726
vt 0.097900 0.353984
vt 0.451821 0.237511
vt 0.438108 0.254093
vt 0.446200 0.218147
vt 0.439709 0.232000
vt 0.463948 0.973056
vt 0.455834 0.968991
vt 0.478044 0.977450
vt 0.462352 0.984685
vt 0.476926 0.972210
vt 0.842304 0.140398
vt 0.688298 0.127098
vt 0.662805 0.131242
vt 0.337530 0.904348
vt 0.320054 0.906387
vt 0.348211 0.923461
vt 0.323890 0.920874
vt 0.578718 0.474816
vt 0.297410 0.094490
vt 0.307525 0.067932
vt 0.296469 0.081985
vt 0.017898 0.545811
vt 0.012688 0.538696
vt 0.016509 0.528122
vt 0.840256 0.311760
vt 0.284003 0.589967
vt 0.155810 0.511153
vt 0.170761 0.514254
vt 0.152698 0.524123
vt 0.268764 0.589322
vt 0.139003 0.509111
vt 0.334016 0.473506
vt 0.343357 0.488950
vt 0.319517 0.493908
vt 0.312090 0.477521
vt 0.347165 0.450301
vt 0.360586 0.467715
vt 0.052438 0.496493
vt 0.039484 0.496235
vt 0.054846 0.486864
vt 0.843624 0.268310
vt 0.838749 0.244656
vt 0.879574 0.246562
vt 0.868949 0.223879
vt 0.039961 0.503510
vt 0.874473 0.254838
vt 0.804643 0.880784
vt 0.791736 0.871926
vt 0.810903 0.894055
vt 0.803192 0.890419
vt 0.820888 0.888244
vt 0.884840 0.846949
vt 0.866750 0.856604
vt 0.876663 0.839874
vt 0.879500 0.868232
vt 0.150613 0.258536
vt 0.166633 0.262319
vt 0.162046 0.270625
vt 0.196446 0.546851
vt 0.206557 0.544377
vt 0.218634 0.554336
vt 0.437844 0.760617
vt 0.427268 0.761181
vt 0.425259 0.740008
vt 0.253214 0.153564
vt 0.250624 0.187228
vt 0.217073 0.152329
vt 0.245638 0.126030
vt 0.280541 0.138126
vt 0.273586 0.180019
vt 0.202441 0.353805
vt 0.163765 0.361604
vt 0.217142 0.326627
vt 0.225518 0.342236
vt 0.194746 0.340814
vt 0.818871 0.731417
vt 0.802399 0.710765
vt 0.817266 0.711766
vt 0.705954 0.393661
vt 0.717666 0.376157
vt 0.719227 0.384083
vt 0.700630 0.378377
vt 0.828392 0.265366
vt 0.839243 0.613911
vt 0.830872 0.597543
vt 0.437969 0.033755
vt 0.454447 0.032772
vt 0.825896 0.623327
vt 0.824272 0.608216
vt 0.417262 0.033162
vt 0.417125 0.026106
vt 0.000050 0.451527
vt 0.011876 0.434865
vt 0.017784 0.440045
vt 0.056022 0.309382
vt 0.816780 0.104001
vt 0.804102 0.112947
vt 0.772730 0.140222
vt 0.957961 0.667259
vt 0.959175 0.687696
vt 0.949427 0.667041
vt 0.945969 0.305270
vt 0.946311 0.649025
vt 0.951522 0.269541
vt 0.112949 0.365093
vt 0.108016 0.368917
vt 0.104984 0.354819
vt 0.115031 0.360379
vt 0.171565 0.919074
vt 0.202429 0.941771
vt 0.175804 0.932946
vt 0.760946 0.141231
vt 0.719015 0.144358
vt 0.720330 0.141441
vt 0.760557 0.138738
vt 0.107991 0.830818
vt 0.111522 0.823803
vt 0.117845 0.824864
vt 0.965328 0.709355
vt 0.964433 0.723191
vt 0.621791 0.190082
vt 0.629275 0.205566
vt 0.621540 0.172061
vt 0.613632 0.214358
vt 0.642917 0.166403
vt 0.649363 0.182684
vt 0.538433 0.707782
vt 0.510796 0.692720
vt 0.514973 0.706929
vt 0.049776 0.175870
vt 0.808182 0.484526
vt 0.803089 0.491509
vt 0.794549 0.463350
vt 0.110392 0.968014
vt 0.106194 0.962924
vt 0.118919 0.958561
vt 0.000544 0.063775
vt 0.000544 0.034155
vt 0.010204 0.037747
vt 0.108592 0.916638
vt 0.132652 0.982134
vt 0.818203 0.592535
vt 0.826063 0.578889
vt 0.545742 0.313421
vt 0.637906 0.821593
vt 0.651989 0.845927
vt 0.651737 0.799089
vt 0.655513 0.820773
vt 0.683303 0.339746
vt 0.690183 0.356923
vt 0.667119 0.351608
vt 0.580006 0.328561
vt 0.128391 0.050244
vt 0.129283 0.065846
vt 0.892195 0.165322
vt 0.904630 0.145362
vt 0.902587 0.179942
vt 0.875198 0.175835
vt 0.838505 0.218109
vt 0.837596 0.244223
vt 0.960273 0.603311
vt 0.942676 0.591599
vt 0.956179 0.584710
vt 0.462945 0.831013
vt 0.489204 0.831625
vt 0.437542 0.828623
vt 0.499996 0.962467
vt 0.484513 0.937475
vt 0.499996 0.931302
vt 0.495697 0.982807
vt 0.488823 0.966632
vt 0.167154 0.329723
vt 0.150789 0.360369
vt 0.149383 0.314836
vt 0.591109 0.551646
vt 0.665131 0.268014
vt 0.656398 0.256384
vt 0.588216 0.473084
vt 0.668362 0.257254
vt 0.394412 0.807642
vt 0.416174 0.807043
vt 0.216252 0.525648
vt 0.190490 0.520851
vt 0.194984 0.539536
vt 0.872953 0.312500
vt 0.004648 0.511588
vt 0.000431 0.501183
vt 0.004828 0.504401
vt 0.007947 0.512498
vt 0.862920 0.307266
vt 0.072332 0.768746
vt 0.062364 0.752994
vt 0.082873 0.762381
vt 0.087431 0.766881
vt 0.071627 0.774751
vt 0.388656 0.359484
vt 0.371990 0.367312
vt 0.388982 0.337535
vt 0.401520 0.362478
vt 0.275674 0.423688
vt 0.287105 0.399785
vt 0.290397 0.463174
vt 0.877212 0.398243
vt 0.858425 0.357489
vt 0.889743 0.203735
vt 0.868804 0.803504
vt 0.707620 0.141956
vt 0.933236 0.747763
vt 0.038996 0.604233
vt 0.004105 0.651822
vt 0.008423 0.603250
vt 0.056728 0.661625
vt 0.031756 0.663405
vt 0.046344 0.546626
vt 0.062446 0.607788
vt 0.909665 0.829603
vt 0.903698 0.843449
vt 0.911470 0.813111
vt 0.919731 0.823694
vt 0.918763 0.840740
vt 0.210374 0.127003
vt 0.258755 0.308906
vt 0.249228 0.321426
vt 0.255515 0.302761
vt 0.240485 0.964076
vt 0.245868 0.962770
vt 0.241657 0.970738
vt 0.905604 0.142389
vt 0.885493 0.137999
vt 0.900817 0.125728
vt 0.546547 0.409594
vt 0.893567 0.156886
vt 0.658793 0.227446
vt 0.672092 0.227125
vt 0.679657 0.247236
vt 0.244011 0.061909
vt 0.037938 0.274741
vt 0.049732 0.250818
vt 0.584134 0.026961
vt 0.574833 0.030509
vt 0.582361 0.017190
vt 0.577173 0.004538
vt 0.053733 0.277488
vt 0.831625 0.369213
vt 0.821803 0.380028
vt 0.825395 0.371137
vt 0.447102 0.579882
vt 0.454673 0.576244
vt 0.458227 0.585180
vt 0.453945 0.588786
vt 0.179199 0.810948
vt 0.174467 0.805594
vt 0.174117 0.802620
vt 0.835067 0.657239
vt 0.824342 0.657326
vt 0.827712 0.667849
vt 0.027394 0.497460
vt 0.024934 0.489828
vt 0.038636 0.488246
vt 0.028752 0.507895
vt 0.398900 0.739175
vt 0.885699 0.879469
vt 0.310947 0.587015
vt 0.657652 0.913275
vt 0.640342 0.922597
vt 0.441009 0.112384
vt 0.446189 0.099603
vt 0.448976 0.113279
vt 0.438968 0.105621
vt 0.431121 0.115428
vt 0.340245 0.212418
vt 0.319034 0.173466
vt 0.337017 0.154128
vt 0.314910 0.206612
vt 0.712912 0.923659
vt 0.736015 0.928563
vt 0.274033 0.501880
vt 0.294637 0.486781
vt 0.301157 0.501832
vt 0.433670 0.887747
vt 0.421934 0.868810
vt 0.433623 0.866291
vt 0.262669 0.488456
vt 0.276450 0.478701
vt 0.699784 0.907199
vt 0.963835 0.445149
vt 0.585677 0.060763
vt 0.567155 0.045299
vt 0.589817 0.076958
vt 0.043321 0.052676
vt 0.046839 0.094287
vt 0.033839 0.095428
vt 0.055458 0.051077
vt 0.040553 0.037535
vt 0.222877 0.608368
vt 0.222023 0.591046
vt 0.825010 0.865222
vt 0.904856 0.718783
vt 0.900509 0.709226
vt 0.918360 0.714392
vt 0.892132 0.727482
vt 0.347900 0.669778
vt 0.330031 0.664866
vt 0.359576 0.651932
vt 0.384673 0.679948
vt 0.376721 0.702805
vt 0.562868 0.227161
vt 0.557828 0.238887
vt 0.358398 0.415813
vt 0.351397 0.394370
vt 0.367347 0.404385
vt 0.817712 0.645403
vt 0.802919 0.636539
vt 0.374638 0.414705
vt 0.056030 0.382103
vt 0.284836 0.573951
vt 0.262387 0.734688
vt 0.250651 0.731635
vt 0.261807 0.714074
vt 0.272467 0.573452
vt 0.446374 0.898174
vt 0.242204 0.008556
vt 0.260342 0.011994
vt 0.235574 0.037990
vt 0.051040 0.795263
vt 0.069194 0.811951
vt 0.050711 0.834624
vt 0.746696 0.641724
vt 0.752691 0.608165
vt 0.775958 0.610256
vt 0.712280 0.644127
vt 0.733813 0.628096
vt 0.559393 0.861787
vt 0.522473 0.872442
vt 0.071493 0.303569
vt 0.065746 0.279336
vt 0.080601 0.277747
vt 0.562495 0.834861
vt 0.484793 0.583498
vt 0.480997 0.586742
vt 0.798037 0.386408
vt 0.803891 0.388142
vt 0.800047 0.394934
vt 0.791798 0.393535
vt 0.787237 0.390715
vt 0.489988 0.581989
vt 0.487865 0.575158
vt 0.202748 0.737165
vt 0.201824 0.779068
vt 0.206048 0.759503
vt 0.207096 0.743370
vt 0.489366 0.717710
vt 0.274460 0.536513
vt 0.259309 0.544969
vt 0.256819 0.539535
vt 0.274823 0.869670
vt 0.272234 0.885532
vt 0.253109 0.883309
vt 0.287846 0.877928
vt 0.289506 0.860837
vt 0.290434 0.866209
vt 0.278183 0.555510
vt 0.252377 0.867871
vt 0.544747 0.338703
vt 0.530292 0.348460
vt 0.529302 0.336048
vt 0.914389 0.676662
vt 0.918360 0.687850
vt 0.903482 0.679103
vt 0.538662 0.354127
vt 0.540556 0.322538
vt 0.911640 0.664912
vt 0.722060 0.352785
vt 0.701553 0.359788
vt 0.915002 0.646915
vt 0.932714 0.655484
vt 0.415786 0.141912
vt 0.415849 0.131540
vt 0.426017 0.133302
vt 0.418184 0.144214
vt 0.406500 0.151816
vt 0.242930 0.339452
vt 0.254966 0.365836
vt 0.228661 0.381719
vt 0.603775 0.116920
vt 0.631388 0.146972
vt 0.559830 0.145194
vt 0.576115 0.121662
vt 0.609689 0.524316
vt 0.334181 0.014963
vt 0.309799 0.016406
vt 0.332859 0.034596
vt 0.331379 0.000944
vt 0.402222 0.856445
vt 0.392450 0.853158
vt 0.171794 0.370128
vt 0.147598 0.026154
vt 0.171694 0.044819
vt 0.179845 0.383976
vt 0.756030 0.590170
vt 0.085870 0.822164
vt 0.075698 0.840250
vt 0.429594 0.722690
vt 0.407640 0.723854
vt 0.413752 0.707943
vt 0.649122 0.877168
vt 0.630324 0.882118
vt 0.636664 0.863623
vt 0.697716 0.765806
vt 0.678410 0.875592
vt 0.672581 0.881805
vt 0.807003 0.339509
vt 0.798350 0.350155
vt 0.795439 0.336322
vt 0.814370 0.331488
vt 0.816689 0.343109
vt 0.808972 0.350878
vt 0.006066 0.498505
vt 0.818087 0.840767
vt 0.821036 0.826436
vt 0.708154 0.896378
vt 0.310507 0.511935
vt 0.324461 0.507056
vt 0.717063 0.872171
vt 0.329080 0.531256
vt 0.474627 0.932590
vt 0.474158 0.934867
vt 0.456927 0.927136
vt 0.062219 0.443874
vt 0.039876 0.443874
vt 0.051680 0.439657
vt 0.053124 0.430185
vt 0.486528 0.929130
vt 0.465502 0.920978
vt 0.000512 0.236658
vt 0.147485 0.221774
vt 0.126538 0.209777
vt 0.139625 0.204671
vt 0.007303 0.206561
vt 0.146920 0.234993
vt 0.741135 0.398196
vt 0.741698 0.379863
vt 0.765952 0.383502
vt 0.796640 0.781550
vt 0.818871 0.785271
vt 0.772161 0.404333
vt 0.882004 0.799151
vt 0.880693 0.810172
vt 0.919406 0.790057
vt 0.912950 0.795346
vt 0.913245 0.782373
vt 0.025386 0.250728
vt 0.015554 0.259631
vt 0.014550 0.242664
vt 0.025510 0.262135
vt 0.103893 0.475017
vt 0.129095 0.484690
vt 0.107516 0.466781
vt 0.630740 0.115676
vt 0.574566 0.097786
vt 0.612876 0.085669
vt 0.921106 0.948971
vt 0.909570 0.737248
vt 0.921620 0.743006
vt 0.912459 0.745734
vt 0.009776 0.277395
vt 0.018630 0.287930
vt 0.930228 0.737423
vt 0.000513 0.274818
vt 0.899921 0.756773
vt 0.188740 0.854137
vt 0.187729 0.844497
vt 0.163475 0.816964
vt 0.169522 0.856246
vt 0.203225 0.852379
vt 0.677858 0.814804
vt 0.674994 0.827689
vt 0.689527 0.816148
vt 0.677525 0.796960
vt 0.662438 0.809871
vt 0.568873 0.255315
vt 0.009216 0.494207
vt 0.012209 0.490716
vt 0.005603 0.492932
vt 0.095208 0.728657
vt 0.103048 0.705460
vt 0.111100 0.722452
vt 0.094158 0.743683
vt 0.240401 0.552980
vt 0.237738 0.547732
vt 0.248890 0.560530
vt 0.265407 0.560281
vt 0.367190 0.889747
vt 0.354946 0.890204
vt 0.370046 0.878841
vt 0.364672 0.902863
vt 0.685467 0.681197
vt 0.147238 0.265677
vt 0.127677 0.264610
vt 0.275142 0.864789
vt 0.252819 0.848136
vt 0.288263 0.858727
vt 0.106245 0.929197
vt 0.115241 0.925173
vt 0.107856 0.937902
vt 0.834814 0.557671
vt 0.851167 0.572826
vt 0.834795 0.540697
vt 0.848391 0.550072
vt 0.703740 0.546948
vt 0.675475 0.552115
vt 0.222188 0.971116
vt 0.219746 0.978729
vt 0.217958 0.967207
vt 0.225924 0.965656
vt 0.226863 0.971443
vt 0.566072 0.392712
vt 0.592498 0.372132
vt 0.272495 0.038755
vt 0.280788 0.033274
vt 0.063999 0.251316
vt 0.062445 0.223580
vt 0.081218 0.255421
vt 0.706692 0.738075
vt 0.716883 0.722231
vt 0.718771 0.742691
vt 0.789527 0.070385
vt 0.775847 0.078144
vt 0.163223 0.804241
vt 0.163307 0.810878
vt 0.512813 0.809789
vt 0.517819 0.794958
vt 0.743320 0.680449
vt 0.743004 0.662849
vt 0.761707 0.692181
vt 0.304325 0.920533
vt 0.299163 0.887005
vt 0.794498 0.906428
vt 0.047609 0.387511
vt 0.071483 0.391623
vt 0.032438 0.381173
vt 0.770533 0.536881
vt 0.784928 0.518347
vt 0.784969 0.535072
vt 0.771081 0.555518
vt 0.790414 0.551211
vt 0.129721 0.861639
vt 0.416198 0.081204
vt 0.517901 0.110902
vt 0.369031 0.441813
vt 0.669452 0.362153
vt 0.657668 0.372236
vt 0.655542 0.344327
vt 0.953881 0.504238
vt 0.961726 0.508488
vt 0.641444 0.881043
vt 0.644443 0.889240
vt 0.943593 0.506788
vt 0.428835 0.154180
vt 0.425056 0.154942
vt 0.125512 0.076263
vt 0.132109 0.075380
vt 0.756914 0.793445
vt 0.770993 0.768661
vt 0.778763 0.798927
vt 0.750593 0.765095
vt 0.734457 0.821422
vt 0.729499 0.793924
vt 0.082400 0.698263
vt 0.063108 0.693373
vt 0.077465 0.671333
vt 0.293405 0.101460
vt 0.287548 0.086490
vt 0.217611 0.186096
vt 0.265962 0.186794
vt 0.271707 0.202493
vt 0.427081 0.324395
vt 0.436096 0.319348
vt 0.440850 0.339440
vt 0.462163 0.316641
vt 0.454440 0.318175
vt 0.458774 0.335500
vt 0.431992 0.343145
vt 0.423816 0.343057
vt 0.661499 0.237250
vt 0.304003 0.840081
vt 0.275976 0.818387
vt 0.329392 0.834620
vt 0.878051 0.272959
vt 0.848116 0.234920
vt 0.127013 0.853794
vt 0.149882 0.831637
vt 0.313585 0.678681
vt 0.786319 0.343441
vt 0.788456 0.354695
vt 0.244896 0.318875
vt 0.826161 0.342287
vt 0.825981 0.347372
vt 0.910142 0.419012
vt 0.928564 0.437364
vt 0.908727 0.439998
vt 0.878974 0.437671
vt 0.730106 0.670163
vt 0.734818 0.691701
vt 0.919703 0.414320
vt 0.876262 0.417505
vt 0.275707 0.742233
vt 0.260225 0.773634
vt 0.252281 0.738388
vt 0.919771 0.016812
vt 0.932799 0.048049
vt 0.916445 0.048660
vt 0.288263 0.749054
vt 0.274155 0.775829
vt 0.936217 0.015889
vt 0.900836 0.027274
vt 0.879141 0.670220
vt 0.858672 0.663868
vt 0.899596 0.667265
vt 0.853318 0.695782
vt 0.883813 0.683699
vt 0.673074 0.326611
vt 0.561258 0.324945
vt 0.569607 0.339560
vt 0.937027 0.313562
vt 0.916210 0.316032
vt 0.422306 0.183022
vt 0.421845 0.166804
vt 0.211073 0.387377
vt 0.837223 0.503325
vt 0.752873 0.834051
vt 0.072807 0.913258
vt 0.767538 0.844840
vt 0.259208 0.967050
vt 0.248903 0.976763
vt 0.249303 0.967930
vt 0.266591 0.965212
vt 0.882779 0.306893
vt 0.390029 0.557026
vt 0.412617 0.577801
vt 0.388588 0.574779
vt 0.378390 0.560258
vt 0.415645 0.558421
vt 0.241741 0.830631
vt 0.255100 0.835425
vt 0.240349 0.842582
vt 0.253685 0.819144
vt 0.237071 0.815764
vt 0.883259 0.038766
vt 0.844230 0.622347
vt 0.834170 0.630086
vt 0.824107 0.779841
vt 0.834510 0.776158
vt 0.827759 0.786429
vt 0.824449 0.769185
vt 0.836765 0.617942
vt 0.809798 0.619524
vt 0.799576 0.898051
vt 0.591289 0.867462
vt 0.589482 0.881957
vt 0.568614 0.895401
vt 0.272217 0.999991
vt 0.227083 0.999992
vt 0.256713 0.984054
vt 0.357181 0.006857
vt 0.367344 0.000918
vt 0.335924 0.010810
vt 0.422002 0.467240
vt 0.481501 0.436719
vt 0.393552 0.468965
vt 0.485791 0.467077
vt 0.422172 0.495550
vt 0.601936 0.944882
vt 0.059417 0.950370
vt 0.058431 0.938286
vt 0.085010 0.937225
vt 0.448177 0.337741
vt 0.455565 0.346589
vt 0.850765 0.560255
vt 0.905604 0.575826
vt 0.293365 0.166455
vt 0.293365 0.210241
vt 0.286122 0.204323
vt 0.895593 0.556315
vt 0.276162 0.205221
vt 0.111654 0.778691
vt 0.110693 0.760529
vt 0.017853 0.426376
vt 0.417111 0.005311
vt 0.409465 0.011204
vt 0.404925 0.001464
vt 0.212984 0.819241
vt 0.790528 0.408756
vt 0.778591 0.403345
vt 0.786599 0.402259
vt 0.796143 0.406523
vt 0.790388 0.402109
vt 0.791732 0.414166
vt 0.819853 0.756116
vt 0.816169 0.752826
vt 0.815172 0.756652
vt 0.000336 0.370547
vt 0.019887 0.372486
vt 0.012595 0.382986
vt 0.005935 0.395146
vt 0.008433 0.362445
vt 0.147598 0.253007
vt 0.158752 0.256453
vt 0.276671 0.106896
vt 0.289350 0.106047
vt 0.290675 0.130301
vt 0.230198 0.988124
vt 0.224998 0.990230
vt 0.541278 0.916402
vt 0.530038 0.916346
vt 0.534564 0.873361
vt 0.553062 0.867421
vt 0.524204 0.884167
vt 0.561220 0.915136
vt 0.524268 0.874274
vt 0.924600 0.391084
vt 0.930941 0.406252
vt 0.920056 0.411232
vt 0.817289 0.534740
vt 0.942641 0.389037
vt 0.571326 0.271370
vt 0.824805 0.316299
vt 0.829075 0.312393
vt 0.827493 0.330228
vt 0.021381 0.185076
vt 0.009675 0.188079
vt 0.214979 0.685608
vt 0.220924 0.658002
vt 0.864011 0.005113
vt 0.838145 0.009524
vt 0.883489 0.001438
vt 0.232397 0.681163
vt 0.907053 0.639847
vt 0.888750 0.638198
vt 0.905978 0.635105
vt 0.905850 0.648596
vt 0.164336 0.005653
vt 0.164753 0.020408
vt 0.914992 0.641053
vt 0.948032 0.574058
vt 0.240763 0.772231
vt 0.256970 0.799584
vt 0.236322 0.805037
vt 0.298325 0.206470
vt 0.300327 0.174589
vt 0.312299 0.241323
vt 0.292093 0.242280
vt 0.848004 0.292115
vt 0.850517 0.296953
vt 0.057599 0.740614
vt 0.062693 0.741655
vt 0.169884 0.525522
vt 0.170952 0.553703
vt 0.253628 0.626674
vt 0.186263 0.523946
vt 0.382276 0.923898
vt 0.377059 0.931225
vt 0.378250 0.913761
vt 0.389131 0.910660
vt 0.095585 0.391071
vt 0.116794 0.387021
vt 0.120496 0.398545
vt 0.891802 0.698747
vt 0.885144 0.717374
vt 0.888546 0.696213
vt 0.905400 0.690783
vt 0.912925 0.696971
vt 0.222322 0.558675
vt 0.884347 0.361538
vt 0.850127 0.326233
vt 0.485860 0.491548
vt 0.538990 0.490124
vt 0.485375 0.515773
vt 0.586877 0.900406
vt 0.598521 0.898755
vt 0.957432 0.388748
vt 0.968278 0.390499
vt 0.851376 0.528796
vt 0.846288 0.539787
vt 0.382129 0.766729
vt 0.366703 0.764974
vt 0.385550 0.776498
vt 0.134026 0.036989
vt 0.287548 0.074599
vt 0.889888 0.846932
vt 0.297279 0.067111
vt 0.641672 0.638272
vt 0.613730 0.645673
vt 0.665295 0.614751
vt 0.630122 0.659104
vt 0.050711 0.159017
vt 0.072214 0.160534
vt 0.047795 0.130936
vt 0.845517 0.762626
vt 0.831546 0.757251
vt 0.852152 0.752277
vt 0.851319 0.781086
vt 0.657947 0.586677
vt 0.091408 0.313970
vt 0.821660 0.796759
vt 0.810951 0.805857
vt 0.716607 0.566657
vt 0.684918 0.573341
vt 0.095548 0.370059
vt 0.090355 0.366935
vt 0.473322 0.204684
vt 0.082467 0.460336
vt 0.119897 0.000707
vt 0.112709 0.024234
vt 0.098905 0.000707
vt 0.713936 0.840453
vt 0.728807 0.851325
vt 0.349110 0.539536
vt 0.338039 0.524568
vt 0.731323 0.838121
vt 0.206805 0.952143
vt 0.003548 0.487863
vt 0.680461 0.608763
vt 0.695447 0.623209
vt 0.847689 0.746503
vt 0.497520 0.735057
vt 0.104644 0.014787
vt 0.094968 0.029414
vt 0.095523 0.016339
vt 0.013470 0.022370
vt 0.023483 0.021501
vt 0.024690 0.033293
vt 0.909355 0.629291
vt 0.912875 0.620393
vt 0.519366 0.330296
vt 0.784627 0.862636
vt 0.709811 0.139495
vt 0.007467 0.708956
vt 0.041841 0.718487
vt 0.048469 0.704184
vt 0.957520 0.777764
vt 0.963292 0.761814
vt 0.036985 0.737680
vt 0.027450 0.731514
vt 0.009930 0.697507
vt 0.002362 0.697538
vt 0.415743 0.124645
vt 0.423703 0.123914
vt 0.282190 0.370911
vt 0.940606 0.101223
vt 0.939486 0.081542
vt 0.035107 0.846932
vt 0.025688 0.840473
vt 0.036526 0.798782
vt 0.273595 0.331301
vt 0.045321 0.798889
vt 0.331784 0.850875
vt 0.149153 0.373162
vt 0.133160 0.381908
vt 0.166663 0.362445
vt 0.149078 0.819733
vt 0.128011 0.821445
vt 0.129338 0.813947
vt 0.364512 0.046077
vt 0.343778 0.049744
vt 0.436160 0.719537
vt 0.439866 0.166578
vt 0.448016 0.191408
vt 0.435605 0.189702
vt 0.422558 0.191766
vt 0.456343 0.169449
vt 0.870031 0.706415
vt 0.857317 0.707658
vt 0.857770 0.709775
vt 0.367003 0.488520
vt 0.346329 0.506117
vt 0.450676 0.918706
vt 0.039149 0.421405
vt 0.022513 0.678302
vt 0.000499 0.663731
vt 0.229283 0.648113
vt 0.210680 0.603037
vt 0.237243 0.638746
vt 0.236939 0.660431
vt 0.778996 0.691405
vt 0.801615 0.699661
vt 0.783404 0.706521
vt 0.823003 0.495960
vt 0.875768 0.737965
vt 0.873454 0.752268
vt 0.859279 0.742491
vt 0.419252 0.886160
vt 0.407620 0.875154
vt 0.764375 0.573621
vt 0.743898 0.563127
vt 0.104549 0.834286
vt 0.775129 0.599612
vt 0.527662 0.906730
vt 0.509436 0.874578
vt 0.513788 0.919021
vt 0.936862 0.674806
vt 0.945729 0.695147
vt 0.929993 0.679330
vt 0.946970 0.686624
vt 0.951147 0.682266
vt 0.100203 0.300822
vt 0.464384 0.577051
vt 0.814856 0.371221
vt 0.820140 0.364660
vt 0.816059 0.375478
vt 0.455873 0.571527
vt 0.825839 0.644762
vt 0.194251 0.789345
vt 0.210194 0.795890
vt 0.176684 0.785983
vt 0.187594 0.803232
vt 0.433266 0.213190
vt 0.112671 0.741679
vt 0.128460 0.713991
vt 0.400399 0.906631
vt 0.432014 0.108942
vt 0.431511 0.093043
vt 0.134025 0.014009
vt 0.425841 0.095270
vt 0.093179 0.938241
vt 0.106100 0.948078
vt 0.846141 0.491053
vt 0.853404 0.492418
vt 0.850825 0.533791
vt 0.036714 0.430289
vt 0.209377 0.027007
vt 0.025410 0.266162
vt 0.104984 0.379940
vt 0.351122 0.780780
vt 0.368039 0.782915
vt 0.345891 0.763654
vt 0.665344 0.456480
vt 0.591551 0.222489
vt 0.574495 0.703459
vt 0.616320 0.696209
vt 0.608972 0.673990
vt 0.003866 0.343274
vt 0.000588 0.327984
vt 0.014059 0.333187
vt 0.249791 0.851350
vt 0.019136 0.337970
vt 0.017516 0.347507
vt 0.009858 0.355197
vt 0.902529 0.116021
vt 0.657096 0.321675
vt 0.669703 0.323862
vt 0.625703 0.361429
vt 0.629115 0.341208
vt 0.630372 0.322417
vt 0.729421 0.765342
vt 0.312052 0.857942
vt 0.214467 0.703267
vt 0.355425 0.861998
vt 0.197709 0.710193
vt 0.957421 0.557912
vt 0.954970 0.571200
vt 0.961726 0.567450
vt 0.119182 0.314729
vt 0.118528 0.304126
vt 0.645440 0.251085
vt 0.017071 0.485772
vt 0.882042 0.294272
vt 0.885196 0.300326
vt 0.027314 0.483746
vt 0.360584 0.756838
vt 0.344105 0.757743
vt 0.408646 0.356165
vt 0.417258 0.351913
vt 0.418859 0.363695
vt 0.315489 0.380808
vt 0.299683 0.379115
vt 0.770145 0.621864
vt 0.777760 0.625781
vt 0.508398 0.077460
vt 0.510289 0.065404
vt 0.531492 0.068303
vt 0.876890 0.502169
vt 0.212987 0.981919
vt 0.210145 0.974814
vt 0.025410 0.306120
vt 0.032325 0.292550
vt 0.666294 0.392347
vt 0.666451 0.419724
vt 0.571770 0.708776
vt 0.033329 0.171771
vt 0.544096 0.370515
vt 0.541983 0.364192
vt 0.546044 0.362220
vt 0.546789 0.373947
vt 0.237638 0.850322
vt 0.240415 0.857135
vt 0.823332 0.812808
vt 0.828049 0.809413
vt 0.782097 0.367947
vt 0.786669 0.388269
vt 0.750876 0.360677
vt 0.776218 0.348610
vt 0.562498 0.497109
vt 0.543370 0.513257
vt 0.568618 0.518578
vt 0.558910 0.477937
vt 0.942914 0.260779
vt 0.640946 0.734775
vt 0.771677 0.963903
vt 0.761725 0.971931
vt 0.752776 0.942550
vt 0.763883 0.937661
vt 0.127048 0.476427
vt 0.132652 0.470451
vt 0.618223 0.054276
vt 0.931114 0.749303
vt 0.919777 0.753252
vt 0.704812 0.244949
vt 0.729276 0.222603
vt 0.705810 0.221997
vt 0.700545 0.262838
vt 0.089253 0.746401
vt 0.840295 0.204148
vt 0.628621 0.847380
vt 0.656501 0.298796
vt 0.670913 0.299709
vt 0.863473 0.329207
vt 0.627216 0.304801
vt 0.651810 0.285753
vt 0.385918 0.498275
vt 0.482043 0.541273
vt 0.462599 0.324690
vt 0.475699 0.321817
vt 0.477208 0.330354
vt 0.466816 0.309330
vt 0.462425 0.353880
vt 0.828927 0.946070
vt 0.433670 0.377398
vt 0.412016 0.385099
vt 0.425629 0.374695
vt 0.416806 0.390577
vt 0.430193 0.367741
vt 0.670913 0.152822
vt 0.696426 0.149573
vt 0.316378 0.150623
vt 0.284137 0.150190
vt 0.301088 0.152039
vt 0.836752 0.741699
vt 0.122191 0.297943
vt 0.682559 0.837844
vt 0.689674 0.373796
vt 0.680333 0.390122
vt 0.006492 0.258059
vt 0.893641 0.774240
vt 0.908338 0.763861
vt 0.903057 0.778741
vt 0.951770 0.371679
vt 0.549899 0.070195
vt 0.374266 0.794289
vt 0.390684 0.791069
vt 0.382217 0.810030
vt 0.449522 0.912534
vt 0.587667 0.735366
vt 0.498280 0.698974
vt 0.480341 0.683886
vt 0.492472 0.687460
vt 0.850450 0.419072
vt 0.148775 0.813769
vt 0.838185 0.687692
vt 0.838474 0.675996
vt 0.242435 0.658278
vt 0.512885 0.262459
vt 0.493374 0.286855
vt 0.518098 0.285877
vt 0.407842 0.725718
vt 0.405169 0.741792
vt 0.897952 0.880142
vt 0.888632 0.873289
vt 0.776392 0.861079
vt 0.702713 0.895400
vt 0.378179 0.471617
vt 0.276102 0.290841
vt 0.283911 0.290808
vt 0.820437 0.737965
vt 0.048211 0.435139
vt 0.042929 0.431465
vt 0.764698 0.470625
vt 0.776905 0.458621
vt 0.795912 0.477305
vt 0.771347 0.487020
vt 0.174253 0.524229
vt 0.749800 0.458680
vt 0.728404 0.437117
vt 0.702595 0.050611
vt 0.697961 0.024154
vt 0.722051 0.043026
vt 0.725608 0.066258
vt 0.883107 0.741126
vt 0.074703 0.794256
vt 0.410743 0.300031
vt 0.201091 0.956687
vt 0.177013 0.961726
vt 0.176348 0.948560
vt 0.305752 0.355384
vt 0.330300 0.381801
vt 0.418506 0.019226
vt 0.215131 0.831412
vt 0.798852 0.401704
vt 0.792179 0.398869
vt 0.563969 0.463529
vt 0.542067 0.464641
vt 0.019555 0.683090
vt 0.576526 0.473731
vt 0.041715 0.682048
vt 0.024660 0.700249
vt 0.555360 0.452271
vt 0.711962 0.960821
vt 0.734573 0.941079
vt 0.740967 0.971242
vt 0.711432 0.930063
vt 0.021834 0.761150
vt 0.005417 0.791586
vt 0.569590 0.003628
vt 0.124346 0.810648
vt 0.122099 0.811378
vt 0.137107 0.810963
vt 0.419748 0.254493
vt 0.625774 0.908277
vt 0.420940 0.084094
vt 0.894196 0.884445
vt 0.924851 0.814507
vt 0.917972 0.801937
vt 0.931114 0.825391
vt 0.671102 0.553187
vt 0.675402 0.570151
vt 0.414712 0.784329
vt 0.409251 0.780651
vt 0.203407 0.832129
vt 0.802924 0.364064
vt 0.927445 0.452650
vt 0.714216 0.687388
vt 0.283414 0.275790
vt 0.936217 0.072130
vt 0.181121 0.000271
vt 0.416242 0.154506
vt 0.195865 0.356221
vt 0.193529 0.373242
vt 0.335956 0.553267
vt 0.648770 0.223212
vt 0.496336 0.582397
vt 0.083219 0.452601
vt 0.249228 0.288290
vt 0.422577 0.276077
vt 0.803451 0.245190
vt 0.762919 0.068305
vt 0.776025 0.047626
vt 0.025037 0.512667
vt 0.845868 0.857049
vt 0.860202 0.849078
vt 0.065309 0.783725
vt 0.844895 0.866087
vt 0.172192 0.290798
vt 0.224722 0.564213
vt 0.340656 0.907301
vt 0.428827 0.772396
vt 0.441551 0.773298
vt 0.449168 0.802790
vt 0.626848 0.951616
vt 0.628284 0.920590
vt 0.602169 0.979584
vt 0.121242 0.018062
vt 0.348840 0.374551
vt 0.365492 0.390707
vt 0.337022 0.375920
vt 0.938608 0.063237
vt 0.934077 0.045955
vt 0.666042 0.270653
vt 0.682878 0.263694
vt 0.555601 0.384806
vt 0.594571 0.888488
vt 0.216220 0.784615
vt 0.473989 0.620415
vt 0.123677 0.693437
vt 0.307599 0.769044
vt 0.326078 0.757895
vt 0.312392 0.126105
vt 0.200479 0.854671
vt 0.495425 0.313773
vt 0.263340 0.343279
vt 0.285908 0.351850
vt 0.519830 0.309558
vt 0.439430 0.872442
vt 0.474578 0.860114
vt 0.498170 0.576176
vt 0.507649 0.579822
vt 0.784049 0.400082
vt 0.171841 0.717495
vt 0.122707 0.812457
vt 0.116452 0.815769
vt 0.362254 0.534578
vt 0.443874 0.925115
vt 0.427225 0.728277
vt 0.284849 0.296438
vt 0.271939 0.296554
vt 0.059194 0.914349
vt 0.057932 0.919992
vt 0.463789 0.954526
vt 0.090704 0.304601
vt 0.690850 0.279736
vt 0.969635 0.377209
vt 0.419524 0.201059
vt 0.799819 0.219862
vt 0.117611 0.939606
vt 0.021188 0.014030
vt 0.013665 0.000904
vt 0.025510 0.000904
vt 0.113028 0.951836
vt 0.124862 0.953526
vt 0.082815 0.034081
vt 0.812365 0.816300
vt 0.422100 0.213761
vt 0.428895 0.228799
vt 0.387392 0.007731
vt 0.294933 0.030225
vt 0.724142 0.199181
vt 0.553567 0.313836
vt 0.551525 0.323128
vt 0.362783 0.616645
vt 0.600818 0.325790
vt 0.280705 0.192454
vt 0.421350 0.354080
vt 0.238654 0.974051
vt 0.528743 0.431045
vt 0.836262 0.668573
vt 0.247360 0.812790
vt 0.004995 0.322847
vt 0.299749 0.874300
vt 0.955529 0.720658
vt 0.962967 0.742333
vt 0.957484 0.746488
vt 0.026517 0.544882
vt 0.049578 0.516927
vt 0.074916 0.308737
vt 0.295274 0.345790
vt 0.162414 0.024230
vt 0.202953 0.842113
vt 0.595506 0.340256
vt 0.250869 0.566322
vt 0.458178 0.775504
vt 0.801202 0.802157
vt 0.027243 0.446166
vt 0.405412 0.016321
vt 0.038265 0.446231
vt 0.396362 0.001113
vt 0.861588 0.139084
vt 0.702800 0.171204
vt 0.000866 0.000131
vt 0.006378 0.005418
vt 0.000866 0.015306
vt 0.006512 0.318920
vt 0.215622 0.780800
vt 0.207799 0.774503
vt 0.470892 0.141978
vt 0.111759 0.699248
vt 0.178854 0.695912
vt 0.449969 0.058019
vt 0.441177 0.058014
vt 0.844517 0.241075
vt 0.461296 0.058633
vt 0.904134 0.485925
vt 0.905604 0.504352
vt 0.897021 0.498671
vt 0.246180 0.624995
vt 0.838628 0.862563
vt 0.493870 0.681261
vt 0.480543 0.923461
vt 0.676292 0.588562
vt 0.688495 0.589458
vt 0.690663 0.607473
vt 0.044703 0.302158
vt 0.868930 0.194481
vt 0.883540 0.900099
vt 0.818227 0.350396
vt 0.300636 0.861403
vt 0.147662 0.311222
vt 0.298799 0.846865
vt 0.878149 0.886945
vt 0.020604 0.275702
vt 0.336151 0.367741
vt 0.275236 0.009273
vt 0.684103 0.056670
vt 0.656800 0.045076
vt 0.031233 0.763429
vt 0.016353 0.795339
vt 0.489067 0.981031
vt 0.926997 0.836245
vt 0.109511 0.803592
vt 0.413411 0.299807
vt 0.764656 0.042703
vt 0.856660 0.843340
vt 0.875791 0.833071
vt 0.417433 0.754400
vt 0.608413 0.964545
vt 0.557590 0.944770
vt 0.951522 0.360966
vt 0.943819 0.343598
vt 0.056752 0.929006
vt 0.052736 0.368119
vt 0.374767 0.006075
vt 0.387275 0.001045
vt 0.379162 0.009674
vt 0.372654 0.001045
vt 0.135627 0.063033
vt 0.137754 0.078404
vt 0.806452 0.018956
vt 0.920041 0.768193
vt 0.644785 0.234853
vt 0.433670 0.788928
vt 0.188520 0.552104
vt 0.787679 0.398128
vt 0.542093 0.430238
vt 0.942134 0.321094
vt 0.950178 0.345225
vt 0.147676 0.929981
vt 0.276671 0.346675
vt 0.281752 0.328274
vt 0.931629 0.119897
vt 0.913189 0.117312
vt 0.934235 0.096748
vt 0.776578 0.596479
vt 0.136570 0.700249
vt 0.705811 0.819692
vt 0.705318 0.793752
vt 0.002362 0.838430
vt 0.018026 0.836414
vt 0.049440 0.363978
vt 0.829075 0.359609
vt 0.791459 0.367344
vt 0.380526 0.419445
vt 0.027666 0.349224
vt 0.030866 0.339799
vt 0.045374 0.345876
vt 0.391574 0.394663
vt 0.410996 0.378524
vt 0.706783 0.758032
vt 0.779614 0.034864
vt 0.132707 0.916581
vt 0.149476 0.947366
vt 0.375240 0.902303
vt 0.324670 0.370796
vt 0.428168 0.768713
vt 0.791822 0.479094
vt 0.163264 0.021683
vt 0.148632 0.021404
vt 0.155740 0.009554
vt 0.163252 0.000047
vt 0.943776 0.694932
vt 0.960218 0.580128
vt 0.278339 0.212536
vt 0.608392 0.895349
vt 0.971930 0.354005
vt 0.285993 0.006249
vt 0.279114 0.112513
vt 0.795912 0.333587
vt 0.953903 0.638915
vt 0.822057 0.362103
vt 0.813427 0.364381
vt 0.131412 0.046547
vt 0.428056 0.122211
vt 0.420972 0.149156
vt 0.559452 0.027380
vt 0.545085 0.027372
vt 0.547242 0.000187
vt 0.040582 0.764035
vt 0.027060 0.795917
vt 0.543583 0.414614
vt 0.905292 0.658900
vt 0.916073 0.651973
vt 0.553567 0.380099
vt 0.956690 0.629238
vt 0.147958 0.890035
vt 0.127550 0.422211
vt 0.126654 0.448976
vt 0.773904 0.580816
vt 0.596327 0.361533
vt 0.420940 0.160713
vt 0.307794 0.006912
vt 0.860684 0.504476
vt 0.297022 0.023808
vt 0.294933 0.013902
vt 0.377284 0.577186
vt 0.694953 0.009687
vt 0.887846 0.744892
vt 0.068535 0.794891
vt 0.289326 0.172594
vt 0.464282 0.344493
vt 0.852337 0.944257
vt 0.280055 0.045711
vt 0.051580 0.298257
vt 0.533798 0.306594
vt 0.025459 0.859464
vt 0.308748 0.857639
vt 0.285684 0.073317
vt 0.865623 0.215429
vt 0.410170 0.340335
vt 0.537030 0.278076
vt 0.927192 0.754678
vt 0.889633 0.491616
vt 0.869963 0.487438
vt 0.040339 0.348207
vt 0.495838 0.078159
vt 0.030205 0.516875
vt 0.301739 0.106944
vt 0.025450 0.282114
vt 0.679047 0.449225
vt 0.011480 0.035714
vt 0.000339 0.024838
vt 0.011480 0.001683
vt 0.135674 0.407353
vt 0.646445 0.511475
vt 0.055150 0.303022
vt 0.119963 0.446043
vt 0.121604 0.918480
vt 0.917662 0.706456
vt 0.825806 0.922037
vt 0.094096 0.501826
vt 0.147972 0.009263
vt 0.440210 0.270851
vt 0.545158 0.354025
vt 0.872886 0.826765
vt 0.880823 0.820402
vt 0.414912 0.735878
vt 0.025510 0.295984
vt 0.974481 0.752834
vt 0.826524 0.902415
vt 0.550790 0.302008
vt 0.013363 0.484690
vt 0.017256 0.474492
vt 0.583625 0.711721
vt 0.905604 0.094538
vt 0.676574 0.206843
vt 0.146682 0.301792
vt 0.462599 0.301642
vt 0.000548 0.455182
vt 0.500258 0.687964
vt 0.602702 0.494805
vt 0.330270 0.043048
vt 0.896449 0.604654
vt 0.283088 0.214284
vt 0.019916 0.300106
vt 0.457137 0.088757
vt 0.064296 0.387752
vt 0.227939 0.563859
vt 0.260543 0.304883
vt 0.448803 0.572954
vt 0.825849 0.366933
vt 0.480040 0.322346
vt 0.951697 0.687955
vt 0.007876 0.542286
vt 0.602055 0.891657
vt 0.152170 0.002342
vt 0.425591 0.158616
vt 0.131569 0.079081
vt 0.145407 0.040022
vt 0.145407 0.050623
vt 0.140356 0.045192
vt 0.134371 0.051020
vt 0.136240 0.039101
vt 0.299878 0.099847
s 1
usemtl Material
f 1/1/1 2/2/2 3/3/3
f 1/1/1 4/4/4 5/5/5
f 1/1/1 6/6/6 4/4/4
f 1/1/1 7/7/7 2/2/2
f 1/1/1 5/5/5 7/7/7
f 1/1/1 3/3/3 6/6/6
f 10/8/8 8/9/9 9/10/10
f 10/8/8 1706/11/11 8/9/9
f 10/8/8 11/12/12 1706/11/11
f 10/13/8 9/14/10 11/15/12
f 12/16/13 2052/17/14 13/18/15
f 12/16/13 13/18/15 14/19/16
f 12/16/13 15/20/17 2052/17/14
f 12/16/13 16/21/18 17/22/19
f 12/16/13 14/19/16 18/23/20
f 12/16/13 17/22/19 15/20/17
f 12/16/13 18/23/20 16/21/18
f 19/24/21 20/25/22 21/26/23
f 19/27/21 22/28/24 23/29/25
f 19/27/21 23/29/25 24/30/26
f 19/27/21 25/31/27 22/28/24
f 19/24/21 24/32/26 20/25/22
f 19/24/21 21/26/23 25/33/27
f 26/34/28 1162/35/29 27/36/30
f 26/34/28 28/37/31 29/38/32
f 26/34/28 30/39/33 31/40/34
f 26/34/28 27/36/30 30/39/33
f 26/34/28 29/38/32 1162/35/29
f 26/34/28 31/40/34 28/37/31
f 32/41/35 1355/42/36 33/43/37
f 32/41/35 1544/44/38 1545/45/39
f 32/41/35 1545/45/39 34/46/40
f 32/41/35 33/43/37 1544/44/38
f 32/41/35 34/46/40 1355/42/36
f 35/47/41 36/48/42 37/49/43
f 35/47/41 38/50/44 36/48/42
f 35/47/41 37/49/43 2206/51/45
f 35/47/41 39/52/46 40/53/47
f 35/47/41 40/53/47 38/50/44
f 35/47/41 2206/51/45 39/52/46
f 41/54/48 42/55/49 43/56/50
f 41/57/48 45/58/51 44/59/52
f 41/54/48 1551/60/53 45/61/51
f 41/54/48 886/62/54 42/55/49
f 41/54/48 43/56/50 1551/60/53
f 41/57/48 44/59/52 46/63/55
f 41/57/48 46/63/55 886/64/54
f 47/65/56 48/66/57 49/67/58
f 47/65/56 1831/68/59 1053/69/60
f 47/65/56 49/67/58 1729/70/61
f 47/65/56 50/71/62 1831/68/59
f 47/65/56 1053/69/60 48/66/57
f 47/65/56 1729/70/61 50/71/62
f 51/72/63 52/73/64 53/74/65
f 51/72/63 54/75/66 55/76/67
f 51/72/63 55/76/67 56/77/68
f 51/78/63 57/79/69 54/80/66
f 51/72/63 56/77/68 52/73/64
f 51/78/63 53/81/65 57/79/69
f 58/82/70 61/83/71 59/84/72
f 58/82/70 59/84/72 63/85/73
f 58/86/70 60/87/74 61/88/71
f 58/86/70 62/89/75 60/87/74
f 58/86/70 63/90/73 62/89/75
f 68/91/76 64/92/77 65/93/78
f 68/91/76 66/94/79 67/95/80
f 68/96/76 69/97/81 70/98/82
f 68/91/76 65/93/78 69/99/81
f 68/91/76 67/95/80 64/92/77
f 68/96/76 70/98/82 66/100/79
f 71/101/83 72/102/84 73/103/85
f 71/101/83 73/103/85 74/104/86
f 71/101/83 75/105/87 76/106/88
f 71/101/83 77/107/89 75/105/87
f 71/101/83 76/106/88 72/102/84
f 71/101/83 74/104/86 77/107/89
f 80/108/90 78/109/91 79/110/92
f 80/111/90 81/112/93 78/113/91
f 80/114/90 82/115/94 2194/116/95
f 80/111/90 83/117/96 81/112/93
f 80/108/90 79/110/92 84/118/97
f 80/114/90 84/119/97 82/115/94
f 80/114/90 2194/116/95 83/120/96
f 85/121/98 86/122/99 87/123/100
f 85/121/98 88/124/101 91/125/102
f 85/121/98 89/126/103 88/124/101
f 85/121/98 90/127/104 89/126/103
f 85/128/98 91/129/102 92/130/105
f 85/128/98 92/130/105 86/131/99
f 85/121/98 87/123/100 93/132/106
f 85/121/98 93/132/106 90/127/104
f 94/133/107 95/134/108 96/135/109
f 94/133/107 96/135/109 97/136/110
f 94/133/107 97/136/110 98/137/111
f 94/133/107 98/137/111 99/138/112
f 94/133/107 99/138/112 95/134/108
f 101/139/113 103/140/114 100/141/115
f 101/142/113 102/143/116 103/144/114
f 101/142/113 104/145/117 102/143/116
f 101/139/113 100/141/115 105/146/118
f 101/142/113 105/147/118 104/145/117
f 106/148/119 107/149/120 108/150/121
f 106/148/119 109/151/122 110/152/123
f 106/148/119 108/150/121 111/153/124
f 106/148/119 112/154/125 109/151/122
f 106/148/119 110/152/123 107/149/120
f 106/148/119 111/153/124 112/154/125
f 113/155/126 114/156/127 115/157/128
f 113/155/126 116/158/129 117/159/130
f 113/155/126 118/160/131 119/161/132
f 113/155/126 120/162/133 116/158/129
f 113/155/126 119/161/132 120/162/133
f 113/155/126 117/159/130 114/156/127
f 113/155/126 115/157/128 121/163/134
f 113/155/126 121/163/134 118/160/131
f 124/164/135 122/165/136 123/166/137
f 124/167/135 125/168/138 126/169/139
f 124/164/135 123/166/137 1384/170/140
f 124/164/135 1384/170/140 125/171/138
f 124/164/135 127/172/141 122/165/136
f 124/167/135 126/169/139 127/173/141
f 128/174/142 129/175/143 130/176/144
f 128/174/142 131/177/145 132/178/146
f 128/174/142 1042/179/147 133/180/148
f 128/174/142 130/176/144 131/177/145
f 128/174/142 133/180/148 129/175/143
f 128/174/142 132/178/146 1042/179/147
f 136/181/149 134/182/150 138/183/151
f 136/181/149 135/184/152 134/182/150
f 136/185/149 2176/186/153 137/187/154
f 136/185/149 137/187/154 135/188/152
f 136/185/149 138/189/151 139/190/155
f 136/185/149 139/190/155 2176/186/153
f 140/191/156 141/192/157 144/193/158
f 140/194/156 142/195/159 145/196/160
f 140/191/156 143/197/161 141/192/157
f 140/194/156 144/198/158 142/195/159
f 140/191/156 145/199/160 146/200/162
f 140/191/156 146/200/162 143/197/161
f 147/201/163 148/202/164 1836/203/165
f 147/204/163 149/205/166 151/206/167
f 147/201/163 150/207/168 148/202/164
f 147/204/163 1688/208/169 149/205/166
f 147/201/163 151/209/167 150/207/168
f 147/204/163 1836/210/165 1688/208/169
f 152/211/170 153/212/171 154/213/172
f 152/211/170 155/214/173 153/212/171
f 156/215/174 1335/216/175 157/217/176
f 156/215/174 1336/218/177 1335/216/175
f 156/215/174 158/219/178 159/220/179
f 156/215/174 1875/221/180 158/219/178
f 156/215/174 159/220/179 1336/218/177
f 156/215/174 157/217/176 1875/221/180
f 160/222/181 1411/223/182 161/224/183
f 160/225/181 162/226/184 1295/227/185
f 160/228/181 163/229/186 1411/230/182
f 160/225/181 1295/227/185 164/231/187
f 160/225/181 161/232/183 165/233/188
f 160/225/181 165/233/188 162/226/184
f 160/228/181 164/234/187 163/229/186
f 166/235/189 167/236/190 168/237/191
f 166/235/189 168/237/191 169/238/192
f 166/235/189 169/238/192 1507/239/193
f 166/235/189 1507/239/193 170/240/194
f 166/235/189 170/240/194 171/241/195
f 166/235/189 171/241/195 167/236/190
f 175/242/196 172/243/197 173/244/198
f 175/242/196 174/245/199 178/246/200
f 175/247/196 176/248/201 172/249/197
f 175/247/196 177/250/202 176/248/201
f 175/242/196 173/244/198 174/245/199
f 175/247/196 178/251/200 177/250/202
f 179/252/203 1614/253/204 180/254/205
f 179/252/203 181/255/206 182/256/207
f 179/252/203 180/254/205 181/255/206
f 179/252/203 183/257/208 184/258/209
f 179/252/203 184/258/209 1614/253/204
f 179/252/203 182/256/207 183/257/208
f 185/259/210 186/260/211 187/261/212
f 185/259/210 1568/262/213 188/263/214
f 185/259/210 187/261/212 1972/264/215
f 185/259/210 1972/264/215 1568/262/213
f 185/259/210 188/263/214 186/260/211
f 189/265/216 190/266/217 191/267/218
f 189/265/216 192/268/219 193/269/220
f 189/265/216 194/270/221 192/268/219
f 189/265/216 191/267/218 194/270/221
f 189/265/216 193/269/220 195/271/222
f 189/265/216 195/271/222 190/266/217
f 196/272/223 201/273/224 197/274/225
f 196/275/223 388/276/226 198/277/227
f 196/272/223 197/274/225 199/278/228
f 196/272/223 1642/279/229 388/280/226
f 196/275/223 198/277/227 200/281/230
f 196/272/223 199/278/228 1642/279/229
f 196/275/223 200/281/230 201/282/224
f 202/283/231 206/284/232 707/285/233
f 202/286/231 203/287/234 204/288/235
f 202/283/231 205/289/236 203/290/234
f 202/286/231 204/288/235 206/291/232
f 202/283/231 207/292/237 205/289/236
f 202/283/231 707/285/233 207/292/237
f 210/293/238 208/294/239 209/295/240
f 210/296/238 211/297/241 1861/298/242
f 210/293/238 212/299/243 213/300/244
f 210/296/238 1861/298/242 208/301/239
f 210/296/238 213/302/244 211/297/241
f 210/293/238 209/295/240 212/299/243
f 218/303/245 214/304/246 215/305/247
f 218/303/245 216/306/248 219/307/249
f 218/303/245 220/308/250 217/309/251
f 218/303/245 217/309/251 214/304/246
f 218/310/245 219/311/249 220/312/250
f 218/303/245 215/305/247 216/306/248
f 221/313/252 222/314/253 223/315/254
f 224/316/255 225/317/256 226/318/257
f 224/316/255 227/319/258 225/317/256
f 224/316/255 228/320/259 227/319/258
f 224/316/255 229/321/260 230/322/261
f 224/316/255 226/318/257 229/321/260
f 224/316/255 230/322/261 231/323/262
f 224/316/255 231/323/262 228/320/259
f 232/324/263 233/325/264 234/326/265
f 232/324/263 235/327/266 233/325/264
f 232/324/263 236/328/267 235/327/266
f 232/324/263 234/326/265 237/329/268
f 232/324/263 237/329/268 238/330/269
f 232/324/263 238/330/269 236/328/267
f 239/331/270 1462/332/271 240/333/272
f 239/331/270 240/333/272 241/334/273
f 239/331/270 241/334/273 242/335/274
f 239/331/270 242/335/274 1462/332/271
f 243/336/275 244/337/276 1379/338/277
f 243/336/275 1927/339/278 842/340/279
f 243/336/275 1079/341/280 244/337/276
f 243/336/275 842/340/279 1079/341/280
f 243/336/275 1379/338/277 1927/339/278
f 245/342/281 246/343/282 247/344/283
f 245/342/281 248/345/284 249/346/285
f 245/342/281 249/346/285 2203/347/286
f 245/342/281 247/344/283 248/345/284
f 245/342/281 2203/347/286 250/348/287
f 245/342/281 250/348/287 246/343/282
f 251/349/288 252/350/289 253/351/290
f 251/349/288 254/352/291 252/350/289
f 251/349/288 253/351/290 255/353/292
f 251/349/288 255/353/292 254/352/291
f 256/354/293 257/355/294 258/356/295
f 256/354/293 259/357/296 260/358/297
f 256/354/293 261/359/298 257/355/294
f 256/354/293 1192/360/299 259/357/296
f 256/354/293 262/361/300 1192/360/299
f 256/354/293 258/356/295 263/362/301
f 256/354/293 263/362/301 262/361/300
f 256/354/293 260/358/297 261/359/298
f 264/363/302 265/364/303 266/365/304
f 264/363/302 266/365/304 267/366/305
f 268/367/306 269/368/307 270/369/308
f 268/367/306 271/370/309 57/79/69
f 268/367/306 270/369/308 1372/371/310
f 268/367/306 57/79/69 2083/372/311
f 268/367/306 1372/371/310 271/370/309
f 268/367/306 2083/372/311 269/368/307
f 272/373/312 273/374/313 1424/375/314
f 272/373/312 1424/375/314 274/376/315
f 272/373/312 275/377/316 276/378/317
f 272/373/312 276/378/317 273/374/313
f 277/379/318 278/380/319 279/381/320
f 277/379/318 280/382/321 278/380/319
f 277/379/318 281/383/322 282/384/323
f 277/379/318 282/384/323 280/382/321
f 277/379/318 283/385/324 281/383/322
f 277/379/318 279/381/320 283/385/324
f 286/386/325 284/387/326 285/388/327
f 286/389/325 288/390/328 287/391/329
f 286/386/325 285/388/327 288/392/328
f 286/386/325 289/393/330 284/387/326
f 286/389/325 287/391/329 289/394/330
f 291/395/331 2058/396/332 290/397/333
f 291/398/331 295/399/334 292/400/335
f 291/395/331 293/401/336 2058/396/332
f 291/398/331 292/400/335 1446/402/337
f 291/398/331 1446/402/337 293/403/336
f 291/404/331 290/405/333 294/406/338
f 291/404/331 294/406/338 295/407/334
f 296/408/339 297/409/340 298/410/341
f 296/408/339 299/411/342 300/412/343
f 296/408/339 300/412/343 297/409/340
f 296/408/339 301/413/344 299/411/342
f 296/408/339 298/410/341 9/14/10
f 296/408/339 9/14/10 301/413/344
f 302/414/345 303/415/346 304/416/347
f 302/414/345 305/417/348 306/418/349
f 302/414/345 307/419/350 303/415/346
f 302/414/345 304/416/347 305/417/348
f 302/414/345 306/418/349 307/419/350
f 308/420/351 314/421/352 309/422/353
f 308/423/351 312/424/354 310/425/355
f 308/420/351 311/426/356 312/427/354
f 308/423/351 313/428/357 314/429/352
f 308/420/351 309/422/353 311/426/356
f 308/423/351 310/425/355 313/428/357
f 316/430/358 320/431/359 315/432/360
f 316/433/358 317/434/361 318/435/362
f 316/430/358 315/432/360 319/436/363
f 316/433/358 318/435/362 320/437/359
f 316/433/358 322/438/364 317/434/361
f 316/430/358 321/439/365 322/440/364
f 316/430/358 319/436/363 321/439/365
f 323/441/366 324/442/367 1304/443/368
f 323/441/366 325/444/369 326/445/370
f 323/441/366 327/446/371 328/447/372
f 323/441/366 329/448/373 330/449/374
f 323/441/366 326/445/370 329/448/373
f 323/441/366 1304/443/368 325/444/369
f 323/441/366 330/449/374 327/446/371
f 323/441/366 328/447/372 324/442/367
f 331/450/375 738/451/376 332/452/377
f 331/450/375 1704/453/378 1576/454/379
f 331/450/375 332/452/377 1704/453/378
f 331/450/375 1789/455/380 738/451/376
f 331/450/375 1576/454/379 333/456/381
f 331/450/375 333/456/381 1789/455/380
f 334/457/382 335/458/383 336/459/384
f 334/457/382 337/460/385 338/461/386
f 334/457/382 339/462/387 335/458/383
f 334/457/382 340/463/388 339/462/387
f 334/457/382 338/461/386 340/463/388
f 334/457/382 336/459/384 337/460/385
f 341/464/389 342/465/390 343/466/391
f 341/464/389 344/467/392 342/465/390
f 341/464/389 345/468/393 346/469/394
f 341/464/389 347/470/395 345/468/393
f 341/464/389 343/466/391 348/471/396
f 341/464/389 349/472/397 347/470/395
f 341/464/389 346/469/394 344/467/392
f 341/464/389 348/471/396 349/472/397
f 351/473/398 350/474/399 355/475/400
f 351/476/398 352/477/401 353/478/402
f 351/473/398 353/479/402 354/480/403
f 351/473/398 354/480/403 350/474/399
f 351/476/398 355/481/400 352/477/401
f 356/482/404 357/483/405 2147/484/406
f 356/485/404 358/486/407 359/487/408
f 356/485/404 1327/488/409 358/486/407
f 356/485/404 359/487/408 360/489/410
f 356/485/404 2147/490/406 1327/488/409
f 356/482/404 360/491/410 357/483/405
f 361/492/411 362/493/412 363/494/413
f 361/492/411 1660/495/414 364/496/415
f 361/492/411 364/496/415 365/497/416
f 361/492/411 366/498/417 1660/495/414
f 361/492/411 363/494/413 367/499/418
f 361/492/411 365/497/416 362/493/412
f 361/492/411 367/499/418 366/498/417
f 368/500/419 369/501/420 370/502/421
f 368/500/419 371/503/422 372/504/423
f 368/500/419 370/502/421 371/503/422
f 368/500/419 373/505/424 369/501/420
f 368/500/419 372/504/423 373/505/424
f 376/506/425 374/507/426 375/508/427
f 376/509/425 377/510/428 378/511/429
f 376/509/425 375/512/427 377/510/428
f 376/506/425 378/513/429 374/507/426
f 379/514/430 380/515/431 381/516/432
f 379/514/430 382/517/433 383/518/434
f 379/514/430 383/518/434 384/519/435
f 379/514/430 384/519/435 385/520/436
f 379/514/430 381/516/432 386/521/437
f 379/514/430 386/521/437 382/517/433
f 379/514/430 385/520/436 380/515/431
f 387/522/438 388/523/226 1506/524/439
f 387/522/438 284/387/326 2067/525/440
f 387/522/438 2067/525/440 2136/526/441
f 387/522/438 1506/524/439 284/387/326
f 387/522/438 2136/526/441 389/527/442
f 387/522/438 389/527/442 388/523/226
f 391/528/443 390/529/444 171/530/195
f 391/531/443 171/241/195 170/240/194
f 392/532/445 393/533/446 394/534/447
f 392/532/445 395/535/448 39/536/46
f 392/532/445 1509/537/449 393/533/446
f 392/532/445 39/536/46 1509/537/449
f 392/532/445 394/534/447 395/535/448
f 398/538/450 396/539/451 397/540/452
f 398/541/450 399/542/453 400/543/454
f 398/538/450 401/544/455 402/545/456
f 398/546/450 403/547/457 399/548/453
f 398/538/450 402/545/456 396/539/451
f 398/541/450 400/543/454 401/549/455
f 398/546/450 397/550/452 403/547/457
f 404/551/458 405/552/459 406/553/460
f 404/551/458 406/553/460 408/554/461
f 404/551/458 407/555/462 3/3/3
f 404/551/458 364/556/415 407/555/462
f 404/557/458 408/558/461 365/559/416
f 404/557/458 365/559/416 364/560/415
f 404/551/458 3/3/3 409/561/463
f 404/551/458 409/561/463 405/552/459
f 410/562/464 411/563/465 412/564/466
f 410/562/464 412/564/466 226/318/257
f 410/562/464 413/565/467 414/566/468
f 410/562/464 226/318/257 413/565/467
f 410/562/464 414/566/468 411/563/465
f 417/567/469 415/568/470 416/569/471
f 417/567/469 416/569/471 2008/570/472
f 417/571/469 418/572/473 415/573/470
f 419/574/474 22/28/24 25/31/27
f 419/574/474 420/575/475 1193/576/476
f 419/577/474 25/33/27 420/578/475
f 419/574/474 1193/576/476 22/28/24
f 421/579/477 422/580/478 423/581/479
f 421/579/477 424/582/480 425/583/481
f 421/579/477 426/584/482 422/580/478
f 421/579/477 425/583/481 426/584/482
f 78/113/91 81/112/93 428/585/483
f 78/109/91 427/586/484 79/110/92
f 78/109/91 428/587/483 429/588/485
f 78/109/91 429/588/485 427/586/484
f 430/589/486 431/590/487 432/591/488
f 430/589/486 432/591/488 433/592/489
f 430/589/486 434/593/490 435/594/491
f 430/589/486 435/594/491 436/595/492
f 430/589/486 433/592/489 434/593/490
f 430/589/486 436/595/492 431/590/487
f 107/149/120 437/596/493 438/597/494
f 107/149/120 2012/598/495 108/150/121
f 107/149/120 439/599/496 440/600/497
f 107/149/120 440/600/497 437/596/493
f 107/149/120 438/597/494 2012/598/495
f 107/149/120 110/152/123 439/599/496
f 441/601/498 442/602/499 443/603/500
f 441/601/498 444/604/501 442/602/499
f 441/601/498 443/603/500 445/605/502
f 446/606/503 447/607/504 1725/608/505
f 446/606/503 448/609/506 449/610/507
f 446/606/503 450/611/508 447/607/504
f 446/606/503 1725/608/505 451/612/509
f 446/606/503 451/612/509 448/609/506
f 446/606/503 449/610/507 450/611/508
f 452/613/510 818/614/511 453/615/512
f 452/613/510 453/615/512 454/616/513
f 452/613/510 454/616/513 455/617/514
f 452/613/510 1956/618/515 818/614/511
f 452/613/510 455/617/514 1956/618/515
f 460/619/516 456/620/517 457/621/518
f 460/619/516 458/622/519 459/623/520
f 460/624/516 461/625/521 462/626/522
f 460/619/516 462/627/522 458/622/519
f 460/624/516 463/628/523 461/625/521
f 460/619/516 457/621/518 463/629/523
f 460/619/516 459/623/520 456/620/517
f 466/630/524 464/631/525 467/632/526
f 466/630/524 465/633/527 464/631/525
f 466/634/524 467/635/526 468/636/528
f 466/630/524 469/637/529 465/633/527
f 466/634/524 468/636/528 469/638/529
f 470/639/530 471/640/531 294/406/338
f 470/639/530 292/400/335 471/640/531
f 470/639/530 1446/402/337 292/400/335
f 470/639/530 290/405/333 472/641/532
f 470/639/530 472/641/532 1446/402/337
f 470/639/530 294/406/338 290/405/333
f 474/642/533 478/643/534 473/644/535
f 474/645/533 1559/646/536 2185/647/537
f 474/648/533 475/649/538 476/650/539
f 474/651/533 476/652/539 1559/653/536
f 474/645/533 2185/647/537 477/654/540
f 474/645/533 477/654/540 478/655/534
f 479/656/541 480/657/542 481/658/543
f 479/656/541 482/659/544 483/660/545
f 479/656/541 481/658/543 484/661/546
f 479/656/541 483/660/545 485/662/547
f 479/656/541 485/662/547 480/657/542
f 479/656/541 484/661/546 482/659/544
f 486/663/548 1415/664/549 487/665/550
f 486/663/548 488/666/551 1415/664/549
f 486/663/548 489/667/552 1946/668/553
f 486/663/548 487/665/550 489/667/552
f 486/663/548 490/669/554 488/666/551
f 486/663/548 1946/668/553 490/669/554
f 491/670/555 492/671/556 493/672/557
f 491/670/555 2076/673/558 492/671/556
f 491/670/555 494/674/559 495/675/560
f 491/670/555 493/672/557 494/674/559
f 491/670/555 495/675/560 2076/673/558
f 496/676/561 497/677/562 498/678/563
f 496/676/561 499/679/564 497/677/562
f 496/676/561 394/534/447 500/680/565
f 496/676/561 500/680/565 501/681/566
f 496/676/561 498/678/563 394/534/447
f 496/676/561 501/681/566 499/679/564
f 122/165/136 502/682/567 503/683/568
f 122/165/136 503/683/568 504/684/569
f 122/165/136 127/172/141 502/682/567
f 122/165/136 504/684/569 123/166/137
f 508/685/570 505/686/571 506/687/572
f 508/685/570 507/688/573 178/251/200
f 508/689/570 509/690/574 505/691/571
f 508/685/570 506/687/572 507/688/573
f 508/689/570 178/246/200 509/690/574
f 517/692/575 510/693/576 511/694/577
f 517/695/575 512/696/578 513/697/579
f 517/695/575 514/698/580 515/699/581
f 517/692/575 515/700/581 510/693/576
f 517/695/575 513/697/579 514/698/580
f 517/692/575 511/694/577 516/701/582
f 517/702/575 516/703/582 512/704/578
f 518/705/583 519/706/584 520/707/585
f 518/705/583 521/708/586 519/706/584
f 518/705/583 522/709/587 521/708/586
f 518/705/583 520/707/585 522/709/587
f 524/710/588 523/711/589 527/712/590
f 524/713/588 525/714/591 526/715/592
f 524/713/588 527/716/590 528/717/593
f 524/718/588 529/719/594 530/720/595
f 524/713/588 528/717/593 525/714/591
f 524/718/588 530/720/595 523/721/589
f 524/722/588 526/723/592 531/724/596
f 524/718/588 531/725/596 529/719/594
f 532/726/597 533/727/598 534/728/599
f 532/726/597 535/729/600 533/727/598
f 532/726/597 536/730/601 535/729/600
f 537/731/602 538/732/603 539/733/604
f 537/731/602 539/733/604 1150/734/605
f 540/735/606 541/736/607 542/737/608
f 540/735/606 542/737/608 543/738/609
f 540/735/606 543/738/609 544/739/610
f 540/735/606 544/739/610 545/740/611
f 540/735/606 546/741/612 541/736/607
f 540/735/606 545/740/611 546/741/612
f 547/742/613 548/743/614 549/744/615
f 547/745/613 550/746/616 551/747/617
f 547/742/613 552/748/618 548/743/614
f 547/745/613 549/749/615 550/746/616
f 547/745/613 551/747/617 552/750/618
f 553/751/619 554/752/620 467/635/526
f 553/751/619 555/753/621 556/754/622
f 553/751/619 557/755/623 554/752/620
f 553/751/619 198/277/227 555/753/621
f 553/751/619 467/635/526 200/281/230
f 553/751/619 556/754/622 557/755/623
f 553/751/619 200/281/230 198/277/227
f 558/756/624 559/757/625 560/758/626
f 558/759/624 561/760/627 562/761/628
f 558/756/624 560/758/626 563/762/629
f 558/756/624 562/763/628 559/757/625
f 558/759/624 563/764/629 561/760/627
f 564/765/630 89/126/103 90/127/104
f 564/766/630 567/767/631 565/768/632
f 564/765/630 90/127/104 93/132/106
f 564/765/630 566/769/633 567/770/631
f 564/766/630 565/768/632 568/771/634
f 564/765/630 569/772/635 89/126/103
f 564/766/630 568/771/634 569/773/635
f 564/765/630 93/132/106 566/769/633
f 570/774/636 20/25/22 571/775/637
f 570/774/636 572/776/638 573/777/639
f 570/774/636 573/777/639 574/778/640
f 570/774/636 574/778/640 21/26/23
f 570/774/636 571/775/637 572/776/638
f 570/774/636 21/26/23 20/25/22
f 575/779/641 809/780/642 576/781/643
f 575/779/641 577/782/644 578/783/645
f 575/779/641 579/784/646 577/782/644
f 575/779/641 578/783/645 809/780/642
f 575/779/641 576/781/643 580/785/647
f 575/779/641 580/785/647 579/784/646
f 581/786/648 582/787/649 1229/788/650
f 581/786/648 1907/789/651 582/787/649
f 581/786/648 583/790/652 584/791/653
f 581/786/648 585/792/654 583/790/652
f 581/786/648 584/791/653 1907/789/651
f 581/786/648 1229/788/650 585/792/654
f 586/793/655 898/794/656 900/795/657
f 586/793/655 900/795/657 587/796/658
f 586/793/655 587/796/658 187/261/212
f 586/793/655 588/797/659 589/798/660
f 586/793/655 589/798/660 898/794/656
f 586/793/655 187/261/212 588/797/659
f 590/799/661 591/800/662 592/801/663
f 590/799/661 593/802/664 591/800/662
f 590/799/661 594/803/665 593/802/664
f 590/799/661 595/804/666 594/803/665
f 590/799/661 592/801/663 595/804/666
f 596/805/667 597/806/668 598/807/669
f 596/805/667 599/808/670 597/806/668
f 596/805/667 600/809/671 599/808/670
f 601/810/672 602/811/673 2179/812/674
f 601/810/672 603/813/675 604/814/676
f 601/810/672 2179/812/674 605/815/677
f 601/810/672 605/815/677 603/813/675
f 601/810/672 604/814/676 602/811/673
f 606/816/678 610/817/679 607/818/680
f 606/816/678 608/819/681 611/820/682
f 606/821/678 609/822/683 610/823/679
f 606/821/678 611/824/682 609/822/683
f 606/816/678 607/818/680 608/819/681
f 612/825/684 613/826/685 614/827/686
f 612/825/684 614/827/686 615/828/687
f 612/825/684 616/829/688 617/830/689
f 612/825/684 615/828/687 616/829/688
f 618/831/690 619/832/691 620/833/692
f 618/831/690 621/834/693 622/835/694
f 618/831/690 623/836/695 624/837/696
f 618/831/690 624/837/696 619/832/691
f 618/831/690 622/835/694 623/836/695
f 618/831/690 620/833/692 621/834/693
f 411/563/465 625/838/697 626/839/698
f 411/563/465 627/840/699 628/841/700
f 411/563/465 626/839/698 629/842/701
f 411/563/465 628/841/700 625/838/697
f 411/563/465 414/566/468 627/840/699
f 411/563/465 629/842/701 412/564/466
f 630/843/702 631/844/703 142/195/159
f 630/843/702 142/195/159 144/198/158
f 630/843/702 632/845/704 633/846/705
f 630/843/702 633/846/705 631/844/703
f 634/847/706 635/848/707 636/849/708
f 634/847/706 637/850/709 638/851/710
f 634/847/706 636/849/708 639/852/711
f 634/847/706 639/852/711 637/850/709
f 634/847/706 638/851/710 640/853/712
f 634/847/706 640/853/712 635/848/707
f 641/854/713 642/855/714 643/856/715
f 641/854/713 644/857/716 642/855/714
f 641/854/713 645/858/717 646/859/718
f 641/854/713 643/856/715 645/858/717
f 641/854/713 2183/860/719 644/857/716
f 641/854/713 646/859/718 2183/860/719
f 257/355/294 647/861/720 648/862/721
f 257/355/294 261/359/298 649/863/722
f 257/355/294 648/862/721 258/356/295
f 257/355/294 649/863/722 647/861/720
f 652/864/723 650/865/724 651/866/725
f 652/864/723 651/866/725 2017/867/726
f 652/868/723 653/869/727 656/870/728
f 652/868/723 732/871/729 654/872/730
f 652/864/723 655/873/731 650/865/724
f 652/868/723 2017/874/726 732/871/729
f 652/868/723 654/872/730 653/869/727
f 652/864/723 656/875/728 655/873/731
f 657/876/732 658/877/733 659/878/734
f 657/876/732 357/483/405 658/877/733
f 657/876/732 659/878/734 660/879/735
f 657/876/732 2147/484/406 357/483/405
f 657/876/732 661/880/736 2147/484/406
f 657/876/732 660/879/735 661/880/736
f 662/881/737 533/727/598 663/882/738
f 662/881/737 664/883/739 665/884/740
f 662/881/737 666/885/741 578/783/645
f 662/881/737 667/886/742 1511/887/743
f 662/881/737 1511/887/743 666/885/741
f 662/881/737 578/783/645 533/727/598
f 662/881/737 663/882/738 664/883/739
f 662/881/737 665/884/740 667/886/742
f 668/888/744 669/889/745 670/890/746
f 668/888/744 747/891/747 669/889/745
f 668/888/744 671/892/748 747/891/747
f 668/888/744 672/893/749 671/892/748
f 668/888/744 670/890/746 672/893/749
f 673/894/750 374/507/426 674/895/751
f 673/894/750 674/895/751 675/896/752
f 673/894/750 676/897/753 677/898/754
f 673/894/750 678/899/755 374/507/426
f 673/894/750 675/896/752 676/897/753
f 673/894/750 677/898/754 678/899/755
f 95/134/108 679/900/756 680/901/757
f 95/134/108 681/902/758 96/135/109
f 95/134/108 99/138/112 679/900/756
f 95/134/108 680/901/757 681/902/758
f 682/903/759 683/904/760 684/905/761
f 682/903/759 685/906/762 683/904/760
f 682/903/759 684/905/761 686/907/763
f 682/903/759 686/907/763 685/906/762
f 687/908/764 688/909/765 689/910/766
f 687/908/764 694/911/767 688/909/765
f 687/912/764 690/913/768 691/914/769
f 687/912/764 692/915/770 690/913/768
f 687/912/764 693/916/771 694/917/767
f 687/908/764 689/910/766 692/918/770
f 687/912/764 691/914/769 693/916/771
f 697/919/772 695/920/773 696/921/774
f 697/922/772 698/923/775 699/924/776
f 697/919/772 350/474/399 695/920/773
f 697/919/772 700/925/777 701/926/778
f 697/922/772 699/924/776 1297/927/779
f 697/919/772 696/921/774 700/925/777
f 697/922/772 701/928/778 698/923/775
f 697/929/772 702/930/780 703/931/781
f 697/929/772 1297/932/779 702/930/780
f 697/919/772 703/933/781 355/475/400
f 697/919/772 355/475/400 350/474/399
f 704/934/782 705/935/783 707/285/233
f 704/936/782 2200/937/784 706/938/785
f 704/936/782 707/939/233 2200/937/784
f 704/936/782 708/940/786 709/941/787
f 704/936/782 710/942/788 708/940/786
f 704/936/782 709/941/787 705/943/783
f 704/936/782 706/938/785 710/942/788
f 711/944/789 1159/945/790 29/38/32
f 711/944/789 712/946/791 1159/945/790
f 711/944/789 28/37/31 713/947/792
f 711/944/789 713/947/792 714/948/793
f 711/944/789 29/38/32 28/37/31
f 711/944/789 714/948/793 712/946/791
f 320/437/359 318/435/362 715/949/794
f 320/437/359 715/949/794 315/950/360
f 716/951/795 717/952/796 718/953/797
f 716/951/795 718/953/797 719/954/798
f 716/951/795 720/955/799 717/952/796
f 721/956/800 722/957/801 723/958/802
f 721/956/800 194/270/221 191/267/218
f 721/956/800 723/958/802 724/959/803
f 721/956/800 724/959/803 725/960/804
f 721/956/800 725/960/804 726/961/805
f 721/956/800 191/267/218 722/957/801
f 721/956/800 726/961/805 194/270/221
f 727/962/806 728/963/807 1953/964/808
f 727/962/806 1953/964/808 2199/965/809
f 727/962/806 729/966/810 728/963/807
f 727/962/806 2199/965/809 729/966/810
f 730/967/811 23/29/25 731/968/812
f 730/967/811 2146/969/813 2210/970/814
f 730/967/811 2210/970/814 23/29/25
f 730/967/811 731/968/812 2146/969/813
f 734/971/815 732/972/729 519/706/584
f 734/971/815 519/706/584 521/708/586
f 734/971/815 521/708/586 733/973/816
f 734/974/815 735/975/817 736/976/818
f 734/974/815 736/976/818 737/977/819
f 734/974/815 733/978/816 735/975/817
f 734/974/815 737/977/819 732/871/729
f 738/979/376 739/980/820 332/981/377
f 533/727/598 577/782/644 740/982/821
f 533/727/598 535/729/600 741/983/822
f 533/727/598 742/984/823 663/882/738
f 533/727/598 578/783/645 577/782/644
f 533/727/598 740/982/821 534/728/599
f 533/727/598 741/983/822 742/984/823
f 743/985/824 744/986/825 748/987/826
f 743/988/824 669/889/745 747/891/747
f 743/985/824 745/989/827 744/986/825
f 743/988/824 746/990/828 669/889/745
f 743/985/824 747/991/747 745/989/827
f 743/988/824 748/992/826 746/990/828
f 749/993/829 8/9/9 750/994/830
f 749/993/829 751/995/831 752/996/832
f 749/993/829 544/739/610 751/995/831
f 749/993/829 545/740/611 544/739/610
f 749/993/829 750/994/830 753/997/833
f 749/993/829 753/997/833 545/740/611
f 749/993/829 752/996/832 8/9/9
f 548/743/614 754/998/834 755/999/835
f 548/743/614 756/1000/836 549/744/615
f 548/743/614 552/748/618 304/416/347
f 548/743/614 755/999/835 756/1000/836
f 548/743/614 304/416/347 754/998/834
f 757/1001/837 363/1002/413 684/905/761
f 757/1001/837 683/904/760 367/1003/418
f 757/1001/837 684/905/761 683/904/760
f 757/1001/837 367/1003/418 363/1002/413
f 369/501/420 758/1004/838 759/1005/839
f 369/501/420 759/1005/839 370/502/421
f 369/501/420 373/505/424 1943/1006/840
f 369/501/420 760/1007/841 758/1004/838
f 369/501/420 1943/1006/840 760/1007/841
f 761/1008/842 698/923/775 701/928/778
f 761/1008/842 938/1009/843 762/1010/844
f 761/1008/842 701/928/778 938/1009/843
f 761/1008/842 762/1010/844 607/818/680
f 761/1008/842 607/818/680 698/923/775
f 763/1011/845 764/1012/846 765/1013/847
f 763/1011/845 259/357/296 764/1012/846
f 763/1011/845 261/359/298 260/358/297
f 763/1011/845 766/1014/848 767/1015/849
f 763/1011/845 765/1013/847 766/1014/848
f 763/1011/845 768/1016/850 261/359/298
f 763/1011/845 767/1015/849 768/1016/850
f 763/1011/845 260/358/297 259/357/296
f 769/1017/851 770/1018/852 771/1019/853
f 769/1017/851 772/1020/854 1316/1021/855
f 769/1017/851 489/667/552 772/1020/854
f 769/1017/851 773/1022/856 770/1018/852
f 769/1017/851 1316/1021/855 773/1022/856
f 769/1017/851 771/1019/853 489/667/552
f 774/1023/857 779/1024/858 775/1025/859
f 774/1026/857 776/1027/860 777/1028/861
f 774/1023/857 775/1025/859 780/1029/862
f 774/1030/857 778/1031/863 776/1032/860
f 774/1026/857 777/1028/861 779/1033/858
f 774/1030/857 780/1034/862 781/1035/864
f 774/1030/857 781/1035/864 778/1031/863
f 324/442/367 782/1036/865 783/1037/866
f 324/442/367 1810/1038/867 1304/443/368
f 324/442/367 783/1037/866 1810/1038/867
f 324/442/367 328/447/372 782/1036/865
f 784/1039/868 785/1040/869 786/1041/870
f 784/1039/868 786/1041/870 787/1042/871
f 784/1039/868 787/1042/871 788/1043/872
f 784/1039/868 789/1044/873 785/1040/869
f 784/1039/868 788/1043/872 789/1044/873
f 790/1045/874 791/1046/875 1766/1047/876
f 790/1045/874 792/1048/877 791/1046/875
f 790/1045/874 2117/1049/878 792/1048/877
f 790/1045/874 1766/1047/876 2117/1049/878
f 793/1050/879 794/1051/880 795/1052/881
f 793/1050/879 246/343/282 250/348/287
f 793/1050/879 796/1053/882 246/343/282
f 793/1050/879 795/1052/881 796/1053/882
f 793/1050/879 250/348/287 794/1051/880
f 797/1054/883 974/1055/884 798/1056/885
f 797/1054/883 799/1057/886 800/1058/887
f 797/1054/883 801/1059/888 802/1060/889
f 797/1054/883 802/1060/889 974/1055/884
f 797/1054/883 800/1058/887 801/1059/888
f 797/1054/883 798/1056/885 799/1057/886
f 803/1061/890 804/1062/891 805/1063/892
f 803/1061/890 805/1063/892 2011/1064/893
f 803/1061/890 2011/1064/893 806/1065/894
f 803/1061/890 806/1065/894 804/1062/891
f 811/1066/895 807/1067/896 808/1068/897
f 811/1069/895 809/1070/642 810/1071/898
f 811/1066/895 810/1072/898 807/1067/896
f 811/1073/895 808/1074/897 576/1075/643
f 811/1076/895 576/781/643 809/780/642
f 812/1077/899 813/1078/900 814/1079/901
f 812/1080/899 448/609/506 451/612/509
f 812/1080/899 814/1081/901 448/609/506
f 812/1077/899 816/1082/902 815/1083/903
f 812/1077/899 815/1083/903 813/1078/900
f 812/1084/899 451/1085/509 816/1086/902
f 818/1087/511 817/1088/904 1059/1089/905
f 818/1090/511 1861/298/242 453/1091/512
f 818/1092/511 1956/1093/515 819/1094/906
f 818/1087/511 819/1095/906 820/1096/907
f 818/1090/511 1059/1097/905 1861/298/242
f 818/1087/511 820/1096/907 817/1088/904
f 2233/1098/908 821/1099/909 2235/1100/910
f 2233/1098/908 822/1101/911 823/1102/912
f 2233/1098/908 2232/1103/913 822/1101/911
f 2233/1098/908 823/1102/912 821/1099/909
f 190/266/217 104/145/117 105/147/118
f 190/266/217 105/147/118 824/1104/914
f 190/266/217 824/1104/914 191/267/218
f 190/266/217 195/271/222 104/145/117
f 825/1105/915 826/1106/916 2074/1107/917
f 825/1105/915 2074/1107/917 827/1108/918
f 825/1105/915 827/1108/918 828/1109/919
f 825/1105/915 829/1110/920 826/1106/916
f 825/1105/915 828/1109/919 829/1110/920
f 695/1111/773 832/1112/921 830/1113/922
f 695/1111/773 830/1113/922 831/1114/923
f 695/920/773 350/474/399 354/480/403
f 695/1111/773 831/1114/923 696/1115/774
f 695/920/773 354/480/403 832/1116/921
f 833/1117/924 834/1118/925 306/418/349
f 833/1117/924 835/1119/926 401/549/455
f 833/1117/924 401/549/455 400/543/454
f 833/1117/924 403/547/457 835/1119/926
f 833/1117/924 400/543/454 834/1118/925
f 833/1117/924 836/1120/927 403/547/457
f 833/1117/924 306/418/349 836/1120/927
f 840/1121/928 837/1122/929 838/1123/930
f 840/1121/928 839/1124/931 837/1122/929
f 840/1125/928 841/1126/932 844/1127/933
f 840/1121/928 838/1123/930 842/1128/279
f 840/1125/928 842/1129/279 843/1130/934
f 840/1121/928 844/1131/933 839/1124/931
f 840/1125/928 843/1130/934 841/1126/932
f 794/1051/880 845/1132/935 846/1133/936
f 794/1051/880 250/348/287 847/1134/937
f 794/1051/880 847/1134/937 845/1132/935
f 794/1051/880 846/1133/936 795/1052/881
f 850/1135/938 848/1136/939 849/1137/940
f 850/1138/938 851/1139/941 633/846/705
f 850/1138/938 632/845/704 848/1140/939
f 850/1135/938 849/1137/940 852/1141/942
f 850/1135/938 853/1142/943 854/1143/944
f 850/1138/938 854/1144/944 851/1139/941
f 850/1135/938 852/1141/942 853/1142/943
f 850/1138/938 633/846/705 632/845/704
f 855/1145/945 856/1146/946 123/1147/137
f 855/1148/945 125/1149/138 2085/1150/947
f 855/1148/945 123/1151/137 504/1152/569
f 855/1145/945 857/1153/948 856/1146/946
f 855/1148/945 2085/1150/947 857/1154/948
f 855/1148/945 504/1152/569 125/1149/138
f 858/1155/949 859/1156/950 860/1157/951
f 858/1155/949 860/1157/951 861/1158/952
f 858/1155/949 862/1159/953 859/1156/950
f 858/1155/949 861/1158/952 862/1159/953
f 688/909/765 694/911/767 863/1160/954
f 688/909/765 864/1161/955 865/1162/956
f 688/909/765 863/1160/954 864/1161/955
f 688/909/765 865/1162/956 689/910/766
f 866/1163/957 1293/1164/958 475/649/538
f 866/1163/957 1295/1165/185 1293/1164/958
f 866/1163/957 867/1166/959 164/234/187
f 866/1163/957 164/234/187 1295/1165/185
f 868/1167/960 1609/1168/961 869/1169/962
f 868/1167/960 870/1170/963 1609/1168/961
f 874/1171/964 1300/1172/965 871/1173/966
f 874/1171/964 871/1173/966 872/1174/967
f 874/1171/964 872/1174/967 873/1175/968
f 874/1176/964 873/1177/968 875/1178/969
f 317/434/361 322/438/364 876/1179/970
f 317/434/361 876/1179/970 877/1180/971
f 317/434/361 877/1180/971 878/1181/972
f 317/434/361 878/1181/972 318/435/362
f 879/1182/973 880/1183/974 881/1184/975
f 879/1182/973 882/1185/976 119/161/132
f 879/1182/973 718/953/797 882/1185/976
f 879/1182/973 883/1186/977 718/953/797
f 879/1182/973 119/161/132 880/1183/974
f 884/1187/978 1674/1188/979 787/1042/871
f 884/1187/978 1957/1189/980 1675/1190/981
f 884/1187/978 885/1191/982 886/1192/54
f 884/1187/978 787/1042/871 885/1191/982
f 884/1187/978 1675/1190/981 1674/1188/979
f 884/1187/978 886/1192/54 1957/1189/980
f 889/1193/983 891/1194/984 887/1195/985
f 889/1193/983 887/1195/985 888/1196/986
f 889/1197/983 892/1198/987 890/1199/988
f 889/1197/983 890/1199/988 891/1200/984
f 889/1193/983 888/1196/986 892/1201/987
f 893/1202/989 1857/1203/990 2084/1204/991
f 893/1202/989 561/1205/627 894/1206/992
f 893/1202/989 2084/1204/991 561/1205/627
f 893/1202/989 895/1207/993 896/1208/994
f 893/1202/989 894/1206/992 895/1207/993
f 893/1202/989 1860/1209/995 1857/1203/990
f 893/1202/989 896/1208/994 1860/1209/995
f 898/794/656 897/1210/996 901/1211/997
f 898/1212/656 899/1213/998 900/1214/657
f 898/1212/656 901/1215/997 899/1213/998
f 898/794/656 589/798/660 897/1210/996
f 902/1216/999 1036/1217/1000 903/1218/1001
f 902/1216/999 904/1219/1002 1036/1217/1000
f 902/1216/999 903/1218/1001 905/1220/1003
f 902/1216/999 531/724/596 904/1219/1002
f 902/1216/999 905/1220/1003 531/724/596
f 906/1221/1004 907/1222/1005 908/1223/1006
f 906/1221/1004 909/1224/1007 910/1225/1008
f 906/1221/1004 908/1223/1006 911/1226/1009
f 906/1221/1004 910/1225/1008 907/1222/1005
f 906/1221/1004 911/1226/1009 909/1224/1007
f 912/1227/1010 913/1228/1011 914/1229/1012
f 912/1227/1010 914/1229/1012 915/1230/1013
f 912/1231/1010 915/1232/1013 916/1233/1014
f 374/507/426 917/1234/1015 674/895/751
f 374/507/426 678/899/755 375/508/427
f 374/507/426 378/513/429 918/1235/1016
f 374/507/426 918/1235/1016 917/1234/1015
f 919/1236/1017 920/1237/1018 921/1238/1019
f 919/1236/1017 921/1238/1019 924/1239/1020
f 919/1240/1017 922/1241/1021 923/1242/1022
f 919/1240/1017 923/1242/1022 925/1243/1023
f 919/1240/1017 924/1244/1020 922/1241/1021
f 919/1236/1017 925/1245/1023 920/1237/1018
f 926/1246/1024 930/1247/1025 927/1248/1026
f 926/1249/1024 103/144/114 928/1250/1027
f 926/1249/1024 929/1251/1028 930/1252/1025
f 926/1253/1024 927/1254/1026 646/859/718
f 926/1249/1024 928/1250/1027 929/1251/1028
f 926/1253/1024 646/859/718 103/140/114
f 931/1255/1029 932/1256/1030 933/1257/1031
f 931/1255/1029 934/1258/1032 935/1259/1033
f 931/1255/1029 935/1259/1033 614/827/686
f 931/1255/1029 614/827/686 932/1256/1030
f 931/1255/1029 936/1260/1034 934/1258/1032
f 931/1255/1029 933/1257/1031 936/1260/1034
f 937/1261/1035 1214/1262/1036 1217/1263/1037
f 937/1261/1035 938/1264/843 939/1265/1038
f 937/1261/1035 1217/1263/1037 938/1264/843
f 937/1261/1035 939/1265/1038 1214/1262/1036
f 940/1266/1039 65/93/78 941/1267/1040
f 940/1266/1039 941/1267/1040 942/1268/1041
f 940/1266/1039 942/1268/1041 943/1269/1042
f 940/1266/1039 943/1269/1042 1204/1270/1043
f 940/1266/1039 1204/1270/1043 2202/1271/1044
f 940/1266/1039 2202/1271/1044 1376/1272/1045
f 940/1266/1039 1376/1272/1045 65/93/78
f 944/1273/1046 945/1274/1047 950/1275/1048
f 944/1273/1046 405/552/459 946/1276/1049
f 944/1273/1046 947/1277/1050 945/1274/1047
f 944/1278/1046 948/1279/1051 949/1280/1052
f 944/1273/1046 949/1281/1052 405/552/459
f 944/1273/1046 946/1276/1049 947/1277/1050
f 944/1278/1046 950/1282/1048 948/1279/1051
f 951/1283/1053 952/1284/1054 953/1285/1055
f 951/1283/1053 953/1285/1055 954/1286/1056
f 951/1283/1053 954/1286/1056 955/1287/1057
f 951/1283/1053 435/594/491 952/1284/1054
f 951/1283/1053 436/595/492 435/594/491
f 951/1283/1053 955/1287/1057 436/595/492
f 956/1288/1058 957/1289/1059 1793/1290/1060
f 956/1288/1058 499/679/564 501/681/566
f 956/1288/1058 958/1291/1061 499/679/564
f 956/1288/1058 959/1292/1062 957/1289/1059
f 956/1288/1058 1793/1290/1060 958/1291/1061
f 956/1288/1058 501/681/566 959/1292/1062
f 960/1293/1063 1960/1294/1064 961/1295/1065
f 960/1293/1063 1961/1296/1066 1960/1294/1064
f 960/1293/1063 962/1297/1067 1961/1296/1066
f 960/1293/1063 961/1295/1065 1796/1298/1068
f 960/1293/1063 1796/1298/1068 962/1297/1067
f 965/1299/1069 963/1300/1070 1350/1301/1071
f 965/1299/1069 964/1302/1072 963/1300/1070
f 965/1303/1069 966/1304/1073 967/1305/1074
f 965/1299/1069 967/1306/1074 964/1302/1072
f 965/1303/1069 1350/1307/1071 966/1304/1073
f 968/1308/1075 969/1309/1076 970/1310/1077
f 968/1308/1075 1268/1311/1078 969/1309/1076
f 968/1308/1075 970/1310/1077 971/1312/1079
f 968/1308/1075 972/1313/1080 1268/1311/1078
f 968/1308/1075 971/1312/1079 973/1314/1081
f 968/1308/1075 973/1314/1081 972/1313/1080
f 974/1315/884 952/1284/1054 798/1316/885
f 974/1315/884 976/1317/1082 953/1285/1055
f 974/1315/884 953/1285/1055 952/1284/1054
f 974/1055/884 975/1318/1083 976/1319/1082
f 974/1055/884 802/1060/889 975/1318/1083
f 977/1320/1084 437/596/493 440/600/497
f 977/1320/1084 978/1321/1085 1699/1322/1086
f 977/1320/1084 439/599/496 978/1321/1085
f 977/1320/1084 979/1323/1087 437/596/493
f 977/1320/1084 440/600/497 439/599/496
f 977/1320/1084 1699/1322/1086 979/1323/1087
f 980/1324/1088 981/1325/1089 982/1326/1090
f 980/1324/1088 505/691/571 983/1327/1091
f 980/1324/1088 984/1328/1092 981/1325/1089
f 980/1324/1088 983/1327/1091 984/1328/1092
f 980/1329/1088 982/1330/1090 985/1331/1093
f 980/1329/1088 986/1332/1094 505/686/571
f 980/1329/1088 985/1331/1093 986/1332/1094
f 987/1333/1095 988/1334/1096 1057/1335/1097
f 987/1333/1095 989/1336/1098 990/1337/1099
f 987/1333/1095 990/1337/1099 1670/1338/1100
f 987/1333/1095 991/1339/1101 988/1334/1096
f 987/1333/1095 992/1340/1102 991/1339/1101
f 987/1333/1095 1670/1338/1100 993/1341/1103
f 987/1333/1095 1057/1335/1097 989/1336/1098
f 987/1333/1095 993/1341/1103 992/1340/1102
f 782/1036/865 36/48/42 783/1037/866
f 782/1036/865 994/1342/1104 995/1343/1105
f 782/1036/865 328/447/372 994/1342/1104
f 782/1036/865 995/1343/1105 36/48/42
f 996/1344/1106 456/620/517 459/623/520
f 996/1344/1106 724/959/803 456/620/517
f 996/1344/1106 997/1345/1107 725/960/804
f 996/1344/1106 725/960/804 724/959/803
f 996/1344/1106 998/1346/1108 997/1345/1107
f 996/1344/1106 459/623/520 998/1346/1108
f 201/273/224 464/631/525 999/1347/1109
f 201/273/224 999/1347/1109 197/274/225
f 201/273/224 467/632/526 464/631/525
f 201/282/224 200/281/230 467/635/526
f 206/284/232 1000/1348/1110 707/285/233
f 206/291/232 204/288/235 1000/1349/1110
f 1001/1350/1111 1002/1351/1112 1003/1352/1113
f 1001/1350/1111 1004/1353/1114 1002/1351/1112
f 1005/1354/1115 1006/1355/1116 1007/1356/1117
f 1005/1354/1115 1008/1357/1118 1009/1358/1119
f 1005/1354/1115 483/660/545 1008/1357/1118
f 1005/1354/1115 1007/1356/1117 483/660/545
f 1005/1354/1115 1009/1358/1119 1006/1355/1116
f 1010/1359/1120 1983/1360/1121 890/1361/988
f 1010/1359/1120 1011/1362/1122 888/1196/986
f 1010/1359/1120 890/1361/988 1011/1362/1122
f 1010/1359/1120 888/1196/986 887/1195/985
f 1012/1363/1123 52/73/64 1013/1364/1124
f 1012/1363/1123 1014/1365/1125 1882/1366/1126
f 1012/1363/1123 1882/1366/1126 52/73/64
f 1012/1363/1123 1013/1364/1124 1015/1367/1127
f 1012/1363/1123 1015/1367/1127 1014/1365/1125
f 650/865/724 1016/1368/1128 651/866/725
f 650/865/724 655/873/731 995/1343/1105
f 650/865/724 995/1343/1105 1016/1368/1128
f 1017/1369/1129 1018/1370/1130 2086/1371/1131
f 1017/1372/1129 1019/1373/1132 2161/1374/1133
f 1017/1369/1129 1020/1375/1134 1019/1376/1132
f 1017/1372/1129 2175/1377/1135 1018/1378/1130
f 1017/1372/1129 2161/1374/1133 1021/1379/1136
f 1017/1372/1129 1021/1379/1136 2175/1377/1135
f 1017/1369/1129 2086/1371/1131 1020/1375/1134
f 1022/1380/1137 1023/1381/1138 1024/1382/1139
f 1022/1380/1137 1025/1383/1140 713/947/792
f 1022/1380/1137 28/37/31 1023/1381/1138
f 1022/1380/1137 713/947/792 28/37/31
f 1022/1380/1137 1024/1382/1139 1025/1383/1140
f 315/950/360 715/949/794 1026/1384/1141
f 315/432/360 1026/1385/1141 1027/1386/1142
f 315/432/360 1027/1386/1142 319/436/363
f 1028/1387/1143 1029/1388/1144 1030/1389/1145
f 1028/1387/1143 1031/1390/1146 2134/1391/1147
f 1028/1392/1143 1032/1393/1148 1033/1394/1149
f 1028/1392/1143 1034/1395/1150 1032/1393/1148
f 1028/1387/1143 1030/1389/1145 1031/1390/1146
f 1028/1387/1143 2134/1391/1147 1034/1396/1150
f 1028/1392/1143 1033/1394/1149 1029/1397/1144
f 1035/1398/1151 1036/1399/1000 562/1400/628
f 1035/1398/1151 1037/1401/1152 1824/1402/1153
f 1035/1398/1151 562/1400/628 1037/1401/1152
f 1035/1398/1151 1824/1402/1153 1036/1399/1000
f 1039/1403/1154 1038/1404/1155 363/1002/413
f 1039/1405/1154 1040/1406/1156 1590/1407/1157
f 1039/1408/1154 1041/1409/1158 1038/1410/1155
f 1039/1405/1154 363/494/413 1042/1411/147
f 1039/1405/1154 1042/1411/147 1040/1406/1156
f 1039/1408/1154 1590/1412/1157 1041/1409/1158
f 1043/1413/1159 1044/1414/1160 1045/1415/1161
f 1043/1413/1159 976/1317/1082 1044/1414/1160
f 1043/1413/1159 953/1285/1055 976/1317/1082
f 1043/1413/1159 954/1286/1056 953/1285/1055
f 1043/1413/1159 1045/1415/1161 231/323/262
f 1043/1413/1159 231/323/262 954/1286/1056
f 807/1067/896 1046/1416/1162 808/1068/897
f 807/1067/896 810/1072/898 15/20/17
f 807/1067/896 15/20/17 17/22/19
f 807/1067/896 16/21/18 1046/1416/1162
f 807/1067/896 17/22/19 16/21/18
f 278/380/319 280/382/321 1601/1417/1163
f 278/380/319 1047/1418/1164 1048/1419/1165
f 278/380/319 1048/1419/1165 279/381/320
f 278/380/319 1601/1417/1163 1047/1418/1164
f 1049/1420/1166 1050/1421/1167 1051/1422/1168
f 1049/1420/1166 1052/1423/1169 1053/1424/60
f 1049/1420/1166 1051/1422/1168 1052/1423/1169
f 1049/1420/1166 1053/1424/60 1054/1425/1170
f 1049/1420/1166 1054/1425/1170 1785/1426/1171
f 1049/1420/1166 1785/1426/1171 1050/1421/1167
f 988/1427/1096 1055/1428/1172 1056/1429/1173
f 988/1427/1096 775/1025/859 1057/1430/1097
f 988/1427/1096 991/1431/1101 1055/1428/1172
f 988/1427/1096 1056/1429/1173 775/1025/859
f 1058/1432/1174 208/294/239 1059/1433/905
f 1058/1432/1174 900/1214/657 899/1213/998
f 1058/1432/1174 1060/1434/1175 209/295/240
f 1058/1432/1174 899/1213/998 1061/1435/1176
f 1058/1432/1174 1062/1436/1177 1060/1434/1175
f 1058/1432/1174 1059/1433/905 900/1214/657
f 1058/1432/1174 209/295/240 208/294/239
f 1058/1432/1174 1061/1435/1176 1062/1436/1177
f 64/92/77 941/1267/1040 65/93/78
f 64/92/77 67/95/80 1063/1437/1178
f 64/92/77 1063/1437/1178 941/1267/1040
f 1064/1438/1179 1065/1439/1180 1066/1440/1181
f 1064/1438/1179 1066/1440/1181 1067/1441/1182
f 1064/1438/1179 1068/1442/1183 1065/1439/1180
f 225/317/256 1069/1443/1184 1070/1444/1185
f 225/317/256 1070/1444/1185 413/565/467
f 225/317/256 413/565/467 226/318/257
f 225/317/256 227/319/258 1069/1443/1184
f 86/131/99 567/767/631 2073/1445/1186
f 86/131/99 1071/1446/1187 87/1447/100
f 86/131/99 2073/1445/1186 1072/1448/1188
f 86/131/99 92/130/105 567/767/631
f 86/131/99 1072/1448/1188 1071/1446/1187
f 96/135/109 1008/1449/1118 1073/1450/1189
f 96/1451/109 1073/1452/1189 97/1453/110
f 96/135/109 681/902/758 1008/1449/1118
f 1074/1454/1190 1075/1455/1191 1076/1456/1192
f 1074/1454/1190 1076/1456/1192 1077/1457/1193
f 1074/1454/1190 1078/1458/1194 1079/1459/280
f 1074/1454/1190 1079/1459/280 1075/1455/1191
f 1074/1454/1190 1077/1457/1193 622/835/694
f 1074/1454/1190 622/835/694 1078/1458/1194
f 1080/1460/1195 248/345/284 1081/1461/1196
f 1080/1460/1195 1082/1462/1197 758/1004/838
f 1080/1460/1195 758/1004/838 2112/1463/1198
f 1080/1460/1195 1081/1461/1196 1082/1462/1197
f 1080/1460/1195 249/346/285 248/345/284
f 1080/1460/1195 2112/1463/1198 249/346/285
f 1084/1464/1199 1085/1465/1200 1083/1466/1201
f 1084/1467/1199 799/1057/886 1085/1468/1200
f 1084/1464/1199 1083/1466/1201 1086/1469/1202
f 1084/1467/1199 1088/1470/1203 1087/1471/1204
f 1084/1464/1199 1086/1469/1202 1088/1472/1203
f 1084/1467/1199 1087/1471/1204 799/1057/886
f 1091/1473/1205 1089/1474/1206 1090/1475/1207
f 1091/1476/1205 1867/1477/1208 1092/1478/1209
f 1091/1473/1205 1093/1479/1210 345/468/393
f 1091/1473/1205 1094/1480/1211 1093/1479/1210
f 1091/1473/1205 345/468/393 516/703/582
f 1091/1476/1205 1092/1478/1209 1089/1481/1206
f 1091/1473/1205 1090/1475/1207 1094/1480/1211
f 1091/1473/1205 516/703/582 1867/1482/1208
f 1095/1483/1212 1096/1484/1213 1097/1485/1214
f 1095/1483/1212 1098/1486/1215 31/40/34
f 1095/1483/1212 30/39/33 1096/1484/1213
f 1095/1483/1212 31/40/34 30/39/33
f 1095/1483/1212 1097/1485/1214 1098/1486/1215
f 1099/1487/1216 603/1488/675 2211/1489/1217
f 1099/1490/1216 1100/1491/1218 1101/1492/1219
f 1099/1487/1216 1102/1493/1220 1103/1494/1221
f 1099/1487/1216 1103/1494/1221 1100/1495/1218
f 1099/1487/1216 1104/1496/1222 1102/1493/1220
f 1099/1487/1216 2211/1489/1217 1104/1496/1222
f 1099/1490/1216 1101/1492/1219 603/813/675
f 1105/1497/1223 1106/1498/1224 1107/1499/1225
f 1105/1497/1223 1108/1500/1226 1106/1498/1224
f 1105/1497/1223 276/378/317 1109/1501/1227
f 1105/1497/1223 1107/1499/1225 276/378/317
f 1105/1497/1223 1109/1501/1227 1108/1500/1226
f 1110/1502/1228 1111/1503/1229 1112/1504/1230
f 1110/1502/1228 381/516/432 1113/1505/1231
f 1110/1502/1228 1112/1504/1230 1114/1506/1232
f 1110/1502/1228 386/521/437 381/516/432
f 1110/1502/1228 1113/1505/1231 1111/1503/1229
f 1110/1502/1228 1114/1506/1232 386/521/437
f 1115/1507/1233 642/855/714 193/269/220
f 1115/1507/1233 1116/1508/1234 1117/1509/1235
f 1115/1507/1233 192/268/219 1116/1508/1234
f 1115/1507/1233 643/856/715 642/855/714
f 1115/1507/1233 1117/1509/1235 643/856/715
f 1115/1507/1233 193/269/220 192/268/219
f 342/465/390 344/467/392 1118/1510/1236
f 342/465/390 1118/1510/1236 343/466/391
f 114/156/127 1119/1511/1237 115/157/128
f 1120/1512/1238 1121/1513/1239 1122/1514/1240
f 1120/1515/1238 502/682/567 127/172/141
f 1120/1512/1238 127/173/141 1121/1513/1239
f 1120/1515/1238 1123/1516/1241 502/682/567
f 1120/1512/1238 1122/1514/1240 1124/1517/1242
f 1120/1515/1238 1124/1518/1242 1123/1516/1241
f 1125/1519/1243 1126/1520/1244 907/1222/1005
f 1125/1519/1243 907/1222/1005 910/1225/1008
f 1125/1519/1243 1127/1521/1245 1126/1520/1244
f 1125/1519/1243 1128/1522/1246 1129/1523/1247
f 1125/1519/1243 910/1225/1008 1128/1522/1246
f 1125/1519/1243 1129/1523/1247 1127/1521/1245
f 1130/1524/1248 1917/1525/1249 1476/1526/1250
f 1130/1524/1248 135/184/152 1474/1527/1251
f 1130/1524/1248 1131/1528/1252 1917/1525/1249
f 1130/1524/1248 1474/1527/1251 1131/1528/1252
f 1130/1524/1248 2177/1529/1253 135/184/152
f 1130/1524/1248 1476/1526/1250 2177/1529/1253
f 1132/1530/1254 1133/1531/1255 1996/1532/1256
f 1132/1530/1254 1996/1532/1256 1134/1533/1257
f 1132/1530/1254 1135/1534/1258 1133/1531/1255
f 1136/1535/1259 481/1536/543 1137/1537/1260
f 1136/1535/1259 1138/1538/1261 1139/1539/1262
f 1136/1535/1259 1140/1540/1263 1138/1538/1261
f 1136/1535/1259 1137/1537/1260 1140/1540/1263
f 1136/1535/1259 1139/1539/1262 1484/1541/1264
f 1136/1535/1259 1484/1541/1264 481/1536/543
f 1143/1542/1265 1141/1543/1266 1142/1544/1267
f 1143/1545/1265 909/1224/1007 911/1226/1009
f 1143/1545/1265 1146/1546/1268 1144/1547/1269
f 1143/1542/1265 1142/1544/1267 1145/1548/1270
f 1143/1545/1265 1144/1547/1269 909/1224/1007
f 1143/1542/1265 911/1549/1009 1141/1543/1266
f 1143/1542/1265 1145/1548/1270 1146/1550/1268
f 1147/1551/1271 1987/1552/1272 1989/1553/1273
f 1147/1551/1271 1148/1554/1274 1149/1555/1275
f 1147/1551/1271 1989/1553/1273 1150/1556/605
f 1147/1551/1271 539/1557/604 1148/1554/1274
f 1147/1551/1271 1150/1556/605 539/1557/604
f 1147/1551/1271 1149/1555/1275 1987/1552/1272
f 1151/1558/1276 1152/1559/1277 1153/1560/1278
f 1151/1558/1276 1153/1560/1278 165/233/188
f 1151/1558/1276 161/232/183 255/1561/292
f 1151/1558/1276 165/233/188 161/232/183
f 1151/1558/1276 255/1561/292 1154/1562/1279
f 1151/1558/1276 1154/1562/1279 1152/1559/1277
f 1155/1563/1280 934/1258/1032 1156/1564/1281
f 1155/1563/1280 935/1259/1033 934/1258/1032
f 1155/1563/1280 1157/1565/1282 935/1259/1033
f 1155/1563/1280 1156/1564/1281 1157/1565/1282
f 1158/1566/1283 1159/1567/790 1160/1568/1284
f 1158/1566/1283 1160/1568/1284 76/106/88
f 1158/1569/1283 1161/1570/1285 2174/1571/1286
f 1158/1572/1283 1162/35/29 29/38/32
f 1158/1569/1283 2174/1571/1286 1162/1573/29
f 1158/1566/1283 29/1574/32 1159/1567/790
f 1158/1566/1283 76/106/88 1161/1575/1285
f 1163/1576/1287 514/698/580 513/697/579
f 1163/1576/1287 513/697/579 2204/1577/1288
f 1163/1576/1287 1164/1578/1289 1165/1579/1290
f 1163/1576/1287 2204/1577/1288 1164/1578/1289
f 1163/1576/1287 1165/1579/1290 514/698/580
f 1166/1580/1291 186/260/211 188/263/214
f 1166/1581/1291 735/975/817 733/978/816
f 1166/1581/1291 1167/1582/1292 735/975/817
f 1166/1581/1291 188/1583/214 1167/1582/1292
f 1166/1580/1291 733/973/816 186/260/211
f 1168/1584/1293 1169/1585/1294 2156/1586/1295
f 1168/1584/1293 723/958/802 1170/1587/1296
f 1168/1584/1293 2156/1586/1295 2167/1588/1297
f 1168/1584/1293 1171/1589/1298 723/958/802
f 1168/1584/1293 1170/1587/1296 1169/1585/1294
f 1168/1584/1293 2167/1588/1297 1171/1589/1298
f 1172/1590/1299 1173/1591/1300 1174/1592/1301
f 1172/1590/1299 1175/1593/1302 2066/1594/1303
f 1172/1590/1299 1174/1592/1301 1175/1593/1302
f 1172/1590/1299 1176/1595/1304 1177/1596/1305
f 1172/1590/1299 2066/1594/1303 2214/1597/1306
f 1172/1590/1299 2214/1597/1306 1176/1595/1304
f 1172/1590/1299 1177/1596/1305 1173/1591/1300
f 1181/1598/1307 1183/1599/1308 1178/1600/1309
f 1181/1598/1307 1179/1601/1310 1182/1602/1311
f 1181/1598/1307 1180/1603/1312 1179/1601/1310
f 1181/1598/1307 1178/1600/1309 1180/1603/1312
f 1181/1604/1307 1182/1605/1311 1183/1606/1308
f 1185/1607/1313 1184/1608/1314 415/573/470
f 1185/1607/1313 1382/1609/1315 1184/1608/1314
f 1185/1610/1313 1186/1611/1316 1187/1612/1317
f 1185/1607/1313 1187/1613/1317 1382/1609/1315
f 1185/1607/1313 415/573/470 1188/1614/1318
f 1185/1610/1313 1188/1615/1318 1186/1611/1316
f 1189/1616/1319 420/578/475 1190/1617/1320
f 1189/1618/1319 1192/360/299 1193/576/476
f 1189/1616/1319 1191/1619/1321 1192/1620/299
f 1189/1616/1319 1190/1617/1320 1191/1619/1321
f 1189/1616/1319 1193/1621/476 420/578/475
f 377/510/428 1194/1622/1322 1195/1623/1323
f 377/510/428 375/512/427 266/365/304
f 377/510/428 1195/1623/1323 378/511/429
f 377/510/428 266/365/304 1196/1624/1324
f 377/510/428 1196/1624/1324 1197/1625/1325
f 377/510/428 1197/1625/1325 1194/1622/1322
f 269/368/307 1370/1626/1326 1198/1627/1327
f 269/368/307 1198/1627/1327 270/369/308
f 269/368/307 2083/372/311 1370/1626/1326
f 1199/1628/1328 395/535/448 498/678/563
f 1199/1628/1328 1200/1629/1329 40/1630/47
f 1199/1628/1328 39/536/46 395/535/448
f 1199/1628/1328 1201/1631/1330 1200/1629/1329
f 1199/1628/1328 40/1630/47 39/536/46
f 1199/1628/1328 498/678/563 1201/1631/1330
f 1202/1632/1331 1203/1633/1332 710/942/788
f 1202/1632/1331 943/1634/1042 1203/1633/1332
f 1202/1632/1331 1204/1635/1043 943/1634/1042
f 1202/1632/1331 710/942/788 706/938/785
f 1202/1632/1331 706/938/785 1204/1635/1043
f 930/1636/1025 929/1637/1028 1207/1638/1333
f 930/1247/1025 1205/1639/1334 1206/1640/1335
f 930/1247/1025 1206/1640/1335 927/1248/1026
f 930/1247/1025 1207/1641/1333 1205/1639/1334
f 1208/1642/1336 1209/1643/1337 1210/1644/1338
f 1208/1642/1336 1210/1644/1338 1211/1645/1339
f 1208/1642/1336 207/292/237 1212/1646/1340
f 1208/1642/1336 1211/1645/1339 207/292/237
f 1208/1642/1336 1212/1646/1340 1213/1647/1341
f 1208/1642/1336 1213/1647/1341 1209/1643/1337
f 1214/1648/1036 1215/1649/1342 1216/1650/1343
f 1214/1648/1036 1216/1650/1343 1217/1651/1037
f 1214/1262/1036 939/1265/1038 1218/1652/1344
f 1214/1648/1036 1218/1653/1344 1215/1649/1342
f 1219/1654/1345 1220/1655/1346 1221/1656/1347
f 1219/1654/1345 1222/1657/1348 941/1267/1040
f 1219/1654/1345 941/1267/1040 1063/1437/1178
f 1219/1654/1345 1221/1656/1347 1223/1658/1349
f 1219/1654/1345 1063/1437/1178 1220/1655/1346
f 1219/1654/1345 1223/1658/1349 1222/1657/1348
f 1224/1659/1350 422/580/478 426/584/482
f 1224/1659/1350 1225/1660/1351 173/244/198
f 1224/1659/1350 426/584/482 1225/1660/1351
f 1224/1659/1350 1226/1661/1352 422/580/478
f 1224/1659/1350 173/244/198 1226/1661/1352
f 582/1662/649 1227/1663/1353 1230/1664/1354
f 582/787/649 1907/789/651 1227/1665/1353
f 582/1666/649 1228/1667/1355 1229/1668/650
f 582/1666/649 1230/1669/1354 1228/1667/1355
f 1231/1670/1356 233/325/264 1232/1671/1357
f 1231/1670/1356 1233/1672/1358 693/916/771
f 1231/1670/1356 234/326/265 233/325/264
f 1231/1670/1356 1232/1671/1357 2216/1673/1359
f 1231/1670/1356 693/916/771 234/326/265
f 1231/1670/1356 2216/1673/1359 1233/1672/1358
f 1234/1674/1360 437/596/493 979/1323/1087
f 1234/1674/1360 1235/1675/1361 1236/1676/1362
f 1234/1674/1360 1237/1677/1363 1235/1675/1361
f 1234/1674/1360 979/1323/1087 1237/1677/1363
f 1234/1674/1360 1236/1676/1362 437/596/493
f 1238/1678/1364 1951/1679/1365 1239/1680/1366
f 1238/1678/1364 1240/1681/1367 1241/1682/1368
f 1238/1678/1364 102/143/116 1240/1681/1367
f 1238/1678/1364 1241/1682/1368 1951/1679/1365
f 1238/1678/1364 928/1250/1027 102/143/116
f 1238/1678/1364 1239/1680/1366 928/1250/1027
f 167/236/190 2125/1683/1369 168/237/191
f 167/1684/190 1242/1685/1370 1243/1686/1371
f 167/1684/190 171/530/195 1242/1685/1370
f 167/236/190 1243/1687/1371 2125/1683/1369
f 1244/1688/1372 1245/1689/1373 1108/1500/1226
f 1244/1688/1372 1246/1690/1374 1247/1691/1375
f 1244/1688/1372 116/158/129 1245/1689/1373
f 1244/1688/1372 1247/1691/1375 117/159/130
f 1244/1688/1372 1108/1500/1226 1248/1692/1376
f 1244/1688/1372 1248/1692/1376 1246/1690/1374
f 1244/1688/1372 117/159/130 116/158/129
f 380/515/431 1203/1633/1332 1249/1693/1377
f 380/515/431 1250/1694/1378 710/942/788
f 380/515/431 1249/1693/1377 381/516/432
f 380/515/431 710/942/788 1203/1633/1332
f 380/515/431 385/520/436 1250/1694/1378
f 1251/1695/1379 1252/1696/1380 222/314/253
f 1069/1443/1184 1253/1697/1381 1254/1698/1382
f 1069/1443/1184 227/319/258 1253/1697/1381
f 1069/1443/1184 1254/1698/1382 1070/1444/1185
f 1255/1699/1383 1256/1700/1384 1257/1701/1385
f 1255/1699/1383 1258/1702/1386 1256/1700/1384
f 1255/1699/1383 1259/1703/1387 1258/1702/1386
f 1260/1704/1388 1744/1705/1389 573/1706/639
f 1260/1704/1388 573/1706/639 1261/1707/1390
f 1260/1704/1388 639/852/711 1262/1708/1391
f 1260/1704/1388 1261/1707/1390 1263/1709/1392
f 1260/1704/1388 1262/1708/1391 1744/1705/1389
f 1260/1704/1388 1263/1709/1392 639/852/711
f 1264/1710/1393 1265/1711/1394 1266/1712/1395
f 969/1309/1076 1267/1713/1396 970/1310/1077
f 969/1714/1076 1268/1715/1078 1269/1716/1397
f 969/1714/1076 1270/1717/1398 1267/1718/1396
f 969/1714/1076 1269/1716/1397 1270/1717/1398
f 952/1284/1054 1083/1466/1201 798/1316/885
f 952/1284/1054 435/594/491 1083/1466/1201
f 1271/1719/1399 1118/1510/1236 572/776/638
f 1271/1719/1399 572/776/638 571/775/637
f 1271/1719/1399 343/466/391 1118/1510/1236
f 1271/1719/1399 2205/1720/1400 1272/1721/1401
f 1271/1719/1399 1272/1721/1401 343/466/391
f 1271/1719/1399 571/775/637 2205/1720/1400
f 981/1325/1089 984/1328/1092 1273/1722/1402
f 981/1325/1089 1273/1722/1402 579/784/646
f 981/1325/1089 579/784/646 1274/1723/1403
f 981/1325/1089 1274/1723/1403 982/1326/1090
f 1275/1724/1404 989/1336/1098 896/1208/994
f 1275/1724/1404 1276/1725/1405 1277/1726/1406
f 1275/1724/1404 990/1337/1099 989/1336/1098
f 1275/1724/1404 1277/1726/1406 990/1337/1099
f 1275/1724/1404 896/1208/994 1276/1725/1405
f 1278/1727/1407 1279/1728/1408 819/1094/906
f 1278/1729/1407 1280/1730/1409 1281/1731/1410
f 1278/1729/1407 817/1088/904 1280/1730/1409
f 1278/1727/1407 1282/1732/1411 817/1733/904
f 1278/1727/1407 819/1094/906 1282/1732/1411
f 1278/1729/1407 1281/1731/1410 1279/1734/1408
f 1283/1735/1412 458/622/519 1622/1736/1413
f 1283/1735/1412 1284/1737/1414 998/1346/1108
f 1283/1735/1412 1622/1736/1413 1285/1738/1415
f 1283/1735/1412 998/1346/1108 459/623/520
f 1283/1735/1412 1285/1738/1415 1284/1737/1414
f 1283/1735/1412 459/623/520 458/622/519
f 1286/1739/1416 1287/1740/1417 860/1157/951
f 1286/1739/1416 1288/1741/1418 1289/1742/1419
f 1286/1739/1416 1289/1742/1419 1287/1740/1417
f 1286/1739/1416 860/1157/951 1290/1743/1420
f 1286/1739/1416 1290/1743/1420 1288/1741/1418
f 694/917/767 693/916/771 1291/1744/1421
f 694/911/767 1291/1745/1421 1292/1746/1422
f 694/911/767 1292/1746/1422 863/1160/954
f 1293/1747/958 1294/1748/1423 702/930/780
f 1293/1747/958 1295/1749/185 1296/1750/1424
f 1293/1747/958 702/930/780 1297/932/779
f 1293/1164/958 1297/1751/779 475/649/538
f 1293/1747/958 1296/1750/1424 1294/1748/1423
f 148/202/164 150/207/168 1298/1752/1425
f 148/202/164 2141/1753/1426 1836/203/165
f 148/202/164 1299/1754/1427 2141/1753/1426
f 148/202/164 1298/1752/1425 1299/1754/1427
f 1300/1755/965 1301/1756/1428 1302/1757/1429
f 1300/1172/965 1302/1758/1429 871/1173/966
f 318/435/362 878/1181/972 715/949/794
f 325/444/369 1303/1759/1430 326/445/370
f 325/1760/369 1304/1761/368 1305/1762/1431
f 325/444/369 1306/1763/1432 1303/1759/1430
f 325/1760/369 1305/1762/1431 1306/1764/1432
f 1307/1765/1433 1308/1766/1434 1309/1767/1435
f 1307/1765/1433 1310/1768/1436 788/1043/872
f 1307/1765/1433 1311/1769/1437 1934/1770/1438
f 1307/1765/1433 1934/1770/1438 1308/1766/1434
f 1307/1765/1433 1309/1767/1435 1310/1768/1436
f 1307/1765/1433 788/1043/872 1311/1769/1437
f 1314/1771/1439 1312/1772/1440 1313/1773/1441
f 1314/1774/1439 773/1022/856 1316/1021/855
f 1314/1774/1439 1315/1775/1442 773/1022/856
f 1314/1776/1439 892/1198/987 1315/1777/1442
f 1314/1771/1439 1316/1778/855 1312/1772/1440
f 1314/1776/1439 1313/1779/1441 892/1198/987
f 1317/1780/1443 647/861/720 1322/1781/1444
f 1317/1780/1443 648/862/721 647/861/720
f 1317/1780/1443 1318/1782/1445 1319/1783/1446
f 1317/1780/1443 1319/1783/1446 648/862/721
f 1317/1780/1443 1321/1784/1447 1318/1782/1445
f 1317/1785/1443 1320/1786/1448 1321/1787/1447
f 1317/1785/1443 1322/1788/1444 1320/1786/1448
f 1324/1789/1449 1323/1790/1450 1822/1791/1451
f 1324/1792/1449 1029/1397/1144 1033/1394/1149
f 1324/1789/1449 1822/1791/1451 1029/1388/1144
f 1324/1792/1449 1033/1394/1149 1325/1793/1452
f 1324/1792/1449 1325/1793/1452 1323/1794/1450
f 658/877/733 357/483/405 1326/1795/1453
f 658/877/733 1327/1796/409 1328/1797/1454
f 658/877/733 1328/1797/1454 659/878/734
f 658/877/733 1326/1795/1453 1327/1796/409
f 1329/1798/1455 1330/1799/1456 1331/1800/1457
f 1329/1798/1455 1331/1800/1457 1332/1801/1458
f 1329/1798/1455 1333/1802/1459 154/213/172
f 1329/1798/1455 1332/1801/1458 1333/1802/1459
f 1329/1798/1455 153/212/171 155/214/173
f 1329/1798/1455 1334/1803/1460 1330/1799/1456
f 1329/1798/1455 155/214/173 1334/1803/1460
f 1329/1798/1455 154/213/172 153/212/171
f 1335/1804/175 1336/1805/177 372/504/423
f 1335/1804/175 1337/1806/1461 157/1807/176
f 1335/1804/175 1338/1808/1462 1337/1806/1461
f 1335/1804/175 372/504/423 1338/1808/1462
f 541/736/607 1342/1809/1463 542/737/608
f 541/736/607 546/741/612 1339/1810/1464
f 541/736/607 1339/1810/1464 1340/1811/1465
f 541/1812/607 1341/1813/1466 1342/1814/1463
f 541/1812/607 1340/1815/1465 1341/1813/1466
f 754/998/834 303/415/346 1343/1816/1467
f 754/998/834 550/746/616 755/999/835
f 754/998/834 1343/1816/1467 551/747/617
f 754/998/834 304/416/347 303/415/346
f 754/998/834 551/747/617 550/746/616
f 1345/1817/1468 1344/1818/1469 966/1304/1073
f 1345/1819/1468 964/1302/1072 1346/1820/1470
f 1345/1817/1468 1346/1821/1470 1347/1822/1471
f 1345/1819/1468 1348/1823/1472 1349/1824/1473
f 1345/1819/1468 1349/1824/1473 964/1302/1072
f 1345/1817/1468 1347/1822/1471 1344/1818/1469
f 1345/1817/1468 966/1304/1073 1350/1307/1071
f 1345/1825/1468 1350/1826/1071 1348/1827/1472
f 246/343/282 796/1053/882 1351/1828/1474
f 246/343/282 1351/1828/1474 247/344/283
f 297/409/340 300/412/343 237/329/268
f 297/409/340 1352/1829/1475 1353/1830/1476
f 297/409/340 1353/1830/1476 298/410/341
f 297/409/340 237/329/268 1352/1829/1475
f 437/596/493 1236/1676/1362 438/597/494
f 1194/1622/1322 1197/1625/1325 1354/1831/1477
f 1355/1832/36 1356/1833/1478 1357/1834/1479
f 1355/42/36 1358/1835/1480 33/43/37
f 1355/1832/36 1357/1834/1479 1358/1836/1480
f 1355/42/36 34/46/40 1356/1837/1478
f 1359/1838/1481 1360/1839/1482 1361/1840/1483
f 1359/1838/1481 454/616/513 1360/1839/1482
f 1359/1838/1481 1361/1840/1483 1362/1841/1484
f 1359/1838/1481 1362/1841/1484 454/616/513
f 42/55/49 1363/1842/1485 43/56/50
f 42/55/49 886/62/54 1364/1843/1486
f 42/55/49 1365/1844/1487 1363/1842/1485
f 42/55/49 1364/1843/1486 1365/1844/1487
f 1366/1845/1488 1367/1846/1489 1368/1847/1490
f 1366/1845/1488 1369/1848/1491 1354/1831/1477
f 1366/1845/1488 1354/1831/1477 1197/1625/1325
f 1366/1845/1488 1196/1624/1324 1367/1846/1489
f 1366/1845/1488 1197/1625/1325 1196/1624/1324
f 1366/1845/1488 1368/1847/1490 1369/1848/1491
f 271/370/309 54/80/66 57/79/69
f 271/1849/309 1370/1850/1326 1371/1851/1492
f 271/1852/309 1372/1853/310 1370/1626/1326
f 271/1849/309 1371/1851/1492 54/75/66
f 832/1116/921 62/89/75 63/90/73
f 832/1112/921 63/85/73 830/1113/922
f 832/1116/921 354/480/403 62/89/75
f 1373/1854/1493 1000/1349/1110 204/288/235
f 1373/1854/1493 69/97/81 1374/1855/1494
f 1373/1854/1493 204/288/235 1375/1856/1495
f 1373/1854/1493 1374/1855/1494 1376/1857/1045
f 1373/1854/1493 1377/1858/1496 1378/1859/1497
f 1373/1854/1493 1378/1859/1497 69/97/81
f 1373/1854/1493 1375/1856/1495 1377/1858/1496
f 1373/1854/1493 1376/1857/1045 1000/1349/1110
f 619/832/691 624/837/696 1379/1860/277
f 619/832/691 1958/1861/1498 620/833/692
f 619/832/691 2214/1862/1306 1958/1861/1498
f 619/832/691 1379/1860/277 2214/1862/1306
f 412/564/466 1380/1863/1499 226/318/257
f 412/564/466 629/842/701 1380/1863/1499
f 1381/1864/1500 1184/1865/1314 1382/1866/1315
f 1381/1864/1500 1382/1866/1315 1071/1446/1187
f 1381/1864/1500 1186/1611/1316 416/569/471
f 1381/1864/1500 1071/1446/1187 1072/1448/1188
f 1381/1864/1500 415/568/470 1184/1865/1314
f 1381/1864/1500 1072/1448/1188 1186/1611/1316
f 1381/1864/1500 416/569/471 415/568/470
f 856/1867/946 1383/1868/1501 2182/1869/1502
f 856/1870/1503 1384/1871/1503 123/1872/1503
f 856/1146/946 857/1153/948 1383/1873/1501
f 856/1867/946 2182/1869/1502 1384/1874/140
f 1344/1818/1469 1347/1822/1471 1385/1875/1504
f 1344/1818/1469 967/1305/1074 966/1304/1073
f 1344/1818/1469 1386/1876/1505 967/1305/1074
f 1344/1818/1469 1385/1875/1504 1386/1876/1505
f 510/693/576 515/700/581 1998/1877/1506
f 510/693/576 1998/1877/1506 511/694/577
f 1387/1878/1507 1388/1879/1508 589/798/660
f 1387/1878/1507 1389/1880/1509 1390/1881/1510
f 1387/1878/1507 588/797/659 1389/1880/1509
f 1387/1878/1507 589/798/660 588/797/659
f 1387/1878/1507 1390/1881/1510 1388/1879/1508
f 523/711/589 1391/1882/1511 1392/1883/1512
f 523/711/589 1392/1883/1512 527/712/590
f 523/711/589 1393/1884/1513 1391/1882/1511
f 523/721/589 530/720/595 1393/1885/1513
f 134/182/150 135/184/152 1394/1886/1514
f 134/182/150 1395/1887/1515 138/183/151
f 134/182/150 1394/1886/1514 1395/1887/1515
f 1396/1888/1516 1397/1889/1517 145/196/160
f 1396/1888/1516 1398/1890/1518 1399/1891/1519
f 1396/1888/1516 145/196/160 1398/1890/1518
f 834/1118/925 2092/1892/1520 1400/1893/1521
f 834/1118/925 1400/1893/1521 307/419/350
f 834/1118/925 307/419/350 306/418/349
f 834/1118/925 400/543/454 2092/1892/1520
f 1404/1894/1522 1402/1895/1523 1401/1896/1524
f 1404/1897/1522 1175/1593/1302 1402/1898/1523
f 1404/1897/1522 1403/1899/1525 1175/1593/1302
f 1404/1900/1522 1405/1901/1526 1403/1902/1525
f 1404/1900/1522 1401/1903/1524 1406/1904/1527
f 1404/1900/1522 1406/1904/1527 1405/1901/1526
f 1336/218/177 1407/1905/1528 370/502/421
f 1336/1805/177 1408/1906/1529 372/504/423
f 1336/218/177 370/502/421 1408/1907/1529
f 1336/218/177 159/220/179 1407/1905/1528
f 1409/1908/1530 1411/230/182 476/652/539
f 1409/1909/1530 699/924/776 1410/1910/1531
f 1409/1911/1530 475/649/538 1297/1751/779
f 1409/1911/1530 476/650/539 475/649/538
f 1409/1909/1530 1297/927/779 699/924/776
f 1409/1909/1530 1410/1910/1531 1411/1912/182
f 480/657/542 1412/1913/1532 1413/1914/1533
f 480/1915/542 2022/1916/1534 1137/1537/1260
f 480/1915/542 1413/1917/1533 2022/1916/1534
f 480/657/542 485/662/547 1412/1913/1532
f 480/1915/542 1137/1537/1260 481/1536/543
f 1415/664/549 488/666/551 1414/1918/1535
f 1415/1919/549 1414/1920/1535 1416/1921/1536
f 1415/1919/549 1416/1921/1536 1417/1922/1537
f 1415/664/549 1417/1923/1537 487/665/550
f 1418/1924/1538 1419/1925/1539 493/672/557
f 1418/1924/1538 1420/1926/1540 1421/1927/1541
f 1418/1924/1538 1422/1928/1542 781/1035/864
f 1418/1924/1538 493/672/557 1420/1926/1540
f 1418/1924/1538 781/1035/864 1419/1925/1539
f 1418/1924/1538 1421/1927/1541 1422/1928/1542
f 273/374/313 276/378/317 1107/1499/1225
f 273/1929/313 1107/1930/1225 1423/1931/1543
f 273/1929/313 1423/1931/1543 1424/1932/314
f 785/1040/869 382/517/433 1425/1933/1544
f 785/1040/869 1426/1934/1545 786/1041/870
f 785/1040/869 1425/1933/1544 1426/1934/1545
f 785/1040/869 789/1044/873 1427/1935/1546
f 785/1040/869 1427/1935/1546 382/517/433
f 554/752/620 557/755/623 469/638/529
f 554/752/620 469/638/529 468/636/528
f 554/752/620 468/636/528 467/635/526
f 559/757/625 1180/1603/1312 1428/1936/1547
f 559/757/625 1429/1937/1548 1180/1603/1312
f 559/757/625 1428/1936/1547 560/758/626
f 559/757/625 562/763/628 1429/1937/1548
f 631/844/703 851/1139/941 1430/1938/1549
f 631/844/703 1430/1938/1549 1398/1890/1518
f 631/844/703 1398/1890/1518 142/195/159
f 631/844/703 633/846/705 851/1139/941
f 20/25/22 1431/1939/1550 571/775/637
f 20/25/22 24/32/26 1431/1939/1550
f 265/364/303 1367/1846/1489 1196/1624/1324
f 265/364/303 1432/1940/1551 1367/1846/1489
f 265/364/303 1196/1624/1324 266/365/304
f 270/369/308 1104/1496/1222 1433/1941/1552
f 270/369/308 1433/1941/1552 1372/371/310
f 270/369/308 1198/1627/1327 1104/1496/1222
f 1434/1942/1553 1435/1943/1554 1436/1944/1555
f 1434/1942/1553 1437/1945/1556 1438/1946/1557
f 1434/1942/1553 1439/1947/1558 1200/1629/1329
f 1434/1942/1553 1436/1944/1555 1439/1947/1558
f 1434/1942/1553 1440/1948/1559 1437/1945/1556
f 1434/1942/1553 1438/1946/1557 1435/1943/1554
f 1434/1942/1553 1200/1629/1329 1440/1948/1559
f 1441/1949/1560 1835/1950/1561 283/385/324
f 1441/1949/1560 1442/1951/1562 1443/1952/1563
f 1441/1949/1560 283/385/324 279/381/320
f 1441/1949/1560 1443/1952/1563 1837/1953/1564
f 1441/1949/1560 279/381/320 1442/1951/1562
f 1441/1949/1560 1837/1953/1564 1835/1950/1561
f 1444/1954/1565 1331/1800/1457 983/1327/1091
f 1444/1954/1565 1225/1660/1351 426/584/482
f 1444/1954/1565 1332/1801/1458 1331/1800/1457
f 1444/1954/1565 983/1327/1091 509/690/574
f 1444/1954/1565 509/690/574 1225/1660/1351
f 1444/1954/1565 426/584/482 1332/1801/1458
f 1445/1955/1566 293/401/336 1446/1956/337
f 1445/1955/1566 1446/1956/337 2208/1957/1567
f 1447/1958/1568 1060/1434/1175 1448/1959/1569
f 1447/1958/1568 1449/1960/1570 1060/1434/1175
f 1447/1958/1568 1448/1959/1569 1449/1960/1570
f 66/1961/79 2118/1962/1571 1450/1963/1572
f 66/94/79 1451/1964/1573 67/95/80
f 66/1961/79 70/1965/82 2118/1962/1571
f 66/1966/79 1450/1967/1572 1451/1968/1573
f 222/314/253 422/580/478 1452/1969/1574
f 222/314/253 1452/1969/1574 223/315/254
f 222/314/253 1252/1696/1380 422/580/478
f 1453/1970/1575 627/840/699 1454/1971/1576
f 1453/1972/1575 427/586/484 1455/1973/1577
f 1453/1972/1575 1456/1974/1578 79/110/92
f 1453/1972/1575 1455/1973/1577 627/1975/699
f 1453/1972/1575 79/110/92 427/586/484
f 1453/1970/1575 1454/1971/1576 1456/1976/1578
f 1457/1977/1579 1458/1978/1580 1459/1979/1581
f 1457/1980/1579 1460/1981/1582 1461/1982/1583
f 1457/1980/1579 1461/1982/1583 1458/1983/1580
f 1462/1984/271 1465/1985/1584 1463/1986/1585
f 1462/332/271 1464/1987/1586 240/333/272
f 1462/332/271 1463/1988/1585 1464/1987/1586
f 1462/332/271 242/335/274 1465/1989/1584
f 1466/1990/1587 1467/1991/1588 1468/1992/1589
f 1466/1990/1587 1804/1993/1590 338/461/386
f 1466/1990/1587 1468/1992/1589 1312/1772/1440
f 1466/1990/1587 1312/1772/1440 1316/1778/855
f 1466/1990/1587 338/461/386 1467/1991/1588
f 1466/1990/1587 1316/1778/855 1804/1993/1590
f 779/1024/858 1469/1994/1591 775/1025/859
f 779/1033/858 777/1028/861 1322/1788/1444
f 779/1033/858 1322/1788/1444 1469/1995/1591
f 1470/1996/1592 653/869/727 326/445/370
f 1470/1996/1592 1303/1759/1430 656/870/728
f 1470/1996/1592 326/445/370 1303/1759/1430
f 1470/1996/1592 656/870/728 653/869/727
f 357/483/405 360/491/410 1326/1795/1453
f 362/1997/412 1471/1998/1593 133/180/148
f 362/1997/412 365/559/416 1471/1998/1593
f 362/493/412 1042/1411/147 363/494/413
f 362/1997/412 133/180/148 1042/179/147
f 1472/1999/1594 1473/2000/1595 1474/2001/1251
f 1472/1999/1594 135/188/152 137/187/154
f 1472/1999/1594 1474/2001/1251 135/188/152
f 1472/1999/1594 1475/2002/1596 1473/2000/1595
f 1472/1999/1594 137/187/154 1476/2003/1250
f 1472/1999/1594 1476/2003/1250 1475/2002/1596
f 1245/1689/1373 116/158/129 1477/2004/1597
f 1245/1689/1373 1478/2005/1598 1479/2006/1599
f 1245/1689/1373 1479/2006/1599 1108/1500/1226
f 1245/1689/1373 1477/2004/1597 1480/2007/1600
f 1245/1689/1373 1480/2007/1600 1478/2005/1598
f 1482/2008/1601 764/1012/846 1483/2009/1602
f 1482/2010/1601 1481/2011/1603 1487/2012/1604
f 1482/2013/1601 1483/2014/1602 1484/2015/1264
f 1482/2008/1601 765/1013/847 764/1012/846
f 1482/2010/1601 1485/2016/1605 1486/2017/1606
f 1482/2008/1601 1487/2018/1604 765/1013/847
f 1482/2010/1601 1484/1541/1264 1485/2016/1605
f 1482/2010/1601 1486/2017/1606 1481/2011/1603
f 48/66/57 1053/69/60 1488/2019/1607
f 48/66/57 1488/2019/1607 49/67/58
f 1489/2020/1608 427/586/484 429/588/485
f 1489/2020/1608 1228/1667/1355 1490/2021/1609
f 1489/2020/1608 1490/2021/1609 427/586/484
f 1489/2020/1608 1491/2022/1610 1229/1668/650
f 1489/2020/1608 1229/1668/650 1228/1667/1355
f 1489/2020/1608 429/588/485 1491/2022/1610
f 1492/2023/1611 1493/2024/1612 1494/2025/1613
f 1492/2023/1611 1153/1560/1278 1495/2026/1614
f 1492/2023/1611 1494/2025/1613 1087/1471/1204
f 1492/2023/1611 1087/1471/1204 1496/2027/1615
f 1492/2023/1611 1496/2027/1615 1153/1560/1278
f 1492/2023/1611 1495/2026/1614 1493/2024/1612
f 168/237/191 2125/1683/1369 2126/2028/1616
f 168/237/191 2160/2029/1617 169/238/192
f 168/237/191 2126/2028/1616 2160/2029/1617
f 1159/1567/790 314/429/352 1160/1568/1284
f 1159/945/790 712/946/791 314/421/352
f 512/704/578 347/470/395 1497/2030/1618
f 512/2031/578 1498/2032/1619 513/2033/579
f 512/2031/578 1497/2034/1618 1498/2032/1619
f 512/704/578 516/703/582 347/470/395
f 1499/2035/1620 1500/2036/1621 330/449/374
f 1499/2035/1620 1501/2037/1622 1502/2038/1623
f 1499/2035/1620 1016/1368/1128 1500/2036/1621
f 1499/2035/1620 1502/2038/1623 1503/2039/1624
f 1499/2035/1620 330/449/374 1501/2037/1622
f 1499/2035/1620 1503/2039/1624 1016/1368/1128
f 722/957/801 2099/2040/1625 1504/2041/1626
f 722/957/801 1170/1587/1296 723/958/802
f 722/957/801 191/267/218 824/1104/914
f 722/957/801 824/1104/914 2099/2040/1625
f 722/957/801 1504/2041/1626 1170/1587/1296
f 388/2042/226 1642/2043/229 1505/2044/1627
f 388/276/226 1346/1820/1470 198/277/227
f 388/2045/226 389/2046/442 1346/1821/1470
f 388/2042/226 1505/2044/1627 1506/2047/439
f 390/529/444 1242/1685/1370 171/530/195
f 390/529/444 1507/2048/193 1242/1685/1370
f 1508/2049/1628 1303/1759/1430 1306/1763/1432
f 1508/2050/1628 1509/2051/449 1510/2052/1629
f 1508/2049/1628 1306/1763/1432 1509/2053/449
f 1508/2049/1628 656/870/728 1303/1759/1430
f 1508/2050/1628 1510/2052/1629 656/875/728
f 396/539/451 835/2054/926 397/540/452
f 396/539/451 594/803/665 595/804/666
f 396/539/451 402/545/456 594/803/665
f 396/539/451 595/804/666 835/2054/926
f 666/885/741 809/780/642 578/783/645
f 666/2055/741 1511/2056/743 1512/2057/1630
f 666/2055/741 1512/2057/1630 809/1070/642
f 1517/2058/1631 1513/2059/1632 1514/2060/1633
f 1517/2061/1631 1515/2062/1634 1513/2063/1632
f 1517/2061/1631 1518/2064/1635 1516/2065/1636
f 1517/2066/1631 1514/2067/1633 84/119/97
f 1517/2068/1631 1519/2069/1637 1518/2070/1635
f 1517/2061/1631 1516/2065/1636 1515/2062/1634
f 1517/2066/1631 84/119/97 1519/2071/1637
f 1520/2072/1638 89/126/103 1521/2073/1639
f 1520/2074/1638 1521/2075/1639 1522/2076/1640
f 1520/2074/1638 1523/2077/1641 1525/2078/1642
f 1520/2072/1638 1524/2079/1643 89/126/103
f 1520/2074/1638 1522/2076/1640 1523/2077/1641
f 1520/2072/1638 1525/2080/1642 1524/2079/1643
f 1235/1675/1361 1237/1677/1363 1526/2081/1644
f 1235/1675/1361 1527/2082/1645 1236/1676/1362
f 1235/1675/1361 1528/2083/1646 1527/2082/1645
f 1235/1675/1361 1526/2081/1644 1529/2084/1647
f 1235/1675/1361 1529/2084/1647 1528/2083/1646
f 244/337/276 1176/1595/1304 2214/1597/1306
f 244/337/276 1079/341/280 1530/2085/1648
f 244/337/276 1530/2085/1648 1176/1595/1304
f 244/337/276 2214/1597/1306 1379/338/277
f 248/345/284 247/344/283 1081/1461/1196
f 1532/2086/1649 1531/2087/1650 2133/2088/1651
f 1532/2089/1649 1533/2090/1652 1534/2091/1653
f 1532/2089/1649 1535/2092/1654 1533/2090/1652
f 1532/2089/1649 2133/2093/1651 1536/2094/1655
f 1532/2086/1649 696/1115/774 831/1114/923
f 1532/2086/1649 831/1114/923 703/2095/781
f 1532/2089/1649 1534/2091/1653 696/2096/774
f 1532/2089/1649 1536/2094/1655 1535/2092/1654
f 1532/2086/1649 703/2095/781 1531/2087/1650
f 1538/2097/1656 1537/2098/1657 1866/2099/1658
f 1538/2100/1656 1541/2101/1659 1539/2102/1660
f 1538/2097/1656 1866/2099/1658 511/694/577
f 1538/2097/1656 1540/2103/1661 1537/2098/1657
f 1538/2097/1656 511/694/577 1541/2104/1659
f 1538/2100/1656 1539/2102/1660 1540/2105/1661
f 1096/1484/1213 1391/1882/1511 1097/1485/1214
f 1096/1484/1213 1392/1883/1512 1391/1882/1511
f 1096/1484/1213 30/39/33 1542/2106/1662
f 1096/1484/1213 1542/2106/1662 1543/2107/1663
f 1096/1484/1213 1543/2107/1663 1392/1883/1512
f 447/607/504 1544/2108/38 1725/608/505
f 447/607/504 1545/2109/39 1544/2108/38
f 447/607/504 450/611/508 1358/1836/1480
f 447/607/504 1358/1836/1480 1545/2109/39
f 1546/2110/1664 1547/2111/1665 1548/2112/1666
f 1546/2110/1664 1549/2113/1667 1550/2114/1668
f 1546/2110/1664 1550/2114/1668 1547/2111/1665
f 45/58/51 1551/2115/53 1552/2116/1669
f 45/58/51 1552/2116/1669 1553/2117/1670
f 45/58/51 1553/2117/1670 44/59/52
f 464/631/525 465/633/527 999/1347/1109
f 203/287/234 1554/2118/1671 1555/2119/1672
f 203/287/234 205/2120/236 1556/2121/1673
f 203/287/234 1556/2121/1673 1554/2118/1671
f 203/287/234 1555/2119/1672 204/288/235
f 1557/2122/1674 163/229/186 164/234/187
f 1557/2122/1674 1559/653/536 163/229/186
f 1557/2123/1674 473/644/535 1558/2124/1675
f 1557/2123/1674 867/2125/959 473/644/535
f 1557/2122/1674 164/234/187 867/1166/959
f 1557/2123/1674 1558/2124/1675 1559/2126/536
f 482/659/544 1560/2127/1676 1561/2128/1677
f 482/659/544 484/661/546 1560/2127/1676
f 482/659/544 1561/2128/1677 483/660/545
f 172/249/197 176/248/201 1562/2129/1678
f 172/243/197 2158/2130/1679 1563/2131/1680
f 172/249/197 1562/2129/1678 2158/2132/1679
f 172/243/197 1563/2131/1680 173/244/198
f 1513/2063/1632 1515/2062/1634 1564/2133/1681
f 1513/2059/1632 1564/2134/1681 1565/2135/1682
f 1513/2059/1632 1565/2135/1682 1514/2060/1633
f 1567/2136/1683 1571/2137/1684 1566/2138/1685
f 1567/2136/1683 1566/2138/1685 188/1583/214
f 1567/2139/1683 1568/2140/213 1569/2141/1686
f 1567/2139/1683 1569/2141/1686 520/707/585
f 1567/2142/1683 188/263/214 1568/262/213
f 1567/2139/1683 1570/2143/1687 1571/2144/1684
f 1567/2139/1683 520/707/585 1570/2143/1687
f 1572/2145/1688 1573/2146/1689 1574/2147/1690
f 1572/2145/1688 332/981/377 1575/2148/1691
f 1572/2145/1688 1576/2149/379 1577/2150/1692
f 1572/2145/1688 1577/2150/1692 1573/2146/1689
f 1572/2145/1688 1574/2147/1690 332/981/377
f 1572/2145/1688 1575/2148/1691 1576/2149/379
f 335/458/383 339/462/387 1416/1921/1536
f 335/458/383 1578/2151/1693 336/459/384
f 335/458/383 1416/1921/1536 1578/2151/1693
f 344/467/392 1579/2152/1694 1580/2153/1695
f 344/467/392 1580/2153/1695 1118/1510/1236
f 344/467/392 346/469/394 1579/2152/1694
f 880/1183/974 119/161/132 118/160/131
f 1581/2154/1696 766/1014/848 765/1013/847
f 1581/2154/1696 765/1013/847 1487/2018/1604
f 1581/2155/1696 1487/2012/1604 1582/2156/1697
f 1581/2154/1696 1583/2157/1698 766/1014/848
f 1581/2155/1696 1582/2156/1697 1583/2158/1698
f 1584/2159/1699 1585/2160/1700 1586/2161/1701
f 1584/2162/1699 1587/2163/1702 1588/2164/1703
f 1584/2162/1699 1588/2164/1703 1589/2165/1704
f 1584/2162/1699 1041/1409/1158 1590/1412/1157
f 1584/2162/1699 1589/2165/1704 1041/1409/1158
f 1584/2159/1699 1590/2166/1157 1585/2160/1700
f 1584/2159/1699 1586/2161/1701 1587/2167/1702
f 625/838/697 628/841/700 1591/2168/1705
f 625/2169/697 1592/2170/1706 1593/2171/1707
f 625/838/697 1593/2172/1707 626/839/698
f 625/2169/697 1591/2173/1705 1592/2170/1706
f 542/2174/608 1594/2175/1708 1595/2176/1709
f 542/737/608 1596/2177/1710 543/738/609
f 542/2174/608 1342/1814/1463 1594/2175/1708
f 542/737/608 1597/2178/1711 1596/2177/1710
f 542/2174/608 1595/2176/1709 1597/2179/1711
f 1599/2180/1712 280/382/321 1598/2181/1713
f 1599/2180/1712 1601/1417/1163 280/382/321
f 1599/2182/1712 1598/2183/1713 1602/2184/1714
f 1599/2185/1712 1600/2186/1715 1601/2187/1163
f 1599/2185/1712 1602/2188/1714 1600/2186/1715
f 1603/2189/1716 1604/2190/1717 288/392/328
f 1603/2189/1716 1605/2191/1718 1604/2190/1717
f 1603/2189/1716 288/392/328 285/388/327
f 1603/2189/1716 285/388/327 1605/2191/1718
f 1554/2118/1671 1606/2192/1719 1555/2119/1672
f 1554/2118/1671 1607/2193/1720 1491/2022/1610
f 1554/2118/1671 1491/2022/1610 1608/2194/1721
f 1554/2118/1671 1556/2121/1673 1607/2193/1720
f 1554/2118/1671 1608/2194/1721 1606/2192/1719
f 1003/1352/1113 1002/1351/1112 146/200/162
f 1003/1352/1113 146/200/162 1397/2195/1517
f 1609/2196/961 1610/2197/1722 1611/2198/1723
f 1609/1168/961 1612/2199/1724 2198/2200/1725
f 1609/2196/961 870/2201/963 1610/2197/1722
f 1609/1168/961 1613/2202/1726 1612/2199/1724
f 1609/2196/961 1611/2198/1723 1613/2203/1726
f 1609/1168/961 2198/2200/1725 869/1169/962
f 314/421/352 712/946/791 309/422/353
f 314/429/352 313/428/357 1160/1568/1284
f 1614/2204/204 1015/1367/1127 1615/2205/1727
f 1614/253/204 184/258/209 1616/2206/1728
f 1614/2204/204 1616/2207/1728 1015/1367/1127
f 1614/2204/204 1615/2205/1727 180/2208/205
f 1617/2209/1729 1618/2210/1730 1390/1881/1510
f 1617/2209/1729 1619/2211/1731 1618/2210/1730
f 1617/2209/1729 1620/2212/1732 1619/2211/1731
f 1617/2209/1729 1621/2213/1733 1620/2212/1732
f 1617/2209/1729 1390/1881/1510 1621/2213/1733
f 1169/1585/1294 1170/1587/1296 1504/2041/1626
f 1169/1585/1294 1622/2214/1413 2156/1586/1295
f 1169/1585/1294 1504/2041/1626 1622/2214/1413
f 1623/2215/1734 1624/2216/1735 336/459/384
f 1623/2215/1734 1625/2217/1736 1624/2216/1735
f 1623/2215/1734 1578/2151/1693 1625/2217/1736
f 1623/2215/1734 336/459/384 1578/2151/1693
f 1626/2218/1737 492/671/556 2076/673/558
f 1626/2218/1737 2075/2219/1738 1627/2220/1739
f 1626/2218/1737 1628/2221/1740 492/671/556
f 1626/2218/1737 2076/673/558 2075/2219/1738
f 1626/2218/1737 1627/2220/1739 1628/2221/1740
f 1531/2087/1650 1629/2222/1741 1630/2223/1742
f 1531/2087/1650 1031/2224/1146 1629/2222/1741
f 1531/2087/1650 1631/2225/1743 1031/2224/1146
f 1531/2087/1650 703/2095/781 1631/2225/1743
f 1531/2087/1650 1630/2223/1742 2133/2088/1651
f 1632/2226/1744 358/486/407 2064/2227/1745
f 1632/2226/1744 2064/2227/1745 1812/2228/1746
f 1632/2226/1744 1812/2228/1746 1124/1517/1242
f 1632/2226/1744 1633/2229/1747 358/486/407
f 1632/2226/1744 1124/1517/1242 1633/2229/1747
f 1634/2230/1748 909/1224/1007 1144/1547/1269
f 1634/2230/1748 841/1126/932 843/1130/934
f 1634/2230/1748 910/1225/1008 909/1224/1007
f 1634/2230/1748 1144/1547/1269 841/1126/932
f 1634/2230/1748 843/1130/934 910/1225/1008
f 1253/1697/1381 227/319/258 1592/2170/1706
f 1253/1697/1381 1635/2231/1749 1636/2232/1750
f 1253/1697/1381 1592/2170/1706 1591/2173/1705
f 1253/1697/1381 1636/2232/1750 1254/1698/1382
f 1253/1697/1381 1591/2173/1705 1635/2231/1749
f 1133/1531/1255 1637/2233/1751 1778/2234/1752
f 1133/1531/1255 1638/2235/1753 1637/2233/1751
f 1133/1531/1255 1778/2234/1752 1996/1532/1256
f 1133/1531/1255 1135/1534/1258 1638/2235/1753
f 1639/2236/1754 922/1241/1021 924/1244/1020
f 1639/2236/1754 1383/1873/1501 2094/2237/1755
f 1639/2236/1754 1640/2238/1756 922/1241/1021
f 1639/2236/1754 924/1244/1020 1383/1873/1501
f 1639/2236/1754 2094/2237/1755 1640/2238/1756
f 1641/2239/1757 1642/2240/229 1386/1876/1505
f 1641/2239/1757 1205/1639/1334 1643/2241/1758
f 1641/2239/1757 2069/2242/1759 1642/2240/229
f 1641/2239/1757 1206/1640/1335 1205/1639/1334
f 1641/2239/1757 1643/2241/1758 2069/2242/1759
f 1641/2239/1757 1386/1876/1505 1206/1640/1335
f 205/289/236 1644/2243/1760 1556/2244/1673
f 205/289/236 207/292/237 1211/1645/1339
f 205/289/236 1211/1645/1339 1644/2243/1760
f 1645/2245/1761 1646/2246/1762 1647/2247/1763
f 1645/2245/1761 1648/2248/1764 1649/2249/1765
f 1645/2245/1761 1649/2249/1765 1646/2246/1762
f 1645/2245/1761 1647/2247/1763 1648/2248/1764
f 1220/1655/1346 1650/2250/1766 1651/2251/1767
f 1220/1655/1346 67/95/80 1650/2250/1766
f 1220/1655/1346 1063/1437/1178 67/95/80
f 1220/1655/1346 1651/2251/1767 1221/1656/1347
f 1065/1439/1180 1452/1969/1574 1512/2057/1630
f 1065/1439/1180 1511/2056/743 1066/1440/1181
f 1065/1439/1180 1512/2057/1630 1511/2056/743
f 1065/1439/1180 1652/2252/1768 223/315/254
f 1065/1439/1180 1653/2253/1769 1652/2252/1768
f 1065/1439/1180 223/315/254 1452/1969/1574
f 1065/1439/1180 1068/1442/1183 1653/2253/1769
f 1070/1444/1185 1654/2254/1770 1655/2255/1771
f 1070/1444/1185 1655/2255/1771 413/565/467
f 1070/1444/1185 1656/2256/1772 1654/2254/1770
f 1070/1444/1185 1254/1698/1382 1656/2256/1772
f 299/2257/342 301/2258/344 1657/2259/1773
f 299/411/342 2165/2260/1774 300/412/343
f 299/411/342 1657/2261/1773 2165/2260/1774
f 1658/2262/1775 2012/598/495 438/597/494
f 1658/2262/1775 1465/1985/1584 1659/2263/1776
f 1658/2262/1775 1659/2263/1776 2012/598/495
f 1658/2262/1775 438/597/494 1463/1986/1585
f 1658/2262/1775 1463/1986/1585 1465/1985/1584
f 1660/2264/414 1402/1898/1523 1174/1592/1301
f 1660/2264/414 1174/1592/1301 1661/2265/1777
f 1660/495/414 366/498/417 1402/1895/1523
f 1660/2264/414 1661/2265/1777 364/556/415
f 1183/1606/1308 1710/2266/1778 1178/2267/1309
f 1183/1606/1308 1182/1605/1311 1662/2268/1779
f 1183/1606/1308 1662/2268/1779 1710/2266/1778
f 252/350/289 1663/2269/1780 253/351/290
f 252/350/289 1294/1748/1423 1663/2269/1780
f 252/350/289 702/930/780 1294/1748/1423
f 252/350/289 1664/2270/1781 702/930/780
f 252/350/289 254/352/291 1664/2270/1781
f 22/28/24 262/361/300 263/362/301
f 22/28/24 1665/2271/1782 23/29/25
f 22/28/24 1193/576/476 262/361/300
f 22/28/24 263/362/301 1665/2271/1782
f 1666/2272/1783 1667/2273/1784 986/1332/1094
f 1666/2272/1783 986/1332/1094 985/1331/1093
f 1666/2272/1783 985/1331/1093 1668/2274/1785
f 1671/2275/1786 1209/1643/1337 992/2276/1102
f 1671/2275/1786 1210/1644/1338 1209/1643/1337
f 1671/2275/1786 992/2276/1102 993/2277/1103
f 1671/2275/1786 1669/2278/1787 1210/1644/1338
f 1671/2275/1786 1670/2279/1100 1669/2278/1787
f 1671/2280/1786 993/1341/1103 1670/1338/1100
f 1672/2281/1788 274/376/315 1424/375/314
f 456/620/517 724/959/803 457/621/518
f 642/855/714 644/857/716 1673/2282/1789
f 642/855/714 1673/2282/1789 193/269/220
f 1579/2152/1694 1093/1479/1210 1094/1480/1211
f 1579/2152/1694 1094/1480/1211 1580/2153/1695
f 1579/2152/1694 346/469/394 1093/1479/1210
f 1674/1188/979 1676/2283/1790 1311/1769/1437
f 1674/1188/979 1311/1769/1437 787/1042/871
f 1674/2284/979 1675/2285/981 1676/2286/1790
f 1677/2287/1791 129/2288/143 1040/1406/1156
f 1677/2289/1791 1678/2290/1792 131/177/145
f 1677/2287/1791 1040/1406/1156 132/2291/146
f 1677/2289/1791 131/177/145 130/176/144
f 1677/2289/1791 130/176/144 129/175/143
f 1677/2289/1791 132/178/146 1678/2290/1792
f 1680/2292/1793 1679/2293/1794 138/189/151
f 1680/2294/1793 1395/1887/1515 1681/2295/1795
f 1680/2294/1793 138/183/151 1395/1887/1515
f 1682/2296/1796 1683/2297/1797 1686/2298/1798
f 1682/2296/1796 1684/2299/1799 1683/2297/1797
f 1682/2296/1796 497/2300/562 1685/2301/1800
f 1682/2302/1796 1686/2303/1798 1687/2304/1801
f 1682/2302/1796 1687/2304/1801 497/677/562
f 1682/2296/1796 1685/2301/1800 1684/2299/1799
f 149/2305/166 1688/2306/169 1298/1752/1425
f 1330/1799/1456 1273/1722/1402 1689/2307/1802
f 1330/1799/1456 1334/1803/1460 1690/2308/1803
f 1330/1799/1456 1690/2308/1803 1691/2309/1804
f 1330/1799/1456 740/982/821 1273/1722/1402
f 1330/1799/1456 1689/2307/1802 1331/1800/1457
f 1330/1799/1456 1691/2309/1804 740/982/821
f 1692/2310/1805 1693/2311/1806 1694/2312/1807
f 1692/2313/1805 1695/2314/1808 295/399/334
f 1692/2310/1805 295/407/334 1693/2311/1806
f 1692/2313/1805 1696/2315/1809 1695/2314/1808
f 1692/2310/1805 1697/2316/1810 1696/2317/1809
f 1692/2310/1805 1694/2312/1807 1697/2316/1810
f 1411/230/182 163/229/186 476/652/539
f 1411/223/182 1534/2091/1653 161/224/183
f 1411/1912/182 1410/1910/1531 1534/2318/1653
f 826/1106/916 1698/2319/1811 1699/2320/1086
f 826/1106/916 829/1110/920 1700/2321/1812
f 826/1106/916 1699/2320/1086 2074/1107/917
f 826/1106/916 1700/2321/1812 1698/2319/1811
f 770/1018/852 1468/2322/1589 771/1019/853
f 770/1018/852 773/1022/856 1701/2323/1813
f 770/1018/852 1701/2323/1813 1313/1779/1441
f 770/1018/852 1313/1779/1441 1468/2322/1589
f 52/73/64 1882/1366/1126 2082/2324/1814
f 52/73/64 56/77/68 1702/2325/1815
f 52/73/64 1702/2325/1815 1013/1364/1124
f 52/73/64 2082/2324/1814 53/74/65
f 327/446/371 1500/2036/1621 1703/2326/1816
f 327/446/371 1703/2326/1816 994/1342/1104
f 327/446/371 330/449/374 1500/2036/1621
f 327/446/371 994/1342/1104 328/447/372
f 1704/2327/378 1573/2146/1689 1705/2328/1817
f 1704/453/378 332/452/377 1574/2329/1690
f 1704/2330/378 1705/2331/1817 1576/2149/379
f 1704/2327/378 1574/2147/1690 1573/2146/1689
f 1075/1455/1191 838/1123/930 1076/1456/1192
f 1075/1455/1191 1079/1459/280 842/1128/279
f 1075/1455/1191 842/1128/279 838/1123/930
f 1708/2332/1818 1706/2333/11 2138/2334/1819
f 1708/2332/1818 2138/2334/1819 1707/2335/1820
f 1708/2336/1818 1710/2266/1778 1709/2337/1821
f 1708/2332/1818 1178/1600/1309 1710/2338/1778
f 1708/2332/1818 1707/2335/1820 1711/2339/1822
f 1708/2332/1818 1711/2339/1822 1178/1600/1309
f 1708/2336/1818 1709/2337/1821 1706/11/11
f 1712/2340/1823 1713/2341/1824 1714/2342/1825
f 1712/2343/1823 1715/2344/1826 1716/2345/1827
f 1712/2340/1823 1717/2346/1828 1718/2347/1829
f 1712/2343/1823 1714/2348/1825 1715/2344/1826
f 1712/2343/1823 1716/2345/1827 1717/2349/1828
f 1712/2340/1823 1718/2347/1829 1713/2341/1824
f 1719/2350/1830 805/1063/892 1720/2351/1831
f 1719/2350/1830 1720/2351/1831 640/853/712
f 1719/2350/1830 638/851/710 1721/2352/1832
f 1719/2350/1830 2045/2353/1833 805/1063/892
f 1719/2350/1830 1721/2352/1832 1722/2354/1834
f 1719/2350/1830 1722/2354/1834 2045/2353/1833
f 1719/2350/1830 640/853/712 638/851/710
f 1391/1882/1511 1723/2355/1835 1097/1485/1214
f 1391/2356/1511 1393/1885/1513 1723/2357/1835
f 1544/44/38 33/43/37 1724/2358/1836
f 1544/44/38 1724/2358/1836 1725/2359/505
f 1246/1690/1374 1726/2360/1837 1247/1691/1375
f 1246/1690/1374 1248/1692/1376 1727/2361/1838
f 1203/1633/1332 1728/2362/1839 1249/1693/1377
f 1203/1633/1332 943/1634/1042 1728/2362/1839
f 1050/1421/1167 1729/2363/61 1051/1422/1168
f 1050/1421/1167 1785/1426/1171 1729/2363/61
f 989/2364/1098 768/1016/850 767/1015/849
f 989/1336/1098 767/2365/849 1860/1209/995
f 989/1336/1098 1860/1209/995 896/1208/994
f 989/2364/1098 1057/2366/1097 768/1016/850
f 1730/2367/1840 1731/2368/1841 1732/2369/1842
f 1730/2367/1840 1732/2369/1842 1062/1436/1177
f 1730/2367/1840 1062/1436/1177 1733/2370/1843
f 1730/2367/1840 1733/2370/1843 1731/2368/1841
f 488/666/551 1734/2371/1844 1414/1918/1535
f 488/666/551 490/669/554 1734/2371/1844
f 1735/2372/1845 1146/1550/1268 1145/1548/1270
f 1735/2372/1845 75/2373/87 1736/2374/1846
f 1735/2372/1845 2048/2375/1847 1146/1550/1268
f 1735/2372/1845 1736/2374/1846 2048/2375/1847
f 1735/2372/1845 1737/2376/1848 75/2373/87
f 1735/2372/1845 1145/1548/1270 1737/2376/1848
f 1738/2377/1849 1739/2378/1850 1740/2379/1851
f 1738/2377/1849 1741/2380/1852 1739/2378/1850
f 1738/2377/1849 1740/2379/1851 972/1313/1080
f 1738/2377/1849 2120/2381/1853 1741/2380/1852
f 1738/2377/1849 972/1313/1080 973/1314/1081
f 1738/2377/1849 1269/1716/1397 2120/2381/1853
f 1738/2377/1849 973/1314/1081 1269/1716/1397
f 233/325/264 235/327/266 311/2382/356
f 233/325/264 311/2382/356 1232/1671/1357
f 1742/2383/1854 1744/1705/1389 1262/1708/1391
f 1742/2383/1854 636/849/708 2072/2384/1855
f 1742/2385/1854 1743/2386/1856 1744/2387/1389
f 1742/2383/1854 1262/1708/1391 636/849/708
f 1742/2385/1854 1745/2388/1857 1743/2386/1856
f 1742/2383/1854 2072/2384/1855 1745/2389/1857
f 728/963/807 1746/2390/1858 1953/964/808
f 728/963/807 729/966/810 1385/1875/1504
f 728/963/807 1347/1822/1471 1746/2390/1858
f 728/963/807 1385/1875/1504 1347/1822/1471
f 1747/2391/1859 648/862/721 1319/1783/1446
f 1747/2391/1859 23/29/25 1665/2271/1782
f 1747/2391/1859 258/356/295 648/862/721
f 1747/2391/1859 1318/1782/1445 731/968/812
f 1747/2391/1859 1319/1783/1446 1318/1782/1445
f 1747/2391/1859 1665/2271/1782 263/362/301
f 1747/2391/1859 263/362/301 258/356/295
f 1747/2391/1859 731/968/812 23/29/25
f 1748/2392/1860 1971/2393/1861 1749/2394/1862
f 1748/2392/1860 897/1210/996 1569/2141/1686
f 1748/2392/1860 1568/2140/213 1971/2393/1861
f 1748/2392/1860 901/1211/997 897/1210/996
f 1748/2395/1860 1749/2396/1862 1750/2397/1863
f 1748/2392/1860 1569/2141/1686 1568/2140/213
f 1748/2395/1860 1750/2397/1863 901/1215/997
f 1018/1378/1130 1751/2398/1864 2086/2399/1131
f 1018/1378/1130 1752/2400/1865 1751/2398/1864
f 1018/1378/1130 2175/1377/1135 1752/2400/1865
f 1753/2401/1866 73/103/85 1754/2402/1867
f 1753/2401/1866 908/2403/1006 73/103/85
f 1753/2401/1866 1754/2402/1867 1755/2404/1868
f 1753/2401/1866 1756/2405/1869 911/1549/1009
f 1753/2401/1866 1755/2404/1868 1756/2405/1869
f 1753/2401/1866 911/1549/1009 908/2403/1006
f 813/1078/900 745/989/827 747/991/747
f 813/1078/900 2148/2406/1870 814/1079/901
f 813/1078/900 747/991/747 2148/2406/1870
f 813/1078/900 815/1083/903 745/989/827
f 1683/2297/1797 543/738/609 1596/2177/1710
f 1683/2297/1797 544/739/610 543/738/609
f 1683/2297/1797 1684/2299/1799 544/739/610
f 1683/2297/1797 1596/2177/1710 1686/2298/1798
f 920/1237/1018 756/2407/836 755/2408/835
f 920/1237/1018 755/2408/835 1757/2409/1871
f 920/1237/1018 925/1245/1023 756/2407/836
f 920/1237/1018 1757/2409/1871 921/1238/1019
f 1585/2160/1700 859/1156/950 685/906/762
f 1585/2160/1700 1405/1901/1526 859/1156/950
f 1585/2160/1700 685/906/762 686/907/763
f 1585/2160/1700 684/905/761 1586/2161/1701
f 1585/2160/1700 1590/2166/1157 1405/1901/1526
f 1585/2160/1700 686/907/763 684/905/761
f 1758/2410/1872 1693/2311/1806 471/640/531
f 1758/2410/1872 1695/2314/1808 1696/2315/1809
f 1758/2410/1872 471/640/531 1695/2314/1808
f 1758/2410/1872 1696/2315/1809 1759/2411/1873
f 1758/2410/1872 1149/1555/1275 1694/2312/1807
f 1758/2410/1872 1759/2411/1873 1149/1555/1275
f 1758/2410/1872 1694/2312/1807 1693/2311/1806
f 1533/2090/1652 1535/2092/1654 254/352/291
f 1533/2090/1652 161/224/183 1534/2091/1653
f 1533/2090/1652 254/352/291 255/353/292
f 1533/2090/1652 255/353/292 161/224/183
f 932/1256/1030 1761/2412/1874 933/1257/1031
f 932/2413/1030 617/830/689 616/829/688
f 932/2414/1030 613/2415/685 1760/2416/1875
f 932/1256/1030 614/827/686 613/826/685
f 932/2413/1030 616/829/688 1761/2417/1874
f 932/2414/1030 1760/2416/1875 617/2418/689
f 875/1178/969 1302/1757/1429 1301/1756/1428
f 875/1178/969 873/1177/968 1302/1757/1429
f 1762/2419/1876 876/1179/970 1421/1927/1541
f 1762/2419/1876 877/1180/971 876/1179/970
f 1762/2419/1876 1763/2420/1877 110/152/123
f 1762/2419/1876 110/152/123 877/1180/971
f 1762/2419/1876 1421/1927/1541 1763/2420/1877
f 717/952/796 882/1185/976 718/953/797
f 717/952/796 1046/1416/1162 16/21/18
f 717/952/796 1423/1931/1543 1046/1416/1162
f 717/952/796 16/21/18 18/23/20
f 717/952/796 720/955/799 1423/1931/1543
f 717/952/796 18/23/20 882/1185/976
f 382/517/433 386/521/437 1425/1933/1544
f 382/517/433 1427/1935/1546 383/518/434
f 1764/2421/1878 791/1046/875 1348/1827/1472
f 1764/2422/1878 963/1300/1070 1765/2423/1879
f 1764/2421/1878 1348/1827/1472 1350/1826/1071
f 1764/2422/1878 1765/2423/1879 1766/2424/876
f 1764/2421/1878 1766/1047/876 791/1046/875
f 1764/2422/1878 1350/1301/1071 963/1300/1070
f 1267/1718/1396 1270/1717/1398 1767/2425/1880
f 1267/1713/1396 180/2208/205 970/1310/1077
f 1267/1718/1396 1767/2425/1880 180/254/205
f 1768/2426/1881 1769/2427/1882 1770/2428/1883
f 1768/2426/1881 1771/2429/1884 565/768/632
f 1768/2426/1881 1772/2430/1885 1771/2429/1884
f 1768/2426/1881 1773/2431/1886 1769/2427/1882
f 1768/2426/1881 565/768/632 1773/2431/1886
f 1768/2426/1881 1770/2428/1883 1772/2430/1885
f 1774/2432/1887 2121/2433/1888 97/1453/110
f 1774/2432/1887 97/1453/110 1073/1452/1189
f 1774/2432/1887 1073/1452/1189 1745/2388/1857
f 1774/2432/1887 1745/2388/1857 2072/2434/1855
f 1774/2432/1887 2072/2434/1855 2121/2433/1888
f 1637/2435/1751 1775/2436/1889 1776/2437/1890
f 1637/2435/1751 1776/2437/1890 1274/2438/1403
f 1637/2435/1751 1638/2439/1753 1775/2436/1889
f 1637/2440/1751 1274/1723/1403 1777/2441/1891
f 1637/2442/1751 1777/2443/1891 1778/2444/1752
f 1515/2062/1634 584/791/653 1564/2133/1681
f 1515/2062/1634 1516/2065/1636 584/791/653
f 1779/2445/1892 1646/2246/1762 1731/2368/1841
f 1779/2445/1892 1731/2368/1841 1750/2397/1863
f 1779/2445/1892 1956/2446/515 1646/2246/1762
f 1779/2445/1892 1749/2396/1862 1956/2446/515
f 1779/2445/1892 1750/2397/1863 1749/2396/1862
f 1780/2447/1893 1782/2448/1894 822/1101/911
f 1780/2449/1893 2236/2450/1895 2235/1100/910
f 1780/2449/1893 821/1099/909 1781/2451/1896
f 1780/2447/1893 822/1101/911 2232/1103/913
f 1780/2449/1893 2235/1100/910 821/1099/909
f 1780/2447/1893 2232/1103/913 2236/2452/1895
f 1780/2449/1893 1781/2451/1896 1782/2453/1894
f 1783/2454/1897 1784/2455/1898 1785/2456/1171
f 1783/2457/1897 1205/1639/1334 1207/1641/1333
f 1783/2454/1897 1786/2458/1899 1784/2455/1898
f 1783/2457/1897 1643/2241/1758 1205/1639/1334
f 1783/2454/1897 1207/1638/1333 1786/2458/1899
f 1783/2457/1897 1785/1426/1171 1643/2241/1758
f 1209/1643/1337 1213/1647/1341 992/2276/1102
f 1215/1649/1342 1787/2459/1900 611/820/682
f 1215/1649/1342 1218/1653/1344 1787/2459/1900
f 1215/1649/1342 611/820/682 1216/1650/1343
f 1788/2460/1901 1789/2461/380 333/2462/381
f 1788/2460/1901 333/2462/381 739/980/820
f 2/2/2 7/7/7 409/561/463
f 2/2/2 409/561/463 3/3/3
f 1790/2463/1902 1044/2464/1160 976/1319/1082
f 1790/2463/1902 976/1319/1082 975/1318/1083
f 1790/2463/1902 626/839/698 1044/2464/1160
f 1790/2463/1902 975/1318/1083 629/842/701
f 1790/2463/1902 629/842/701 626/839/698
f 1792/2465/1903 957/1289/1059 1791/2466/1904
f 1792/2467/1903 235/327/266 1793/2468/1060
f 1792/2467/1903 312/2469/354 311/2382/356
f 1792/2467/1903 311/2382/356 235/327/266
f 1792/2465/1903 1791/2466/1904 312/2470/354
f 1792/2465/1903 1793/1290/1060 957/1289/1059
f 1794/2471/1905 1795/2472/1906 1796/2473/1068
f 1794/2471/1905 1797/2474/1907 637/850/709
f 1794/2471/1905 637/850/709 1795/2472/1906
f 1794/2475/1905 961/1295/1065 1798/2476/1908
f 1794/2475/1905 1796/1298/1068 961/1295/1065
f 1794/2471/1905 1798/2477/1908 1797/2474/1907
f 1402/1895/1523 1799/2478/1909 1401/1896/1524
f 1402/1898/1523 1175/1593/1302 1174/1592/1301
f 1402/1895/1523 366/498/417 1799/2478/1909
f 1407/1905/1528 371/503/422 370/502/421
f 1407/1905/1528 159/220/179 1338/1808/1462
f 1407/1905/1528 1338/1808/1462 371/503/422
f 1800/2479/1910 1801/2480/1911 1802/2481/1912
f 1800/2479/1910 1713/2341/1824 1801/2480/1911
f 1800/2482/1910 1802/2483/1912 1480/2007/1600
f 1800/2479/1910 1714/2342/1825 1713/2341/1824
f 1800/2482/1910 1803/2484/1913 1714/2485/1825
f 1800/2482/1910 1480/2007/1600 1803/2484/1913
f 772/1020/854 489/667/552 487/665/550
f 772/1020/854 1804/2486/1590 1316/1021/855
f 772/1020/854 487/665/550 1805/2487/1914
f 772/1020/854 1805/2487/1914 1804/2486/1590
f 1419/1925/1539 1806/2488/1915 1807/2489/1916
f 1419/1925/1539 781/1035/864 1806/2488/1915
f 1419/1925/1539 1807/2489/1916 493/672/557
f 1809/2490/1917 1808/2491/1918 500/680/565
f 1809/2492/1917 1304/443/368 1810/1038/867
f 1809/2490/1917 500/680/565 1305/1762/1431
f 1809/2490/1917 1810/2493/867 1808/2491/1918
f 1809/2490/1917 1305/1762/1431 1304/1761/368
f 1811/2494/1919 1812/2495/1746 359/487/408
f 1811/2494/1919 359/487/408 1813/2496/1920
f 1811/2494/1919 1813/2496/1920 1814/2497/1921
f 1811/2494/1919 1814/2497/1921 1123/1516/1241
f 1811/2494/1919 1123/1516/1241 1124/1518/1242
f 1811/2494/1919 1124/1518/1242 1812/2495/1746
f 1815/2498/1922 507/688/573 1667/2273/1784
f 1815/2498/1922 1816/2499/1923 1817/2500/1924
f 1815/2498/1922 1817/2500/1924 507/688/573
f 1818/2501/1925 1819/2502/1926 321/439/365
f 1818/2501/1925 1820/2503/1927 1821/2504/1928
f 1818/2501/1925 321/439/365 1820/2503/1927
f 1818/2501/1925 1821/2504/1928 2217/2505/1929
f 1818/2501/1925 1498/2032/1619 1819/2502/1926
f 1818/2501/1925 2217/2505/1929 1498/2032/1619
f 1323/1794/1450 1629/2222/1741 1822/2506/1451
f 1323/1794/1450 1032/1393/1148 1034/1395/1150
f 1323/1794/1450 1034/1395/1150 1630/2223/1742
f 1323/1794/1450 1630/2223/1742 1629/2222/1741
f 1323/1794/1450 1325/1793/1452 1032/1393/1148
f 1036/1217/1000 904/1219/1002 1823/2507/1930
f 1036/1217/1000 1429/1937/1548 562/763/628
f 1036/1217/1000 1823/2507/1930 1429/1937/1548
f 1036/1217/1000 1824/2508/1153 903/1218/1001
f 1825/2509/1931 1756/2405/1869 1755/2404/1868
f 1825/2509/1931 1755/2404/1868 1826/2510/1932
f 1825/2509/1931 1827/2511/1933 1756/2405/1869
f 1825/2509/1931 1826/2510/1932 1827/2511/1933
f 744/986/825 745/989/827 670/890/746
f 744/986/825 1828/2512/1934 1829/2513/1935
f 744/986/825 1829/2513/1935 748/987/826
f 744/986/825 670/890/746 1828/2512/1934
f 8/9/9 1706/11/11 1709/2337/1821
f 8/9/9 301/2258/344 9/10/10
f 8/9/9 752/996/832 301/2258/344
f 8/9/9 1709/2337/1821 750/994/830
f 303/415/346 307/419/350 1343/1816/1467
f 1831/68/59 1830/2514/1936 2213/2515/1937
f 1831/68/59 50/71/62 1830/2514/1936
f 1831/2516/59 1054/1425/1170 1053/1424/60
f 1831/2516/59 2213/2517/1937 1054/1425/1170
f 1832/2518/1938 1833/2519/1939 780/1029/862
f 1832/2518/1938 775/1025/859 1056/1429/1173
f 1832/2518/1938 1834/2520/1940 1833/2519/1939
f 1832/2518/1938 1056/1429/1173 1834/2520/1940
f 1832/2518/1938 780/1029/862 775/1025/859
f 1835/1950/1561 281/383/322 283/385/324
f 1835/2521/1561 1688/208/169 1836/210/165
f 1835/2522/1561 1299/1754/1427 1688/2306/169
f 1835/1950/1561 1836/2523/165 281/383/322
f 1835/2522/1561 1837/2524/1564 1299/1754/1427
f 1838/2525/1941 1127/1521/1245 1129/1523/1247
f 1838/2525/1941 1839/2526/1942 1077/1457/1193
f 1838/2525/1941 1077/1457/1193 1840/2527/1943
f 1838/2525/1941 1840/2527/1943 1127/1521/1245
f 1838/2525/1941 1841/2528/1944 1839/2526/1942
f 1838/2525/1941 1129/1523/1247 1841/2528/1944
f 1842/2529/1945 431/590/487 1843/2530/1946
f 1842/2529/1945 1843/2530/1946 229/321/260
f 1842/2529/1945 229/321/260 1380/1863/1499
f 1842/2529/1945 1844/2531/1947 431/590/487
f 1842/2529/1945 1380/1863/1499 801/1059/888
f 1842/2529/1945 801/1059/888 1844/2531/1947
f 1845/2532/1948 1846/2533/1949 1847/2534/1950
f 1845/2532/1948 1847/2534/1950 1190/1617/1320
f 1845/2532/1948 1848/2535/1951 1743/2386/1856
f 1845/2532/1948 1743/2386/1856 1846/2533/1949
f 1845/2532/1948 1190/1617/1320 1848/2535/1951
f 1076/1456/1192 838/1123/930 1849/2536/1952
f 1076/1456/1192 1840/2527/1943 1077/1457/1193
f 1076/1456/1192 1849/2536/1952 1840/2527/1943
f 1082/1462/1197 1850/2537/1953 759/1005/839
f 1082/1462/1197 1081/1461/1196 247/344/283
f 1082/1462/1197 247/344/283 1850/2537/1953
f 1082/1462/1197 759/1005/839 758/1004/838
f 1085/1468/1200 799/1057/886 798/1056/885
f 1085/1465/1200 798/1316/885 1083/1466/1201
f 1089/1481/1206 1092/1478/1209 1263/1709/1392
f 1089/1474/1206 1261/2538/1390 1851/2539/1954
f 1089/1474/1206 1851/2539/1954 1090/1475/1207
f 1089/1481/1206 1263/1709/1392 1261/1707/1390
f 1331/1800/1457 984/1328/1092 983/1327/1091
f 1331/1800/1457 1689/2307/1802 984/1328/1092
f 1644/2243/1760 1852/2540/1955 1607/2541/1720
f 1644/2243/1760 1607/2541/1720 1556/2244/1673
f 1644/2243/1760 1211/1645/1339 1852/2540/1955
f 1853/2542/1956 1280/1730/1409 1854/2543/1957
f 1853/2542/1956 1854/2543/1957 1281/1731/1410
f 1853/2542/1956 1281/1731/1410 1280/1730/1409
f 1116/1508/1234 192/268/219 726/961/805
f 1116/1508/1234 1855/2544/1958 1117/1509/1235
f 1116/1508/1234 997/1345/1107 1855/2544/1958
f 1116/1508/1234 726/961/805 997/1345/1107
f 284/387/326 1856/2545/1959 285/388/327
f 284/387/326 1506/524/439 1856/2545/1959
f 284/387/326 289/393/330 2067/525/440
f 1857/2546/1960 1858/2547/1960 2084/2548/1960
f 1857/2549/990 1859/2550/1961 1583/2157/1698
f 1857/2551/990 1583/2158/1698 1858/2552/1962
f 1857/2549/990 1860/2553/995 1859/2550/1961
f 208/294/239 1861/2554/242 1059/1433/905
f 1414/1920/1535 1734/2555/1844 1625/2217/1736
f 1414/1920/1535 1625/2217/1736 1578/2151/1693
f 1414/1920/1535 1578/2151/1693 1416/1921/1536
f 1126/1520/1244 1127/1521/1245 1840/2527/1943
f 1126/1520/1244 1862/2556/1963 74/2557/86
f 1126/1520/1244 1840/2527/1943 1862/2556/1963
f 1126/1520/1244 74/2557/86 907/1222/1005
f 1654/2254/1770 1518/2070/1635 1519/2069/1637
f 1654/2254/1770 1456/1976/1578 1454/1971/1576
f 1654/2254/1770 1656/2256/1772 1518/2070/1635
f 1654/2254/1770 1519/2069/1637 1456/1976/1578
f 1654/2254/1770 1454/1971/1576 1655/2255/1771
f 1382/1609/1315 1187/1613/1317 566/769/633
f 1382/1609/1315 566/769/633 93/132/106
f 1382/1866/1315 87/1447/100 1071/1446/1187
f 1382/1609/1315 93/132/106 87/123/100
f 1846/2533/1949 1560/2558/1676 1847/2534/1950
f 1846/2533/1949 1743/2386/1856 1745/2388/1857
f 1846/2533/1949 1073/1452/1189 1560/2558/1676
f 1846/2533/1949 1745/2388/1857 1073/1452/1189
f 945/1274/1047 947/1277/1050 1177/1596/1305
f 945/1274/1047 1863/2559/1964 1530/2085/1648
f 945/1274/1047 1530/2085/1648 950/1275/1048
f 945/1274/1047 1177/1596/1305 1863/2559/1964
f 758/1004/838 760/1007/841 2112/1463/1198
f 1663/2269/1780 1294/1748/1423 1296/1750/1424
f 1663/2560/1780 1864/2561/1965 253/2562/290
f 1663/2560/1780 1088/1472/1203 1864/2561/1965
f 1663/2563/1780 1296/2564/1424 1865/2565/1966
f 1663/2563/1780 1865/2565/1966 1088/1470/1203
f 1867/1477/1208 1537/2566/1657 1092/1478/1209
f 1867/1477/1208 1866/2567/1658 1537/2566/1657
f 1867/2568/1208 511/694/577 1866/2099/1658
f 1867/1482/1208 516/703/582 511/2569/577
f 598/807/669 597/806/668 1368/1847/1490
f 598/807/669 1368/1847/1490 1868/2570/1967
f 1869/2571/1968 603/813/675 605/815/677
f 1869/2572/1968 1100/1491/1218 1103/2573/1221
f 1869/2574/1968 1103/1494/1221 1870/2575/1969
f 1869/2572/1968 605/2576/677 1871/2577/1970
f 1869/2571/1968 2211/2578/1217 603/813/675
f 1869/2572/1968 1871/2577/1970 1100/1491/1218
f 1869/2571/1968 1870/2579/1969 2211/2578/1217
f 1547/2111/1665 1872/2580/1971 1873/2581/1972
f 1547/2111/1665 1109/1501/1227 1872/2580/1971
f 1547/2111/1665 1550/2114/1668 1109/1501/1227
f 1111/1503/1229 1874/2582/1973 1112/1504/1230
f 1111/1503/1229 1552/2116/1669 1874/2582/1973
f 1111/1503/1229 1553/2117/1670 1552/2116/1669
f 1111/1503/1229 1113/1505/1231 1553/2117/1670
f 197/274/225 999/1347/1109 557/2583/623
f 197/274/225 557/2583/623 556/2584/622
f 197/274/225 556/2584/622 199/278/228
f 158/219/178 1337/1806/1461 159/220/179
f 158/2585/178 1875/2586/180 1876/2587/1974
f 158/219/178 1877/2588/1975 1337/1806/1461
f 158/2585/178 1876/2587/1974 1877/2589/1975
f 1493/2024/1612 432/591/488 1844/2531/1947
f 1493/2024/1612 1844/2531/1947 800/1058/887
f 1493/2024/1612 800/1058/887 1494/2025/1613
f 1493/2024/1612 1495/2026/1614 432/591/488
f 1006/1355/1116 1939/2590/1976 1700/2321/1812
f 1006/1355/1116 829/1110/920 1007/1356/1117
f 1006/1355/1116 1009/1358/1119 1939/2590/1976
f 1006/1355/1116 1700/2321/1812 829/1110/920
f 1878/2591/1977 176/248/201 1879/2592/1978
f 1878/2591/1977 1880/2593/1979 176/248/201
f 1014/2594/1125 56/77/68 1881/2595/1980
f 1014/2594/1125 1881/2595/1980 1882/2596/1126
f 1014/1365/1125 1015/1367/1127 1616/2207/1728
f 1014/2594/1125 1702/2325/1815 56/77/68
f 1014/2594/1125 1616/2206/1728 1702/2325/1815
f 651/866/725 1571/2137/1684 2017/867/726
f 651/866/725 1016/1368/1128 1503/2039/1624
f 651/866/725 1503/2039/1624 1571/2137/1684
f 1019/1373/1132 1751/2597/1864 1752/2598/1865
f 1019/1376/1132 1020/1375/1134 660/879/735
f 1019/1373/1132 1752/2598/1865 2161/1374/1133
f 1019/1376/1132 660/879/735 1751/2599/1864
f 1883/2600/1981 1884/2601/1982 1885/2602/1983
f 1883/2600/1981 1885/2602/1983 824/2603/914
f 1883/2600/1981 1886/2604/1984 1884/2601/1982
f 1883/2600/1981 100/141/115 1886/2604/1984
f 1883/2600/1981 105/146/118 100/141/115
f 1883/2600/1981 824/2603/914 105/146/118
f 1887/2605/1985 2043/2606/1986 2045/2353/1833
f 1887/2605/1985 1820/2503/1927 321/439/365
f 1887/2605/1985 321/439/365 319/436/363
f 1887/2605/1985 2044/2607/1987 2043/2606/1986
f 1887/2605/1985 319/436/363 1027/1386/1142
f 1887/2605/1985 2045/2353/1833 1820/2503/1927
f 1887/2605/1985 1027/1386/1142 2044/2607/1987
f 1029/1388/1144 1822/1791/1451 1030/1389/1145
f 1308/1766/1434 1888/2608/1988 1824/1402/1153
f 1308/1766/1434 1934/1770/1438 1888/2608/1988
f 1308/1766/1434 1889/2609/1989 1309/1767/1435
f 1308/1766/1434 1824/1402/1153 1889/2609/1989
f 1038/1410/1155 1041/1409/1158 1589/2165/1704
f 1038/1404/1155 1890/2610/1990 1586/2161/1701
f 1038/1410/1155 1589/2165/1704 1890/2611/1990
f 1038/1404/1155 1586/2161/1701 363/1002/413
f 1044/2464/1160 626/839/698 1593/2172/1707
f 1044/1414/1160 1593/2171/1707 1045/1415/1161
f 1435/1943/1554 1891/2612/1991 1892/2613/1992
f 1435/2614/1554 959/1292/1062 1436/2615/1555
f 1435/1943/1554 1438/1946/1557 1891/2612/1991
f 1435/2614/1554 1791/2466/1904 959/1292/1062
f 1435/2614/1554 1892/2616/1992 1893/2617/1993
f 1435/2614/1554 1893/2617/1993 1791/2466/1904
f 280/382/321 282/384/323 1598/2181/1713
f 1173/1591/1300 4/4/4 1661/2265/1777
f 1173/1591/1300 1177/1596/1305 4/4/4
f 1173/1591/1300 1661/2265/1777 1174/1592/1301
f 1894/2618/1994 528/717/593 1895/2619/1995
f 1894/2618/1994 753/997/833 1662/2268/1779
f 1894/2618/1994 1182/1605/1311 528/717/593
f 1894/2618/1994 1896/2620/1996 753/997/833
f 1894/2618/1994 1662/2268/1779 1182/1605/1311
f 1894/2618/1994 1895/2619/1995 1896/2620/1996
f 1186/1611/1316 1072/1448/1188 1187/1612/1317
f 1186/1611/1316 1188/1615/1318 1897/2621/1997
f 1186/1611/1316 1897/2621/1997 416/569/471
f 764/2622/846 259/2623/296 1898/2624/1998
f 764/2625/846 1898/2626/1998 1483/2014/1602
f 1775/2436/1889 1668/2274/1785 985/1331/1093
f 1775/2436/1889 985/1331/1093 1776/2437/1890
f 1900/2627/1999 583/790/652 1899/2628/2000
f 1900/2629/1999 1277/1726/1406 1565/2135/1682
f 1900/2627/1999 1564/2133/1681 583/790/652
f 1900/2627/1999 1669/2278/1787 1670/2279/1100
f 1900/2627/1999 1565/2630/1682 1564/2133/1681
f 1900/2629/1999 1670/1338/1100 1277/1726/1406
f 1900/2627/1999 1899/2628/2000 1669/2278/1787
f 36/48/42 38/50/44 783/1037/866
f 36/48/42 655/873/731 37/49/43
f 36/48/42 995/1343/1105 655/873/731
f 1782/2448/1894 1901/2631/2001 822/1101/911
f 1782/2453/1894 1781/2451/1896 1902/2632/2002
f 1782/2448/1894 1902/2633/2002 1901/2631/2001
f 505/691/571 509/690/574 983/1327/1091
f 505/686/571 986/1332/1094 506/687/572
f 1903/2634/2003 1545/2109/39 1357/1834/1479
f 1903/2634/2003 1904/2635/2004 34/2636/40
f 1903/2634/2003 1905/2637/2005 1904/2635/2004
f 1903/2634/2003 1906/2638/2006 1905/2637/2005
f 1903/2634/2003 1357/1834/1479 1906/2638/2006
f 1903/2634/2003 34/2636/40 1545/2109/39
f 1787/2459/1900 1218/1653/1344 611/820/682
f 525/714/591 528/717/593 1182/1605/1311
f 525/714/591 1182/1605/1311 526/715/592
f 422/580/478 1252/1696/1380 423/581/479
f 422/580/478 1226/1661/1352 1452/1969/1574
f 1227/1663/1353 1907/2639/651 1518/2070/1635
f 1227/1663/1353 1518/2070/1635 1656/2256/1772
f 1227/1663/1353 1656/2256/1772 1254/1698/1382
f 1227/1663/1353 1254/1698/1382 1636/2232/1750
f 1227/1663/1353 1636/2232/1750 1230/1664/1354
f 1908/2640/2007 89/126/103 569/772/635
f 1908/2641/2007 1910/2642/2008 1909/2643/2009
f 1908/2640/2007 1521/2073/1639 89/126/103
f 1908/2641/2007 1909/2643/2009 1521/2075/1639
f 1908/2640/2007 1460/1981/1582 1910/2644/2008
f 1908/2640/2007 569/772/635 1461/1982/1583
f 1908/2640/2007 1461/1982/1583 1460/1981/1582
f 1911/2645/2010 635/848/707 1464/1987/1586
f 1911/2646/2010 1527/2082/1645 635/2647/707
f 1911/2646/2010 1912/2648/2011 1527/2082/1645
f 1911/2646/2010 1464/2649/1586 1463/1986/1585
f 1911/2646/2010 1463/1986/1585 1912/2648/2011
f 1884/2601/1982 1855/2544/1958 1284/1737/1414
f 1884/2601/1982 1284/1737/1414 1913/2650/2012
f 1884/2601/1982 1886/2604/1984 1117/1509/1235
f 1884/2601/1982 1117/1509/1235 1855/2544/1958
f 1884/2601/1982 1913/2650/2012 1885/2602/1983
f 978/1321/1085 439/599/496 1914/2651/2013
f 978/1321/1085 1915/2652/2014 1699/1322/1086
f 978/1321/1085 1627/2220/1739 1915/2652/2014
f 978/1321/1085 1914/2651/2013 1627/2220/1739
f 116/158/129 120/162/133 1477/2004/1597
f 1121/1513/1239 1916/2653/2015 1122/1514/1240
f 1121/1513/1239 503/683/568 1916/2653/2015
f 1121/1513/1239 127/173/141 126/169/139
f 1121/1513/1239 126/169/139 503/683/568
f 907/1222/1005 74/2557/86 908/1223/1006
f 1917/2654/1249 1918/2655/2016 1475/2002/1596
f 1917/1525/1249 1131/1528/1252 1919/2656/2017
f 1917/2654/1249 1919/2657/2017 1918/2655/2016
f 1917/2654/1249 1475/2002/1596 1476/2003/1250
f 1801/2480/1911 1713/2341/1824 1134/1533/1257
f 1801/2480/1911 1996/1532/1256 1802/2481/1912
f 1801/2480/1911 1134/1533/1257 1996/1532/1256
f 921/1238/1019 1920/2658/2018 1921/2659/2019
f 921/1238/1019 1921/2659/2019 924/1239/1020
f 921/1238/1019 1757/2409/1871 1920/2658/2018
f 1052/1423/1169 1051/1422/1168 49/2660/58
f 1052/1423/1169 49/2660/58 1488/2661/1607
f 1052/1423/1169 1488/2661/1607 1053/1424/60
f 1693/2311/1806 295/407/334 294/406/338
f 1693/2311/1806 294/406/338 471/640/531
f 799/1057/886 1494/2025/1613 800/1058/887
f 799/1057/886 1087/1471/1204 1494/2025/1613
f 1761/2417/1874 935/1259/1033 1157/1565/1282
f 1761/2412/1874 936/1260/1034 933/1257/1031
f 1761/2412/1874 1157/2662/1282 936/1260/1034
f 1761/2417/1874 616/829/688 935/1259/1033
f 1160/1568/1284 72/102/84 76/106/88
f 1160/1568/1284 313/428/357 72/102/84
f 514/698/580 1165/1579/1290 515/699/581
f 186/260/211 1619/2211/1731 1620/2212/1732
f 186/260/211 1620/2212/1732 187/261/212
f 186/260/211 733/973/816 1619/2211/1731
f 192/268/219 194/270/221 726/961/805
f 791/1046/875 2116/2663/2020 1348/1827/1472
f 791/1046/875 792/1048/877 2116/2663/2020
f 1179/1601/1310 1180/1603/1312 1823/2507/1930
f 1179/1601/1310 904/1219/1002 526/723/592
f 1179/1601/1310 526/723/592 1182/1602/1311
f 1179/1601/1310 1823/2507/1930 904/1219/1002
f 300/412/343 2165/2260/1774 237/329/268
f 804/1062/891 1720/2351/1831 805/1063/892
f 804/1062/891 806/1065/894 241/334/273
f 804/1062/891 241/334/273 1720/2351/1831
f 809/1070/642 1922/2664/2021 810/1071/898
f 809/1070/642 1512/2057/1630 1922/2664/2021
f 448/609/506 814/1081/901 449/610/507
f 453/1091/512 1861/298/242 1923/2665/2022
f 453/615/512 1923/2666/2022 454/616/513
f 458/622/519 462/627/522 1622/1736/1413
f 597/806/668 599/808/670 443/603/500
f 597/806/668 442/602/499 1368/1847/1490
f 597/806/668 443/603/500 442/602/499
f 1924/2667/2023 1833/2519/1939 1925/2668/2024
f 1924/2667/2023 827/1108/918 1926/2669/2025
f 1924/2667/2023 1925/2668/2024 828/1109/919
f 1924/2667/2023 1926/2669/2025 1833/2519/1939
f 1924/2667/2023 828/1109/919 827/1108/918
f 830/1113/922 352/477/401 831/1114/923
f 830/1113/922 63/85/73 352/477/401
f 1000/1348/1110 2201/2670/2026 707/285/233
f 1000/1349/1110 1376/1857/1045 2201/2671/2026
f 1927/2672/278 1928/2673/2027 842/1129/279
f 1927/2672/278 624/837/696 1929/2674/2028
f 1927/2672/278 1379/1860/277 624/837/696
f 1927/2672/278 1929/2674/2028 1928/2673/2027
f 1739/2675/1850 1741/2676/1852 1930/2677/2029
f 1739/2378/1850 1931/2678/2030 1740/2379/1851
f 1739/2675/1850 1930/2677/2029 1932/2679/2031
f 1739/2675/1850 846/2680/936 1931/2681/2030
f 1739/2675/1850 1932/2679/2031 846/2680/936
f 1257/1701/1385 1256/1700/1384 1880/2682/1979
f 1744/2387/1389 1743/2386/1856 574/778/640
f 1744/2387/1389 574/778/640 573/777/639
f 103/140/114 645/858/717 100/141/115
f 103/144/114 102/143/116 928/1250/1027
f 103/140/114 646/859/718 645/858/717
f 1093/1479/1210 346/469/394 345/468/393
f 653/869/727 329/448/373 326/445/370
f 653/869/727 654/872/730 329/448/373
f 1676/2286/1790 1933/2683/2032 1934/2684/1438
f 1676/2286/1790 1675/2285/981 1935/2685/2033
f 1676/2283/1790 1934/1770/1438 1311/1769/1437
f 1676/2286/1790 1935/2685/2033 1936/2686/2034
f 1676/2286/1790 1937/2687/2035 1933/2683/2032
f 1676/2286/1790 1936/2686/2034 1937/2687/2035
f 577/782/644 1273/1722/1402 740/982/821
f 577/782/644 579/784/646 1273/1722/1402
f 669/889/745 1828/2512/1934 670/890/746
f 669/889/745 746/990/828 1828/2512/1934
f 751/995/831 544/739/610 1684/2299/1799
f 751/995/831 1684/2299/1799 1938/2688/2036
f 751/995/831 1657/2259/1773 752/996/832
f 751/995/831 1938/2688/2036 1657/2259/1773
f 1939/2590/1976 1698/2319/1811 1700/2321/1812
f 1939/2590/1976 1940/2689/2037 1698/2319/1811
f 1939/2690/1976 681/902/758 680/901/757
f 1939/2590/1976 1009/1358/1119 681/2691/758
f 1939/2690/1976 680/901/757 1940/2692/2037
f 1287/2693/1417 1941/2694/2038 367/499/418
f 1287/1740/1417 683/904/760 861/1158/952
f 1287/2693/1417 1289/2695/1419 1941/2694/2038
f 1287/1740/1417 367/1003/418 683/904/760
f 1287/1740/1417 861/1158/952 860/1157/951
f 1408/1907/1529 1942/2696/2039 1943/2697/840
f 1408/1907/1529 370/502/421 759/1005/839
f 1408/1907/1529 759/1005/839 1942/2696/2039
f 1408/1906/1529 373/505/424 372/504/423
f 1408/1906/1529 1943/1006/840 373/505/424
f 698/923/775 1944/2698/2040 1410/1910/1531
f 698/923/775 1410/1910/1531 699/924/776
f 698/923/775 607/818/680 1944/2698/2040
f 259/2623/296 1192/1620/299 1191/1619/1321
f 259/2623/296 1191/1619/1321 1898/2624/1998
f 1467/1991/1588 338/461/386 1945/2699/2041
f 1467/2700/1588 490/669/554 1946/668/553
f 1467/2700/1588 1945/2701/2041 490/669/554
f 1467/1991/1588 1946/2702/553 1468/1992/1589
f 1806/2703/1915 1833/2519/1939 1926/2669/2025
f 1806/2488/1915 495/675/560 1807/2489/1916
f 1806/2703/1915 780/1029/862 1833/2519/1939
f 1806/2488/1915 781/1035/864 780/1034/862
f 1806/2703/1915 1926/2669/2025 495/2704/560
f 1947/2705/2042 1424/1932/314 1423/1931/1543
f 1947/2705/2042 1423/1931/1543 1948/2706/2043
f 1947/2705/2042 1949/2707/2044 1424/1932/314
f 786/1041/870 2031/2708/2045 885/1191/982
f 786/1041/870 1426/1934/1545 1950/2709/2046
f 786/1041/870 885/1191/982 787/1042/871
f 786/1041/870 1950/2709/2046 2031/2708/2045
f 1951/2710/1365 1953/964/808 1952/2711/2047
f 1951/1679/1365 1241/1682/1368 2159/2712/2048
f 1951/1679/1365 2159/2712/2048 1953/2713/808
f 1951/1679/1365 1952/2714/2047 1239/1680/1366
f 934/1258/1032 936/1260/1034 1954/2715/2049
f 934/1258/1032 1954/2715/2049 1156/1564/1281
f 211/2716/241 1646/2246/1762 1956/2446/515
f 211/2716/241 1955/2717/2050 1646/2246/1762
f 211/297/241 1956/2718/515 455/2719/514
f 211/297/241 455/2719/514 1861/298/242
f 211/2716/241 213/300/244 1955/2717/2050
f 1222/1657/1348 1957/2720/980 2054/2721/2051
f 1222/1657/1348 942/1268/1041 941/1267/1040
f 1222/1657/1348 2054/2721/2051 942/1268/1041
f 1222/1657/1348 1223/1658/1349 1957/2720/980
f 405/552/459 949/1281/1052 1958/2722/1498
f 405/552/459 1958/2722/1498 406/553/460
f 405/552/459 409/561/463 946/1276/1049
f 1959/2723/2052 1380/1863/1499 629/842/701
f 1959/2723/2052 801/1059/888 1380/1863/1499
f 1959/2723/2052 975/1318/1083 801/1059/888
f 1959/2723/2052 629/842/701 975/1318/1083
f 957/1289/1059 959/1292/1062 1791/2466/1904
f 1960/2724/1064 1961/2725/1066 1962/2726/2053
f 1960/2724/1064 1962/2726/2053 1798/2727/1908
f 1960/1294/1064 1798/2476/1908 961/1295/1065
f 1333/1802/1459 1332/1801/1458 1265/1711/1394
f 1268/1311/1078 1740/2379/1851 1963/2728/2054
f 1268/1715/1078 2120/2381/1853 1269/1716/1397
f 1268/1311/1078 972/1313/1080 1740/2379/1851
f 1268/1311/1078 1963/2728/2054 2120/2729/1853
f 1083/1466/1201 434/593/490 1086/1469/1202
f 1083/1466/1201 435/594/491 434/593/490
f 1118/1510/1236 1580/2153/1695 1964/2730/2055
f 1118/1510/1236 1965/2731/2056 572/776/638
f 1118/1510/1236 1964/2730/2055 1965/2731/2056
f 1966/2732/2057 1967/2733/2058 1595/2176/1709
f 1966/2732/2057 1968/2734/2059 1969/2735/2060
f 1966/2736/2057 1970/2737/2061 1826/2510/1932
f 1966/2736/2057 1969/2738/2060 1970/2737/2061
f 1966/2732/2057 1595/2176/1709 1968/2734/2059
f 1966/2736/2057 1826/2510/1932 1967/2739/2058
f 1356/1833/1478 1906/2638/2006 1357/1834/1479
f 1356/1837/1478 34/46/40 1904/2740/2004
f 1971/2741/1861 1568/262/213 1972/264/215
f 1971/2742/1861 1972/2743/215 1973/2744/2062
f 1971/2742/1861 1973/2744/2062 1749/2745/1862
f 591/800/662 593/802/664 1901/2631/2001
f 591/800/662 1901/2631/2001 1902/2633/2002
f 591/800/662 1902/2633/2002 592/801/663
f 1974/2746/2063 1975/2747/2064 1604/2190/1717
f 1974/2746/2063 1604/2190/1717 1605/2191/1718
f 1974/2746/2063 1605/2191/1718 1975/2747/2064
f 864/1161/955 1976/2748/2065 865/1162/956
f 864/1161/955 1606/2192/1719 1608/2194/1721
f 864/1161/955 1608/2194/1721 1976/2748/2065
f 864/1161/955 863/1160/954 1606/2192/1719
f 1713/2341/1824 1718/2347/1829 1134/1533/1257
f 1610/2197/1722 870/2201/963 1977/2749/2066
f 1610/2197/1722 1978/2750/2067 1611/2198/1723
f 1610/2197/1722 1977/2749/2066 1978/2750/2067
f 1979/2751/2068 1980/2752/2069 714/948/793
f 1979/2751/2068 1451/1968/1573 2215/2753/2070
f 1979/2751/2068 1981/2754/2071 1451/1968/1573
f 1979/2751/2068 713/947/792 1981/2754/2071
f 1979/2751/2068 2215/2753/2070 1980/2752/2069
f 1979/2751/2068 714/948/793 713/947/792
f 1420/1926/1540 493/672/557 1982/2755/2072
f 1420/1926/1540 1982/2755/2072 1421/1927/1541
f 882/1185/976 18/23/20 119/161/132
f 383/518/434 1485/2016/1605 384/519/435
f 383/518/434 1486/2017/1606 1485/2016/1605
f 383/518/434 1427/1935/1546 1486/2017/1606
f 891/1200/984 890/1199/988 1983/2756/1121
f 647/861/720 649/863/722 1322/1781/1444
f 1984/2757/2073 1388/1879/1508 522/709/587
f 1984/2757/2073 897/1210/996 589/798/660
f 1984/2757/2073 589/798/660 1388/1879/1508
f 1984/2757/2073 1569/2141/1686 897/1210/996
f 1984/2757/2073 522/709/587 1569/2141/1686
f 1985/2758/2074 1933/2683/2032 1937/2687/2035
f 1985/2758/2074 1888/2759/1988 1933/2683/2032
f 1985/2760/2074 903/1218/1001 1824/2508/1153
f 1985/2758/2074 1937/2687/2035 905/2761/1003
f 1985/2758/2074 905/2761/1003 903/2762/1001
f 1985/2763/2074 1824/1402/1153 1888/2608/1988
f 1141/1543/1266 1986/2764/2075 1142/1544/1267
f 1141/1543/1266 1756/2405/1869 1827/2511/1933
f 1141/1543/1266 911/1549/1009 1756/2405/1869
f 1141/1543/1266 1827/2511/1933 1986/2764/2075
f 1987/2765/1272 1988/2766/2076 1989/2767/1273
f 1987/2765/1272 1990/2768/2077 1988/2766/2076
f 1987/1552/1272 1149/1555/1275 1759/2411/1873
f 1987/1552/1272 1759/2411/1873 1990/2769/2077
f 375/512/427 267/366/305 266/365/304
f 375/508/427 678/899/755 267/2770/305
f 922/1241/1021 1640/2238/1756 1920/2658/2018
f 922/1241/1021 1920/2658/2018 1757/2409/1871
f 922/1241/1021 1757/2409/1871 923/1242/1022
f 1975/2771/2064 1991/2772/2078 1992/2773/2079
f 1975/2771/2064 1605/2774/1718 1991/2772/2078
f 1975/2771/2064 1992/2773/2079 1604/2775/1717
f 1993/2776/2080 1994/2777/2081 70/98/82
f 1993/2776/2080 1377/1858/1496 1555/2119/1672
f 1993/2776/2080 1291/1745/1421 1994/2777/2081
f 1993/2776/2080 70/98/82 1377/1858/1496
f 1993/2776/2080 1555/2119/1672 1292/1746/1422
f 1993/2776/2080 1292/1746/1422 1291/1745/1421
f 1802/2483/1912 1995/2778/2082 1478/2005/1598
f 1802/2483/1912 1478/2005/1598 1480/2007/1600
f 1802/2483/1912 1996/2779/1256 1997/2780/2083
f 1802/2483/1912 1997/2780/2083 1995/2778/2082
f 1560/2127/1676 1483/2014/1602 1898/2626/1998
f 1560/2558/1676 1073/1452/1189 1561/2781/1677
f 1560/2558/1676 1898/2624/1998 1847/2534/1950
f 1560/2127/1676 484/661/546 1483/2014/1602
f 489/667/552 771/1019/853 1946/668/553
f 492/671/556 1628/2221/1740 1982/2755/2072
f 492/671/556 1982/2755/2072 493/672/557
f 502/682/567 1916/2653/2015 503/683/568
f 502/682/567 1123/1516/1241 1916/2653/2015
f 1225/1660/1351 174/245/199 173/244/198
f 1225/1660/1351 509/690/574 174/245/199
f 515/699/581 1165/1579/1290 1998/2782/1506
f 1388/1879/1508 1618/2210/1730 1999/2783/2084
f 1388/1879/1508 1999/2783/2084 522/709/587
f 1388/1879/1508 1390/1881/1510 1618/2210/1730
f 527/712/590 1392/1883/1512 2000/2784/2085
f 527/712/590 2000/2784/2085 1895/2785/1995
f 527/716/590 1895/2619/1995 528/717/593
f 538/732/603 1988/2766/2076 1990/2768/2077
f 538/732/603 1990/2768/2077 539/733/604
f 2001/2786/2086 1612/2199/1724 1613/2202/1726
f 2001/2787/2086 2002/2788/2087 2003/2789/2088
f 2001/2786/2086 1601/2187/1163 1600/2186/1715
f 2001/2787/2086 1613/2203/1726 2002/2788/2087
f 2001/2786/2086 1600/2186/1715 1612/2199/1724
f 2001/2787/2086 2003/2789/2088 1601/1417/1163
f 929/1637/1028 2004/2790/2089 1207/1638/1333
f 929/1251/1028 928/1250/1027 1239/1680/1366
f 929/1251/1028 1239/1680/1366 2004/2791/2089
f 2005/2792/2090 1925/2668/2024 1834/2520/1940
f 2005/2792/2090 2006/2793/2091 2007/2794/2092
f 2005/2792/2090 1834/2520/1940 2006/2793/2091
f 2005/2792/2090 829/1110/920 828/1109/919
f 2005/2792/2090 2007/2794/2092 829/1110/920
f 2005/2792/2090 828/1109/919 1925/2668/2024
f 835/1119/926 403/547/457 397/550/452
f 835/2054/926 595/804/666 401/2795/455
f 406/553/460 1958/2722/1498 2066/2796/1303
f 406/553/460 2066/2796/1303 408/554/461
f 431/590/487 1844/2531/1947 432/591/488
f 431/590/487 436/595/492 1843/2530/1946
f 2008/570/472 416/569/471 1897/2621/1997
f 2008/2797/472 1897/2798/1997 2009/2799/2093
f 420/578/475 1848/2535/1951 1190/1617/1320
f 420/578/475 25/33/27 21/26/23
f 420/578/475 21/26/23 1848/2535/1951
f 1332/1801/1458 426/584/482 425/583/481
f 1332/1801/1458 425/583/481 1266/1712/1395
f 1332/1801/1458 1266/1712/1395 1265/1711/1394
f 81/112/93 2010/2800/2094 428/585/483
f 81/112/93 83/117/96 2010/2800/2094
f 432/591/488 1495/2026/1614 433/592/489
f 2012/598/495 2011/2801/893 108/150/121
f 2012/2802/495 1659/2803/1776 2011/1064/893
f 1667/2273/1784 507/688/573 506/687/572
f 1667/2273/1784 506/687/572 986/1332/1094
f 1545/2109/39 1358/1836/1480 1357/1834/1479
f 38/50/44 40/53/47 2111/2804/2095
f 38/50/44 2111/2804/2095 783/1037/866
f 2013/2805/2096 723/958/802 1171/1589/1298
f 2013/2805/2096 724/959/803 723/958/802
f 2013/2805/2096 2014/2806/2097 457/621/518
f 2013/2805/2096 1171/1589/1298 2015/2807/2098
f 2013/2805/2096 2015/2807/2098 2014/2806/2097
f 2013/2805/2096 457/621/518 724/959/803
f 337/460/385 1624/2216/1735 338/461/386
f 337/460/385 336/459/384 1624/2216/1735
f 261/2808/298 2016/2809/2099 1469/1994/1591
f 261/2810/298 1469/1995/1591 649/2811/722
f 261/359/298 768/1016/850 2016/2812/2099
f 1571/2137/1684 1503/2039/1624 1566/2138/1685
f 1571/2144/1684 1570/2143/1687 2017/2813/726
f 1933/2814/2032 1888/2608/1988 1934/1770/1438
f 667/886/742 2018/2815/2100 1511/887/743
f 667/886/742 665/884/740 2019/2816/2101
f 745/989/827 672/893/749 670/890/746
f 745/989/827 815/1083/903 672/893/749
f 1008/1357/1118 483/660/545 1561/2128/1677
f 1008/1357/1118 681/2691/758 1009/1358/1119
f 1008/2817/1118 1561/2781/1677 1073/1452/1189
f 1587/2163/1702 2020/2818/2102 1588/2164/1703
f 1587/2163/1702 1890/2611/1990 2021/2819/2103
f 1587/2163/1702 2021/2819/2103 2020/2818/2102
f 1587/2167/1702 1586/2161/1701 1890/2610/1990
f 700/925/777 938/1264/843 701/926/778
f 700/925/777 696/921/774 610/823/679
f 700/925/777 610/823/679 609/822/683
f 700/925/777 609/822/683 938/1264/843
f 2023/2820/2104 2022/2821/1534 1413/2822/1533
f 2023/2820/2104 1413/2822/1533 2154/2823/2105
f 2023/2824/2104 709/941/787 2022/1916/1534
f 2023/2820/2104 1212/1646/1340 2024/2825/2106
f 2023/2820/2104 2154/2823/2105 1212/1646/1340
f 2023/2820/2104 2024/2825/2106 709/2826/787
f 2025/2827/2107 2026/2828/2108 853/1142/943
f 2025/2827/2107 2027/2829/2109 2028/2830/2110
f 2025/2827/2107 853/1142/943 2027/2829/2109
f 2025/2827/2107 2028/2830/2110 600/809/671
f 322/440/364 1819/2502/1926 2029/2831/2111
f 322/438/364 1422/1928/1542 1421/1927/1541
f 322/438/364 2029/2832/2111 1422/1928/1542
f 322/440/364 321/439/365 1819/2502/1926
f 322/438/364 1421/1927/1541 876/1179/970
f 719/954/798 718/953/797 2030/2833/2112
f 2031/2834/2045 2032/2835/2113 2033/2836/2114
f 2031/2834/2045 2033/2836/2114 1364/1843/1486
f 2031/2708/2045 1950/2709/2046 2032/2837/2113
f 2031/2708/2045 1364/2838/1486 885/1191/982
f 963/1300/1070 964/1302/1072 2034/2839/2115
f 963/1300/1070 2034/2839/2115 1765/2423/1879
f 1270/1717/1398 2035/2840/2116 1767/2425/1880
f 1270/1717/1398 1269/1716/1397 973/1314/1081
f 1270/1717/1398 971/1312/1079 2035/2840/2116
f 1270/1717/1398 973/1314/1081 971/1312/1079
f 2036/2841/2117 1771/2429/1884 1772/2430/1885
f 2036/2841/2117 1523/2077/1641 1522/2076/1640
f 2036/2841/2117 1772/2430/1885 2037/2842/2118
f 2036/2841/2117 2037/2842/2118 1523/2077/1641
f 2036/2841/2117 1522/2076/1640 568/771/634
f 2036/2841/2117 565/768/632 1771/2429/1884
f 2036/2841/2117 568/771/634 565/768/632
f 572/776/638 1965/2731/2056 1261/2538/1390
f 572/776/638 1261/2538/1390 573/777/639
f 2038/2843/2119 1967/2739/2058 2039/2844/2120
f 2038/2845/2119 1891/2612/1991 1438/1946/1557
f 2038/2843/2119 1597/2846/1711 1967/2739/2058
f 2038/2845/2119 1438/1946/1557 2040/2847/2121
f 2038/2845/2119 2040/2847/2121 1597/2848/1711
f 2038/2843/2119 2039/2844/2120 1891/2849/1991
f 1907/789/651 584/791/653 1516/2065/1636
f 1907/789/651 1516/2065/1636 1518/2064/1635
f 900/2850/657 2041/2851/2122 587/2852/658
f 900/2850/657 1059/2853/905 2041/2851/2122
f 593/802/664 594/803/665 1781/2451/1896
f 593/802/664 823/1102/912 1901/2631/2001
f 593/802/664 1781/2451/1896 823/1102/912
f 1885/2602/1983 1913/2650/2012 824/2603/914
f 602/811/673 2042/2854/2123 1877/2855/1975
f 602/811/673 1877/2855/1975 2179/812/674
f 602/811/673 1871/2577/1970 2042/2854/2123
f 602/811/673 604/814/676 1871/2577/1970
f 938/1009/843 1217/1651/1037 762/1010/844
f 938/1264/843 609/822/683 939/1265/1038
f 621/834/693 948/1279/1051 950/1282/1048
f 621/834/693 1078/1458/1194 622/835/694
f 621/834/693 950/1282/1048 1078/1458/1194
f 621/834/693 620/833/692 948/1279/1051
f 627/1975/699 1455/1973/1577 628/2856/700
f 627/840/699 414/566/468 1454/1971/1576
f 240/333/272 635/848/707 640/853/712
f 240/333/272 1720/2351/1831 241/334/273
f 240/333/272 1464/1987/1586 635/848/707
f 240/333/272 640/853/712 1720/2351/1831
f 644/857/716 1241/1682/1368 1673/2282/1789
f 644/857/716 2159/2712/2048 1241/1682/1368
f 644/857/716 2183/860/719 2159/2712/2048
f 2043/2857/1986 2044/2858/1987 111/153/124
f 2043/2857/1986 111/153/124 2045/2859/1833
f 118/160/131 121/163/134 2046/2860/2124
f 1310/1768/1436 1481/2011/1603 1427/1935/1546
f 1310/1768/1436 789/1044/873 788/1043/872
f 1310/1768/1436 1309/1767/1435 1481/2011/1603
f 1310/1768/1436 1427/1935/1546 789/1044/873
f 129/2288/143 1590/1407/1157 1040/1406/1156
f 129/175/143 133/180/148 1590/2861/1157
f 913/2862/1011 916/1233/1014 1919/2657/2017
f 913/1228/1011 1919/2656/2017 914/1229/1012
f 141/192/157 143/197/161 2047/2863/2125
f 281/2864/322 1442/1951/1562 282/2865/323
f 281/2864/322 1443/1952/1563 1442/1951/1562
f 281/2864/322 1836/2866/165 1443/1952/1563
f 1146/1546/1268 841/1126/932 1144/1547/1269
f 1146/2867/1268 2048/2868/1847 844/1131/933
f 1146/1546/1268 844/1127/933 841/1126/932
f 1695/2314/1808 471/640/531 292/400/335
f 1695/2314/1808 292/400/335 295/399/334
f 1412/1913/1532 2049/2869/2126 1413/1914/1533
f 1412/1913/1532 485/662/547 2007/2794/2092
f 1412/1913/1532 2006/2793/2091 2050/2870/2127
f 1412/1913/1532 2007/2794/2092 2006/2793/2091
f 1412/1913/1532 2050/2870/2127 2049/2869/2126
f 181/255/206 180/254/205 1767/2425/1880
f 181/255/206 2035/2840/2116 2051/2871/2128
f 181/255/206 2051/2871/2128 182/256/207
f 181/255/206 1767/2425/1880 2035/2840/2116
f 587/2852/658 2041/2851/2122 1973/2744/2062
f 587/796/658 1972/264/215 187/261/212
f 587/2852/658 1973/2744/2062 1972/2743/215
f 1573/2146/1689 1577/2150/1692 1021/2872/1136
f 1573/2146/1689 1021/2872/1136 1705/2328/1817
f 947/1277/1050 4/4/4 1177/1596/1305
f 947/1277/1050 5/5/5 4/4/4
f 947/1277/1050 946/1276/1049 5/5/5
f 1706/2333/11 692/2873/770 2138/2334/1819
f 1706/11/11 11/12/12 692/2874/770
f 1715/2875/1826 1714/2485/1825 13/18/15
f 1715/2344/1826 2052/2876/14 1258/1702/1386
f 1715/2875/1826 13/18/15 2052/17/14
f 1715/2344/1826 1258/1702/1386 1716/2345/1827
f 1537/2877/1657 1961/1296/1066 962/1297/1067
f 1537/2566/1657 1795/2472/1906 1092/1478/1209
f 1537/2098/1657 1540/2103/1661 1961/2725/1066
f 1537/2877/1657 962/1297/1067 1796/1298/1068
f 1537/2566/1657 1796/2473/1068 1795/2472/1906
f 1594/2175/1708 1342/1814/1463 1341/1813/1466
f 1594/2175/1708 1968/2734/2059 1595/2176/1709
f 1594/2175/1708 1341/1813/1466 1542/2106/1662
f 1594/2175/1708 1542/2106/1662 1968/2734/2059
f 33/43/37 1358/1835/1480 1724/2358/1836
f 2053/2878/2129 1248/1692/1376 1550/2114/1668
f 1957/2879/980 886/64/54 46/63/55
f 1957/2720/980 1223/1658/1349 1675/2285/981
f 1957/2879/980 46/63/55 2054/2880/2051
f 1784/2455/1898 50/71/62 1729/70/61
f 1784/2455/1898 1786/2458/1899 50/71/62
f 1784/2455/1898 1729/70/61 1785/2456/1171
f 54/75/66 1371/1851/1492 55/76/67
f 61/88/71 60/87/74 62/89/75
f 61/83/71 353/478/402 2055/2881/2130
f 61/83/71 2055/2881/2130 59/84/72
f 61/88/71 62/89/75 353/479/402
f 69/97/81 65/2882/78 1374/1855/1494
f 69/97/81 1378/1859/1497 70/98/82
f 1161/1570/1285 1986/2764/2075 2174/1571/1286
f 1161/1570/1285 75/2373/87 1737/2376/1848
f 1161/1570/1285 1737/2376/1848 1986/2764/2075
f 1161/1575/1285 76/106/88 75/105/87
f 82/115/94 1514/2067/1633 2194/116/95
f 82/115/94 84/119/97 1514/2067/1633
f 88/124/101 89/126/103 1524/2079/1643
f 88/124/101 2056/2883/2131 91/125/102
f 88/124/101 1524/2079/1643 2056/2883/2131
f 679/900/756 98/137/111 1529/2084/1647
f 679/900/756 99/138/112 98/137/111
f 679/900/756 1529/2084/1647 680/901/757
f 1856/2545/1959 1506/524/439 2057/2884/2132
f 1856/2545/1959 1605/2191/1718 285/388/327
f 1856/2545/1959 2057/2884/2132 1605/2191/1718
f 2058/396/332 2208/1957/1567 472/2885/532
f 2058/2886/332 472/641/532 290/405/333
f 301/2258/344 752/996/832 1657/2259/1773
f 305/417/348 1400/2887/1521 836/1120/927
f 305/417/348 836/1120/927 306/418/349
f 305/417/348 304/416/347 1400/2887/1521
f 445/605/502 2059/2888/2133 2060/2889/2134
f 445/605/502 443/603/500 2059/2888/2133
f 1819/2502/1926 1498/2032/1619 1497/2034/1618
f 1819/2502/1926 1497/2034/1618 2029/2831/2111
f 1500/2036/1621 1016/1368/1128 1703/2326/1816
f 332/981/377 739/980/820 1575/2148/1691
f 1804/1993/1590 340/463/388 338/461/386
f 1804/1993/1590 1805/2890/1914 340/463/388
f 776/1027/860 2061/2891/2135 2062/2892/2136
f 776/1032/860 778/1031/863 2063/2893/2137
f 776/1027/860 2063/2894/2137 2061/2891/2135
f 776/1027/860 2062/2892/2136 1320/1786/1448
f 776/1027/860 1320/1786/1448 777/1028/861
f 1629/2895/1741 1031/1390/1146 1030/1389/1145
f 1629/2222/1741 1030/2896/1145 1822/2506/1451
f 358/486/407 1327/488/409 1326/2897/1453
f 358/486/407 1633/2229/1747 359/487/408
f 358/2898/407 1326/1795/1453 2064/2899/1745
f 2065/2900/2138 1175/1593/1302 1403/1899/1525
f 2065/2901/2138 1403/2902/1525 1471/1998/1593
f 2065/2901/2138 1471/1998/1593 408/558/461
f 2065/2901/2138 408/558/461 2066/2903/1303
f 2065/2900/2138 2066/1594/1303 1175/1593/1302
f 1473/2904/1595 914/1229/1012 1131/1528/1252
f 1473/2904/1595 1131/1528/1252 1474/1527/1251
f 1473/2000/1595 1475/2002/1596 915/1232/1013
f 1473/2904/1595 915/1230/1013 914/1229/1012
f 1437/1945/1556 1686/2303/1798 2040/2847/2121
f 1437/1945/1556 1440/1948/1559 1201/1631/1330
f 1437/1945/1556 1687/2304/1801 1686/2303/1798
f 1437/1945/1556 1201/1631/1330 1687/2304/1801
f 1437/1945/1556 2040/2847/2121 1438/1946/1557
f 1250/1694/1378 1138/1538/1261 1140/1540/1263
f 1250/1694/1378 1140/1540/1263 708/940/786
f 1250/1694/1378 708/940/786 710/942/788
f 1250/1694/1378 385/520/436 1138/1538/1261
f 1642/2043/229 2067/2905/440 2068/2906/2139
f 1642/2043/229 2069/2907/1759 2067/2905/440
f 1642/279/229 555/2908/621 967/2909/1074
f 1642/2043/229 2068/2906/2139 1505/2044/1627
f 1642/2240/229 967/1305/1074 1386/1876/1505
f 1642/279/229 199/278/228 555/2908/621
f 212/299/243 1955/2717/2050 213/300/244
f 212/299/243 209/295/240 1955/2717/2050
f 1650/2910/1766 2070/2911/2140 217/309/251
f 1650/2910/1766 1451/1968/1573 2070/2911/2140
f 1650/2250/1766 220/312/250 1651/2251/1767
f 1650/2250/1766 67/95/80 1451/1964/1573
f 1650/2250/1766 217/2912/251 220/312/250
f 1452/1969/1574 1226/1661/1352 1512/2057/1630
f 1828/2512/1934 746/990/828 2071/2913/2141
f 1828/2512/1934 2071/2913/2141 1829/2513/1935
f 635/2647/707 1527/2082/1645 2072/2914/1855
f 635/848/707 2072/2384/1855 636/849/708
f 837/1122/929 839/1124/931 1849/2536/1952
f 837/1122/929 1849/2536/1952 838/1123/930
f 2010/2800/2094 560/758/626 1428/1936/1547
f 2010/2800/2094 83/117/96 563/762/629
f 2010/2800/2094 1428/1936/1547 1711/2339/1822
f 2010/2800/2094 1707/2335/1820 428/585/483
f 2010/2800/2094 1711/2339/1822 1707/2335/1820
f 2010/2800/2094 563/762/629 560/758/626
f 567/770/631 566/769/633 2073/2915/1186
f 567/767/631 92/130/105 565/768/632
f 1192/360/299 262/361/300 1193/576/476
f 1367/1846/1489 1432/1940/1551 1368/1847/1490
f 2075/2219/1738 2074/2916/917 1915/2652/2014
f 2075/2917/1738 827/1108/918 2074/1107/917
f 2075/2917/1738 2076/2918/558 827/1108/918
f 2075/2219/1738 1915/2652/2014 1627/2220/1739
f 1106/1498/1224 1108/1500/1226 1479/2006/1599
f 1106/1498/1224 1995/2778/2082 2077/2919/2142
f 1106/1498/1224 808/1074/897 1107/1499/1225
f 1106/1498/1224 576/1075/643 808/1074/897
f 1106/1498/1224 1479/2006/1599 1995/2778/2082
f 1106/1498/1224 2077/2919/2142 576/1075/643
f 2078/2920/2143 1551/60/53 463/628/523
f 2078/2921/2143 2014/2806/2097 2015/2807/2098
f 2078/2922/2143 2079/2923/2144 1552/2116/1669
f 2078/2922/2143 1552/2116/1669 1551/2115/53
f 2078/2921/2143 2015/2807/2098 2079/2924/2144
f 2078/2921/2143 463/629/523 2014/2806/2097
f 964/1302/1072 1349/1824/1473 2034/2839/2115
f 964/1302/1072 967/1306/1074 1346/1820/1470
f 561/760/627 2084/2925/991 562/761/628
f 561/760/627 563/764/629 894/2926/992
f 1769/2927/1882 2056/2883/2131 1524/2079/1643
f 1769/2927/1882 1524/2079/1643 1525/2080/1642
f 1769/2927/1882 1773/2928/1886 2056/2883/2131
f 1769/2427/1882 2080/2929/2145 1770/2428/1883
f 1769/2427/1882 1525/2078/1642 2080/2929/2145
f 1237/1677/1363 979/1323/1087 2081/2930/2146
f 1237/1677/1363 2081/2930/2146 1940/2692/2037
f 1237/1677/1363 1940/2692/2037 1526/2081/1644
f 1776/2437/1890 982/1330/1090 1274/2438/1403
f 1776/2437/1890 985/1331/1093 982/1330/1090
f 55/76/67 1882/2596/1126 1881/2595/1980
f 55/76/67 1881/2595/1980 56/77/68
f 55/76/67 2082/2931/1814 1882/2596/1126
f 55/76/67 1371/1851/1492 2083/2932/311
f 55/76/67 2083/2932/311 2082/2931/1814
f 37/49/43 655/873/731 1510/2052/1629
f 37/49/43 1510/2052/1629 2206/51/45
f 461/625/521 1363/1842/1485 462/626/522
f 461/625/521 43/56/50 1363/1842/1485
f 461/625/521 463/628/523 43/56/50
f 599/808/670 2059/2888/2133 443/603/500
f 599/808/670 600/809/671 2028/2830/2110
f 599/808/670 2028/2830/2110 2059/2888/2133
f 603/813/675 1101/1492/1219 604/814/676
f 1216/1650/1343 608/819/681 1217/1651/1037
f 1216/1650/1343 611/820/682 608/819/681
f 1858/2552/1962 1037/1401/1152 2084/2933/991
f 1858/2552/1962 1583/2158/1698 1582/2156/1697
f 1858/2552/1962 1889/2609/1989 1037/1401/1152
f 1858/2552/1962 1582/2156/1697 1889/2609/1989
f 948/1279/1051 620/833/692 949/1280/1052
f 235/327/266 236/328/267 1793/2468/1060
f 125/171/138 1384/170/140 2085/2934/947
f 125/168/138 504/684/569 126/169/139
f 174/245/199 509/690/574 178/246/200
f 1751/2599/1864 659/878/734 2086/2935/1131
f 1751/2599/1864 660/879/735 659/878/734
f 2087/2936/2147 2137/2937/2148 2018/2815/2100
f 135/184/152 2177/1529/1253 1394/1886/1514
f 1684/2299/1799 1685/2301/1800 1938/2688/2036
f 756/2938/836 925/1243/1023 549/2939/615
f 859/1156/950 2088/2940/2149 683/904/760
f 859/1156/950 1405/1901/1526 1406/1904/1527
f 859/1156/950 683/904/760 685/906/762
f 859/1156/950 1406/1904/1527 860/1157/951
f 859/1156/950 862/1159/953 2088/2940/2149
f 1942/2696/2039 1850/2537/1953 760/2941/841
f 1942/2696/2039 759/1005/839 1850/2537/1953
f 1942/2696/2039 760/2941/841 1943/2697/840
f 935/1259/1033 616/829/688 615/828/687
f 935/1259/1033 615/828/687 614/827/686
f 214/304/246 2089/2942/2150 1025/1383/1140
f 214/304/246 1025/1383/1140 1024/1382/1139
f 214/304/246 1098/1486/1215 215/305/247
f 214/304/246 217/309/251 2089/2942/2150
f 214/304/246 1024/1382/1139 1098/1486/1215
f 109/151/122 877/1180/971 110/152/123
f 109/151/122 112/154/125 878/1181/972
f 109/151/122 878/1181/972 877/1180/971
f 1046/1416/1162 1107/1930/1225 808/1068/897
f 1046/1416/1162 1423/1931/1543 1107/1930/1225
f 1426/1934/1545 1874/2582/1973 1950/2709/2046
f 1426/1934/1545 1425/1933/1544 1114/1506/1232
f 1426/1934/1545 1112/1504/1230 1874/2582/1973
f 1426/1934/1545 1114/1506/1232 1112/1504/1230
f 1830/2514/1936 50/71/62 1786/2458/1899
f 1830/2514/1936 2004/2790/2089 2090/2943/2151
f 1830/2514/1936 1786/2458/1899 2004/2790/2089
f 1830/2514/1936 2090/2943/2151 2213/2515/1937
f 2074/2916/917 1699/1322/1086 1915/2652/2014
f 1247/1691/1375 2091/2944/2152 117/159/130
f 399/542/453 2092/1892/1520 400/543/454
f 399/548/453 403/547/457 836/1120/927
f 399/548/453 836/1120/927 2092/2945/1520
f 413/565/467 1655/2255/1771 414/566/468
f 2093/2946/2153 1640/2238/1756 2094/2237/1755
f 2093/2947/2154 2094/2948/2154 2096/2949/2154
f 2093/2946/2153 2095/2950/2155 1640/2238/1756
f 2093/2946/2153 2096/2951/2156 2095/2950/2155
f 427/586/484 1490/2021/1609 1455/1973/1577
f 2097/2952/2157 1152/1559/1277 1154/1562/1279
f 2097/2952/2157 434/593/490 433/592/489
f 2097/2952/2157 1864/2561/1965 1086/1469/1202
f 2097/2952/2157 1086/1469/1202 434/593/490
f 2097/2952/2157 433/592/489 1152/1559/1277
f 2097/2952/2157 1154/1562/1279 1864/2561/1965
f 1094/1480/1211 2098/2953/2158 1580/2153/1695
f 1094/1480/1211 1090/1475/1207 2098/2953/2158
f 1967/2733/2058 1597/2179/1711 1595/2176/1709
f 1967/2739/2058 1826/2510/1932 2039/2844/2120
f 1852/2540/1955 585/792/654 1229/788/650
f 1852/2540/1955 1229/788/650 1607/2541/1720
f 1852/2540/1955 1211/1645/1339 1899/2628/2000
f 1852/2540/1955 1899/2628/2000 585/792/654
f 1279/1734/1408 1854/2543/1957 819/1095/906
f 1279/1734/1408 1281/1731/1410 1854/2543/1957
f 2099/2954/1625 1913/2650/2012 1504/2955/1626
f 2099/2954/1625 824/2603/914 1913/2650/2012
f 1799/2478/1909 1941/2694/2038 1401/1896/1524
f 1799/2478/1909 366/498/417 367/499/418
f 1799/2478/1909 367/499/418 1941/2694/2038
f 2056/2883/2131 1773/2928/1886 91/125/102
f 478/655/534 477/654/540 2100/2956/2159
f 478/643/534 2100/2957/2159 473/644/535
f 481/658/543 1484/2015/1264 484/661/546
f 1980/2752/2069 311/426/356 309/422/353
f 1980/2752/2069 309/422/353 714/948/793
f 1980/2752/2069 2215/2753/2070 1232/2958/1357
f 1980/2752/2069 1232/2958/1357 311/426/356
f 393/533/446 1509/537/449 1306/1764/1432
f 393/533/446 1306/1764/1432 1305/1762/1431
f 393/533/446 500/680/565 394/534/447
f 393/533/446 1305/1762/1431 500/680/565
f 1020/1375/1134 661/880/736 660/879/735
f 1020/1375/1134 2086/1371/1131 661/880/736
f 507/688/573 1817/2500/1924 178/251/200
f 1541/2104/1659 1998/1877/1506 1164/2959/1289
f 1541/2101/1659 1821/2504/1928 1539/2102/1660
f 1541/2104/1659 1164/2959/1289 2217/2960/1929
f 1541/2104/1659 511/694/577 1998/1877/1506
f 1541/2101/1659 2217/2505/1929 1821/2504/1928
f 732/972/729 2017/2813/726 1570/2143/1687
f 732/871/729 2101/2961/2160 654/872/730
f 732/972/729 1570/2143/1687 519/706/584
f 732/871/729 737/977/819 2101/2961/2160
f 529/719/594 2102/2962/2161 530/720/595
f 529/719/594 531/725/596 905/2761/1003
f 529/719/594 905/2761/1003 2102/2962/2161
f 2103/2963/2162 1690/2308/1803 1334/1803/1460
f 2103/2963/2162 1691/2309/1804 1690/2308/1803
f 1148/1554/1274 1696/2317/1809 1697/2316/1810
f 1148/1554/1274 1697/2316/1810 1149/1555/1275
f 1148/1554/1274 539/1557/604 2218/2964/2163
f 1148/1554/1274 2218/2964/2163 1696/2317/1809
f 1352/1829/1475 690/913/768 1353/1830/1476
f 1352/1829/1475 234/326/265 693/916/771
f 1352/1829/1475 693/916/771 691/914/769
f 1352/1829/1475 237/329/268 234/326/265
f 1352/1829/1475 691/914/769 690/913/768
f 1047/1418/1164 1601/1417/1163 2003/2789/2088
f 1047/1418/1164 1598/2183/1713 1048/1419/1165
f 1047/1418/1164 2003/2789/2088 1602/2184/1714
f 1047/1418/1164 1602/2184/1714 1598/2183/1713
f 1746/2390/1858 1346/1821/1470 389/2046/442
f 1746/2390/1858 1347/1822/1471 1346/1821/1470
f 1746/2390/1858 389/2046/442 1952/2711/2047
f 1746/2390/1858 1952/2711/2047 1953/964/808
f 1646/2246/1762 1955/2717/2050 209/295/240
f 1646/2246/1762 2104/2965/2164 1731/2368/1841
f 1646/2246/1762 1649/2249/1765 2104/2965/2164
f 1646/2246/1762 209/295/240 1647/2247/1763
f 72/102/84 313/428/357 310/425/355
f 72/102/84 1754/2402/1867 73/103/85
f 72/102/84 310/425/355 2105/2966/2165
f 72/102/84 2105/2966/2165 1754/2402/1867
f 1910/2642/2008 1458/1978/1580 1909/2643/2009
f 1910/2642/2008 1459/1979/1581 1458/1978/1580
f 2106/2967/2166 1465/1989/1584 242/335/274
f 2106/2967/2166 1659/2803/1776 1465/1989/1584
f 2106/2967/2166 806/1065/894 1659/2803/1776
f 2106/2967/2166 242/335/274 806/1065/894
f 1741/2380/1852 2120/2381/1853 2119/2968/2167
f 1741/2676/1852 845/1132/935 1930/2677/2029
f 1741/2676/1852 2119/2969/2167 845/1132/935
f 1535/2092/1654 2107/2970/2168 1664/2270/1781
f 1535/2092/1654 1536/2094/1655 2107/2970/2168
f 1535/2092/1654 1664/2270/1781 254/352/291
f 23/29/25 2210/970/814 24/30/26
f 2108/2971/2169 1102/1493/1220 1198/1627/1327
f 2108/2971/2169 1370/1626/1326 1372/1853/310
f 2108/2971/2169 1433/2972/1552 2109/2973/2170
f 2108/2971/2169 1198/1627/1327 1370/1626/1326
f 2108/2971/2169 2109/2973/2170 1102/1493/1220
f 2108/2971/2169 1372/1853/310 1433/2972/1552
f 1439/1947/1558 1436/1944/1555 2110/2974/2171
f 1439/1947/1558 2110/2974/2171 2111/2975/2095
f 1439/1947/1558 40/1630/47 1200/1629/1329
f 1439/1947/1558 2111/2975/2095 40/1630/47
f 1551/60/53 43/56/50 463/628/523
f 1604/2775/1717 1992/2773/2079 288/390/328
f 1850/2537/1953 247/344/283 2112/2976/1198
f 1850/2537/1953 2112/2976/1198 760/2941/841
f 162/226/184 165/233/188 1496/2027/1615
f 162/226/184 1496/2027/1615 1865/2565/1966
f 162/226/184 1296/2564/1424 1295/227/185
f 162/226/184 1865/2565/1966 1296/2564/1424
f 2022/1916/1534 709/941/787 1137/1537/1260
f 810/1071/898 1922/2664/2021 1563/2131/1680
f 810/1072/898 2113/2977/2172 15/20/17
f 810/1071/898 1563/2131/1680 2113/2978/2172
f 180/2208/205 2114/2979/2173 970/1310/1077
f 180/2208/205 1615/2205/1727 2114/2979/2173
f 1618/2210/1730 1619/2211/1731 1999/2783/2084
f 1723/2357/1835 1393/1885/1513 2115/2980/2174
f 1723/2357/1835 2115/2980/2174 219/311/249
f 1723/2355/1835 219/307/249 1097/1485/1214
f 1624/2216/1735 1734/2555/1844 1945/2699/2041
f 1624/2216/1735 1625/2217/1736 1734/2555/1844
f 1624/2216/1735 1945/2699/2041 338/461/386
f 1833/2519/1939 1834/2520/1940 1925/2668/2024
f 1031/2224/1146 1631/2225/1743 2134/2981/1147
f 2064/2899/1745 1326/1795/1453 360/491/410
f 2064/2899/1745 360/491/410 1812/2982/1746
f 1403/1902/1525 1405/1901/1526 1590/2166/1157
f 1403/2902/1525 1590/2861/1157 1471/1998/1593
f 914/1229/1012 1919/2656/2017 1131/1528/1252
f 1596/2177/1710 1597/2178/1711 2040/2983/2121
f 1596/2177/1710 2040/2983/2121 1686/2298/1798
f 384/519/435 1138/1538/1261 385/520/436
f 384/519/435 1485/2016/1605 1484/1541/1264
f 384/519/435 1139/1539/1262 1138/1538/1261
f 384/519/435 1484/1541/1264 1139/1539/1262
f 2116/2663/2020 1349/2984/1473 1348/1827/1472
f 2116/2985/2020 1765/2423/1879 2034/2839/2115
f 2116/2663/2020 2034/2986/2115 1349/2984/1473
f 2116/2663/2020 792/1048/877 2117/1049/878
f 2116/2985/2020 2117/2987/878 1765/2423/1879
f 1180/1603/1312 1178/1600/1309 1428/1936/1547
f 1180/1603/1312 1429/1937/1548 1823/2507/1930
f 1717/2349/1828 1716/2345/1827 1259/1703/1387
f 805/1063/892 2045/2353/1833 2011/1064/893
f 1392/1883/1512 1543/2107/1663 2000/2784/2085
f 1100/1491/1218 1871/2577/1970 1101/1492/1219
f 1108/1500/1226 1109/1501/1227 1550/2114/1668
f 1108/1500/1226 1550/2114/1668 1248/1692/1376
f 381/516/432 1249/1693/1377 1113/1505/1231
f 984/1328/1092 1689/2307/1802 1273/1722/1402
f 59/84/72 2055/2881/2130 63/85/73
f 2118/1962/1571 1994/2988/2081 1233/1672/1358
f 2118/1962/1571 1233/1672/1358 2216/1673/1359
f 2118/2989/1571 70/98/82 1994/2777/2081
f 2118/1962/1571 2216/1673/1359 1450/1963/1572
f 73/103/85 908/2403/1006 74/104/86
f 1931/2678/2030 2120/2729/1853 1963/2728/2054
f 1931/2990/2175 2119/2991/2175 2120/2992/2175
f 1931/2678/2030 1963/2728/2054 1740/2379/1851
f 1931/2993/2030 846/1133/936 2119/2969/2167
f 2121/2994/1888 1527/2082/1645 2122/2995/2176
f 2121/2994/1888 98/137/111 97/136/110
f 2121/2994/1888 2122/2995/2176 98/137/111
f 2121/2994/1888 2072/2914/1855 1527/2082/1645
f 645/858/717 643/856/715 2123/2996/2177
f 645/858/717 2123/2996/2177 100/141/115
f 345/468/393 347/470/395 516/703/582
f 329/448/373 654/872/730 2101/2961/2160
f 329/448/373 2101/2961/2160 330/449/374
f 1678/2290/1792 132/178/146 131/177/145
f 497/677/562 499/679/564 1685/2997/1800
f 497/677/562 1687/2304/1801 1201/1631/1330
f 497/677/562 1201/1631/1330 498/678/563
f 1688/2306/169 1299/1754/1427 1298/1752/1425
f 1051/1422/1168 1729/2363/61 49/2660/58
f 163/229/186 1559/653/536 476/652/539
f 1698/2998/1811 2081/2930/2146 1699/1322/1086
f 1698/2998/1811 1940/2692/2037 2081/2930/2146
f 2124/2999/2178 1011/1362/1122 1701/3000/1813
f 2124/3001/2178 773/1022/856 1315/1775/1442
f 2124/3001/2178 1701/2323/1813 773/1022/856
f 2124/2999/2178 1315/3002/1442 1011/1362/1122
f 1013/1364/1124 183/257/208 1015/1367/1127
f 1013/1364/1124 1702/2325/1815 183/257/208
f 1703/2326/1816 1016/1368/1128 995/1343/1105
f 1703/2326/1816 995/1343/1105 994/1342/1104
f 643/856/715 1886/2604/1984 2123/2996/2177
f 643/856/715 1117/1509/1235 1886/2604/1984
f 649/2811/722 1469/1995/1591 1322/1788/1444
f 1812/2495/1746 360/489/410 359/487/408
f 1471/1998/1593 365/559/416 408/558/461
f 1471/1998/1593 1590/2861/1157 133/180/148
f 1918/2655/2016 916/1233/1014 915/1232/1013
f 1918/2655/2016 1919/2657/2017 916/1233/1014
f 1918/2655/2016 915/1232/1013 1475/2002/1596
f 1995/2778/2082 1778/2444/1752 2077/2919/2142
f 1995/2778/2082 1479/2006/1599 1478/2005/1598
f 1995/2778/2082 1997/2780/2083 1778/2444/1752
f 1383/1873/1501 857/1153/948 2094/2237/1755
f 1383/1868/1501 924/1239/1020 1921/2659/2019
f 1383/1868/1501 2095/2950/2155 2182/1869/1502
f 1383/1868/1501 1921/2659/2019 2095/2950/2155
f 1228/1667/1355 1230/1669/1354 1490/2021/1609
f 1152/1559/1277 433/592/489 1495/2026/1614
f 1152/1559/1277 1495/2026/1614 1153/1560/1278
f 2125/3003/1369 2186/3004/2179 2126/3005/1616
f 2125/1683/1369 1243/1687/1371 2186/3006/2179
f 712/946/791 714/948/793 309/422/353
f 2061/2891/2135 349/472/397 348/471/396
f 2061/2891/2135 2063/2894/2137 2190/3007/2180
f 2061/2891/2135 348/471/396 2062/2892/2136
f 2061/2891/2135 2190/3007/2180 349/472/397
f 1501/2037/1622 330/449/374 2101/2961/2160
f 1501/2037/1622 2101/2961/2160 737/977/819
f 1501/2037/1622 736/976/818 1502/2038/1623
f 1501/2037/1622 737/977/819 736/976/818
f 2009/2799/2093 1188/1614/1318 2127/3008/2181
f 2009/2799/2093 1897/2798/1997 1188/1614/1318
f 1431/1939/1550 24/32/26 2205/1720/1400
f 1431/1939/1550 2205/1720/1400 571/775/637
f 1102/1493/1220 1104/1496/1222 1198/1627/1327
f 1102/1493/1220 2109/2973/2170 1870/2575/1969
f 1102/1493/1220 1870/2575/1969 1103/1494/1221
f 395/535/448 394/534/447 498/678/563
f 401/2795/455 595/804/666 592/801/663
f 401/2795/455 592/801/663 402/3009/456
f 1648/2248/1764 1060/1434/1175 2104/2965/2164
f 1648/2248/1764 2104/2965/2164 1649/2249/1765
f 1648/2248/1764 1647/2247/1763 209/295/240
f 1648/2248/1764 209/295/240 1060/1434/1175
f 2070/2911/2140 1451/1968/1573 1981/2754/2071
f 2070/2911/2140 1981/2754/2071 217/309/251
f 1862/2556/1963 1840/2527/1943 2128/3010/2182
f 1862/2556/1963 1736/3011/1846 77/3012/89
f 1862/2556/1963 77/3012/89 74/2557/86
f 1862/2556/1963 2128/3010/2182 1736/3011/1846
f 796/1053/882 795/1052/881 2163/3013/2183
f 796/1053/882 2163/3013/2183 1351/1828/1474
f 1399/1891/1519 851/1139/941 2129/3014/2184
f 1399/1891/1519 1430/1938/1549 851/1139/941
f 1399/1891/1519 1398/1890/1518 1430/1938/1549
f 999/1347/1109 465/633/527 469/637/529
f 999/1347/1109 469/637/529 557/2583/623
f 204/288/235 1555/2119/1672 1375/1856/1495
f 1002/1351/1112 676/897/753 675/896/752
f 1002/1351/1112 1004/1353/1114 676/897/753
f 1002/1351/1112 143/197/161 146/200/162
f 1002/1351/1112 2130/3015/2185 143/197/161
f 1002/1351/1112 675/896/752 2130/3015/2185
f 483/660/545 1007/1356/1117 485/662/547
f 176/248/201 177/250/202 1879/2592/1978
f 176/248/201 1880/2593/1979 1562/2129/1678
f 1276/1725/1405 1514/2060/1633 1565/2135/1682
f 1276/1725/1405 895/1207/993 1514/2060/1633
f 1276/1725/1405 1565/2135/1682 1277/1726/1406
f 1276/1725/1405 896/1208/994 895/1207/993
f 1566/2138/1685 1502/2038/1623 1167/1582/1292
f 1566/2138/1685 1167/1582/1292 188/1583/214
f 1566/2138/1685 1503/2039/1624 1502/2038/1623
f 1576/2149/379 1705/2331/1817 2131/3016/2186
f 1576/2149/379 2131/3016/2186 1577/2150/1692
f 1576/2149/379 1575/2148/1691 333/2462/381
f 2089/2942/2150 217/309/251 1981/2754/2071
f 2089/2942/2150 1981/2754/2071 1025/1383/1140
f 439/599/496 1763/2420/1877 1914/2651/2013
f 439/599/496 110/152/123 1763/2420/1877
f 2133/2093/1651 2132/3017/2187 1536/2094/1655
f 2133/3018/1651 1034/1396/1150 2134/1391/1147
f 2133/2093/1651 2134/3019/1147 2132/3017/2187
f 2133/2088/1651 1630/2223/1742 1034/1395/1150
f 766/1014/848 1859/2550/1961 767/1015/849
f 766/1014/848 1583/2157/1698 1859/2550/1961
f 2020/2818/2102 1589/2165/1704 1588/2164/1703
f 2020/2818/2102 2021/2819/2103 1589/2165/1704
f 227/319/258 228/320/259 1045/1415/1161
f 227/319/258 1045/1415/1161 1592/2170/1706
f 917/1234/1015 2135/3020/2188 674/895/751
f 1612/2199/1724 2153/3021/2189 2198/2200/1725
f 1612/2199/1724 1600/2186/1715 2153/3021/2189
f 2067/2905/440 2069/2907/1759 2136/3022/441
f 2067/2905/440 289/394/330 2068/2906/2139
f 1055/1428/1172 991/1431/1101 2050/2870/2127
f 1055/1428/1172 2006/2793/2091 1834/2520/1940
f 1055/1428/1172 1834/2520/1940 1056/1429/1173
f 1055/1428/1172 2050/2870/2127 2006/2793/2091
f 1731/2368/1841 2104/2965/2164 1449/1960/1570
f 1731/2368/1841 1449/1960/1570 1732/2369/1842
f 1731/2368/1841 1733/2370/1843 1750/2397/1863
f 65/2882/78 1376/1857/1045 1374/1855/1494
f 1511/887/743 2018/2815/2100 2137/2937/2148
f 1511/2056/743 2137/3023/2148 1066/1440/1181
f 1521/2075/1639 1909/2643/2009 568/771/634
f 1521/2075/1639 568/771/634 1522/2076/1640
f 1527/2082/1645 1912/2648/2011 1236/1676/1362
f 1527/2082/1645 1528/2083/1646 2122/2995/2176
f 4/4/4 6/6/6 1661/2265/1777
f 2138/3024/1819 692/918/770 689/910/766
f 2138/3024/1819 865/1162/956 1707/3025/1820
f 2138/3024/1819 689/910/766 865/1162/956
f 2107/2970/2168 1536/2094/1655 2132/3017/2187
f 2107/2970/2168 2132/3017/2187 703/931/781
f 2107/2970/2168 702/930/780 1664/2270/1781
f 2107/2970/2168 703/931/781 702/930/780
f 1961/2725/1066 1540/2103/1661 1962/2726/2053
f 1023/1381/1138 28/37/31 31/40/34
f 1023/1381/1138 1098/1486/1215 1024/1382/1139
f 1023/1381/1138 31/40/34 1098/1486/1215
f 2042/2854/2123 605/2576/677 2139/3026/2190
f 2042/2854/2123 2140/3027/2191 1877/2855/1975
f 2042/2854/2123 1871/2577/1970 605/2576/677
f 2042/2854/2123 2139/3026/2190 2140/3027/2191
f 1872/2580/1971 276/378/317 275/377/316
f 1872/2580/1971 1109/1501/1227 276/378/317
f 1288/1741/1418 860/1157/951 2170/3028/2192
f 1288/1741/1418 1290/1743/1420 860/1157/951
f 1288/1741/1418 2170/3028/2192 1289/1742/1419
f 1994/2988/2081 693/916/771 1233/1672/1358
f 1994/2988/2081 1291/1744/1421 693/916/771
f 1714/2485/1825 1803/2484/1913 13/18/15
f 2141/1753/1426 1299/1754/1427 1837/2524/1564
f 2141/3029/1426 1443/1952/1563 1836/2866/165
f 2141/3029/1426 1837/1953/1564 1443/1952/1563
f 715/949/794 2142/3030/2193 1026/1384/1141
f 715/949/794 878/1181/972 2142/3030/2193
f 2030/2833/2112 718/953/797 883/1186/977
f 2030/2833/2112 883/1186/977 2143/3031/2194
f 885/1191/982 1364/2838/1486 886/1192/54
f 2144/3032/2195 2027/2829/2109 853/1142/943
f 2144/3032/2195 2060/2889/2134 2059/2888/2133
f 2144/3032/2195 853/1142/943 852/1141/942
f 2144/3032/2195 2059/2888/2133 2028/2830/2110
f 2144/3032/2195 852/1141/942 2060/2889/2134
f 2144/3032/2195 2028/2830/2110 2027/2829/2109
f 2145/3033/2196 343/466/391 1272/1721/1401
f 2145/3033/2196 2146/3034/813 1321/1787/1447
f 2145/3033/2196 1272/1721/1401 2146/3034/813
f 2145/3033/2196 1321/1787/1447 2062/2892/2136
f 2145/3033/2196 2062/2892/2136 348/471/396
f 2145/3033/2196 348/471/396 343/466/391
f 352/477/401 2055/2881/2130 353/478/402
f 352/477/401 63/85/73 2055/2881/2130
f 352/477/401 355/481/400 831/1114/923
f 1327/1796/409 2147/3035/406 1328/1797/1454
f 1986/2764/2075 1737/2376/1848 1142/1544/1267
f 1986/2764/2075 1827/2511/1933 2174/1571/1286
f 2148/2406/1870 2149/3036/2197 814/1079/901
f 2148/3037/1870 747/891/747 671/892/748
f 2148/3037/1870 671/892/748 816/1082/902
f 2148/3038/1870 816/1086/902 2149/3039/2197
f 546/741/612 545/740/611 1896/2620/1996
f 546/741/612 1896/2620/1996 1895/2619/1995
f 546/741/612 1895/2619/1995 1339/1810/1464
f 550/3040/616 923/1242/1022 755/2408/835
f 550/3040/616 549/2939/615 925/1243/1023
f 550/3040/616 925/1243/1023 923/1242/1022
f 1240/1681/1367 102/143/116 104/145/117
f 1240/1681/1367 104/145/117 195/271/222
f 1240/1681/1367 1673/2282/1789 1241/1682/1368
f 1240/1681/1367 195/271/222 1673/2282/1789
f 1242/1685/1370 169/3041/192 1243/1686/1371
f 1242/1685/1370 1507/2048/193 169/3041/192
f 2150/3042/2198 2187/3043/2199 2151/3044/2200
f 2150/3042/2198 2151/3044/2200 2185/647/537
f 2150/3042/2198 2188/3045/2201 2187/3043/2199
f 2150/3042/2198 2185/647/537 2188/3045/2201
f 1481/2011/1603 1309/1767/1435 1487/2012/1604
f 1481/2011/1603 1486/2017/1606 1427/1935/1546
f 1839/2526/1942 623/836/695 1077/1457/1193
f 1839/2526/1942 1841/2528/1944 1929/2674/2028
f 1839/2526/1942 1929/2674/2028 623/836/695
f 1681/2295/1795 2178/3046/2202 2152/3047/2203
f 1681/2295/1795 1395/1887/1515 2178/3046/2202
f 236/328/267 958/3048/1061 1793/2468/1060
f 236/328/267 238/330/269 958/3048/1061
f 1795/2472/1906 637/850/709 639/852/711
f 1795/2472/1906 639/852/711 1263/1709/1392
f 1795/2472/1906 1263/1709/1392 1092/1478/1209
f 839/1124/931 2048/2868/1847 2128/3010/2182
f 839/1124/931 844/1131/933 2048/2868/1847
f 839/1124/931 2128/3010/2182 1849/2536/1952
f 83/120/96 894/2926/992 563/764/629
f 83/120/96 2194/116/95 894/2926/992
f 1191/1619/1321 1847/2534/1950 1898/2624/1998
f 1191/1619/1321 1190/1617/1320 1847/2534/1950
f 990/1337/1099 1277/1726/1406 1670/1338/1100
f 2041/2851/2122 817/1733/904 1282/1732/1411
f 2041/2851/2122 1282/1732/1411 1973/2744/2062
f 2041/2851/2122 1059/2853/905 817/1733/904
f 1855/2544/1958 997/1345/1107 998/1346/1108
f 1855/2544/1958 998/1346/1108 1284/1737/1414
f 1346/1820/1470 967/1306/1074 198/277/227
f 1998/2782/1506 1165/1579/1290 1164/1578/1289
f 519/706/584 1570/2143/1687 520/707/585
f 1393/1885/1513 530/720/595 2102/2962/2161
f 1393/1885/1513 2102/2962/2161 2115/2980/2174
f 228/320/259 231/323/262 1045/1415/1161
f 1397/2195/1517 146/200/162 145/199/160
f 2002/2788/2087 1978/2750/2067 2153/3049/2189
f 2002/2788/2087 2153/3049/2189 2003/2789/2088
f 2002/2788/2087 1613/2203/1726 1611/2198/1723
f 2002/2788/2087 1611/2198/1723 1978/2750/2067
f 1928/2673/2027 1128/1522/1246 843/1130/934
f 1928/2673/2027 1929/2674/2028 1128/1522/1246
f 1928/2673/2027 843/1130/934 842/1129/279
f 371/503/422 1338/1808/1462 372/504/423
f 696/3050/774 1534/2318/1653 1944/2698/2040
f 696/3050/774 1944/2698/2040 610/817/679
f 1413/1914/1533 2049/2869/2126 2154/3051/2105
f 487/665/550 871/1173/966 1805/2487/1914
f 487/665/550 872/1174/967 871/1173/966
f 487/665/550 1417/1923/1537 872/1174/967
f 1628/2221/1740 1763/2420/1877 1421/1927/1541
f 1628/2221/1740 1627/2220/1739 1914/2651/2013
f 1628/2221/1740 1421/1927/1541 1982/2755/2072
f 1628/2221/1740 1914/2651/2013 1763/2420/1877
f 1436/2615/1555 959/1292/1062 2110/3052/2171
f 1916/2653/2015 1814/2497/1921 1122/1514/1240
f 1916/2653/2015 1123/1516/1241 1814/2497/1921
f 1976/2748/2065 428/587/483 1707/3025/1820
f 1976/2748/2065 1707/3025/1820 865/1162/956
f 1976/2748/2065 429/588/485 428/587/483
f 1976/2748/2065 1608/2194/1721 429/588/485
f 1523/2077/1641 2155/3053/2204 1525/2078/1642
f 1523/2077/1641 2037/2842/2118 2155/3053/2204
f 2098/2953/2158 1090/1475/1207 1851/2539/1954
f 2098/2953/2158 1851/2539/1954 1964/2730/2055
f 2098/2953/2158 1964/2730/2055 1580/2153/1695
f 1891/2849/1991 2039/2844/2120 2105/2966/2165
f 1891/2849/1991 2105/2966/2165 1892/3054/1992
f 2149/3039/2197 816/1086/902 451/1085/509
f 2149/3039/2197 451/1085/509 2181/3055/2205
f 2149/3039/2197 2181/3055/2205 814/3056/901
f 1360/1839/1482 454/616/513 1923/2666/2022
f 1360/1839/1482 1923/2666/2022 1361/1840/1483
f 1363/1842/1485 2156/3057/1295 462/626/522
f 1363/1842/1485 1365/1844/1487 2156/3057/1295
f 775/1025/859 2016/2809/2099 1057/1430/1097
f 775/1025/859 1469/1994/1591 2016/2809/2099
f 407/555/462 364/556/415 1661/2265/1777
f 407/555/462 6/6/6 3/3/3
f 407/555/462 1661/2265/1777 6/6/6
f 1710/2266/1778 750/994/830 1709/2337/1821
f 1710/2266/1778 1662/2268/1779 750/994/830
f 2158/3058/1679 2157/3059/2206 2113/2977/2172
f 2158/2130/1679 2113/2978/2172 1563/2131/1680
f 2158/3060/1679 1562/3061/1678 2157/3062/2206
f 1953/964/808 2159/3063/2048 2199/965/809
f 1820/2503/1927 2045/2353/1833 1722/2354/1834
f 1820/2503/1927 1722/2354/1834 1821/2504/1928
f 1311/1769/1437 788/1043/872 787/1042/871
f 1040/1406/1156 1042/1411/147 132/2291/146
f 499/679/564 958/1291/1061 2166/3064/2207
f 499/3065/564 2166/3066/2207 1685/2301/1800
f 282/2865/323 1048/1419/1165 1598/2183/1713
f 282/2865/323 1442/1951/1562 1048/1419/1165
f 1337/3067/1461 1877/2855/1975 2140/3027/2191
f 1337/3067/1461 2140/3027/2191 157/3068/176
f 1337/1806/1461 1338/1808/1462 159/220/179
f 1153/1560/1278 1496/2027/1615 165/233/188
f 169/3041/192 2160/3069/1617 1243/1686/1371
f 1011/1362/1122 1315/3002/1442 888/1196/986
f 1011/1362/1122 890/1361/988 1701/3000/1813
f 183/257/208 1702/2325/1815 184/258/209
f 183/257/208 182/256/207 1615/2205/1727
f 183/257/208 1615/2205/1727 1015/1367/1127
f 1705/2331/1817 2161/3070/1133 2131/3016/2186
f 1705/2328/1817 1021/2872/1136 2161/3071/1133
f 1078/1458/1194 950/1282/1048 1079/1459/280
f 1716/2345/1827 1258/1702/1386 1259/1703/1387
f 2000/2784/2085 1543/2107/1663 1340/1815/1465
f 2000/2784/2085 1340/1815/1465 1895/2785/1995
f 1728/2362/1839 943/1634/1042 2054/2880/2051
f 1728/2362/1839 2054/2880/2051 46/63/55
f 1728/2362/1839 1553/2117/1670 1113/1505/1231
f 1728/2362/1839 44/59/52 1553/2117/1670
f 1728/2362/1839 1113/1505/1231 1249/1693/1377
f 1728/2362/1839 46/63/55 44/59/52
f 1859/2550/1961 1860/2553/995 767/1015/849
f 1060/1434/1175 1449/1960/1570 2104/2965/2164
f 1060/1434/1175 1062/1436/1177 1448/1959/1569
f 1451/1968/1573 1450/1967/1572 2215/2753/2070
f 75/105/87 77/107/89 1736/3072/1846
f 795/3073/881 2162/3074/2208 2163/3075/2183
f 795/3073/881 846/2680/936 2162/3074/2208
f 851/1139/941 854/1144/944 2129/3014/2184
f 1991/2772/2078 1605/2774/1718 2057/3076/2132
f 1991/2772/2078 2057/3076/2132 287/391/329
f 1991/2772/2078 2164/3077/2209 1992/2773/2079
f 1991/2772/2078 287/391/329 2164/3077/2209
f 1606/2192/1719 863/1160/954 1292/1746/1422
f 1606/2192/1719 1292/1746/1422 1555/2119/1672
f 2165/3078/1774 1657/2259/1773 1938/2688/2036
f 2165/2260/1774 2166/3079/2207 238/330/269
f 2165/2260/1774 238/330/269 237/329/268
f 2165/3078/1774 1938/2688/2036 2166/3066/2207
f 2092/2945/1520 836/1120/927 1400/2887/1521
f 1922/2664/2021 1512/2057/1630 1226/1661/1352
f 1922/2664/2021 1226/1661/1352 1563/2131/1680
f 2114/2979/2173 2035/2840/2116 970/1310/1077
f 2114/2979/2173 2051/2871/2128 2035/2840/2116
f 2114/2979/2173 182/256/207 2051/2871/2128
f 2114/2979/2173 1615/2205/1727 182/256/207
f 1389/1880/1509 588/797/659 187/261/212
f 1389/1880/1509 1620/2212/1732 1621/2213/1733
f 1389/1880/1509 187/261/212 1620/2212/1732
f 1389/1880/1509 1621/2213/1733 1390/1881/1510
f 2156/3057/1295 1622/3080/1413 462/626/522
f 2156/3057/1295 1365/1844/1487 2167/3081/1297
f 339/462/387 340/463/388 1417/1922/1537
f 339/462/387 1417/1922/1537 1416/1921/1536
f 1422/1928/1542 2029/2832/2111 2063/2893/2137
f 1422/1928/1542 778/1031/863 781/1035/864
f 1422/1928/1542 2063/2893/2137 778/1031/863
f 831/1114/923 355/481/400 703/2095/781
f 1633/2229/1747 1124/1517/1242 2168/3082/2210
f 1633/2229/1747 2168/3082/2210 359/487/408
f 1128/1522/1246 910/1225/1008 843/1130/934
f 1128/1522/1246 1841/2528/1944 1129/1523/1247
f 1128/1522/1246 1929/2674/2028 1841/2528/1944
f 2069/2242/1759 1643/2241/1758 2213/2517/1937
f 2069/2907/1759 2213/3083/1937 2136/3022/441
f 2049/2869/2126 991/1431/1101 1213/3084/1341
f 2049/3085/2126 1213/1647/1341 2154/2823/2105
f 2049/2869/2126 2050/2870/2127 991/1431/1101
f 739/980/820 333/2462/381 1575/2148/1691
f 746/3086/828 748/3087/826 2169/3088/2211
f 746/3086/828 2169/3088/2211 2071/3089/2141
f 1458/1978/1580 569/773/635 568/771/634
f 1458/1978/1580 568/771/634 1909/2643/2009
f 1458/1983/1580 1461/1982/1583 569/772/635
f 1912/2648/2011 438/597/494 1236/1676/1362
f 1912/2648/2011 1463/1986/1585 438/597/494
f 1176/1595/1304 1863/2559/1964 1177/1596/1305
f 1176/1595/1304 1530/2085/1648 1863/2559/1964
f 1178/1600/1309 1711/2339/1822 1428/1936/1547
f 1187/1613/1317 2073/2915/1186 566/769/633
f 1187/1612/1317 1072/1448/1188 2073/1445/1186
f 1369/1848/1491 442/602/499 444/604/501
f 1369/1848/1491 444/604/501 1354/1831/1477
f 1369/1848/1491 1368/1847/1490 442/602/499
f 57/79/69 2082/3090/1814 2083/372/311
f 57/79/69 53/81/65 2082/3090/1814
f 2014/2806/2097 463/629/523 457/621/518
f 1941/2694/2038 1289/2695/1419 2170/3091/2192
f 1941/2694/2038 2170/3091/2192 1401/1896/1524
f 1483/2014/1602 484/661/546 1484/2015/1264
f 1468/1992/1589 1313/1773/1441 1312/1772/1440
f 1468/2322/1589 1946/668/553 771/1019/853
f 1370/1850/1326 2083/2932/311 1371/1851/1492
f 1808/2491/1918 959/1292/1062 501/681/566
f 1808/2491/1918 2110/3052/2171 959/1292/1062
f 1808/2491/1918 1810/2493/867 2110/3052/2171
f 1808/2491/1918 501/681/566 500/680/565
f 1816/2499/1923 177/250/202 1817/2500/1924
f 1816/2499/1923 1879/2592/1978 177/250/202
f 347/470/395 349/472/397 1497/2030/1618
f 1032/1393/1148 1325/1793/1452 1033/1394/1149
f 904/1219/1002 531/724/596 526/723/592
f 534/728/599 740/982/821 1691/2309/1804
f 534/728/599 1691/2309/1804 2171/3092/2212
f 1829/2513/1935 2207/3093/2213 748/987/826
f 545/740/611 753/997/833 1896/2620/1996
f 552/748/618 1400/2887/1521 304/416/347
f 552/750/618 307/419/350 1400/1893/1521
f 552/750/618 1343/1816/1467 307/419/350
f 552/750/618 551/747/617 1343/1816/1467
f 2004/2790/2089 1786/2458/1899 1207/1638/1333
f 2004/2791/2089 1239/1680/1366 1952/2714/2047
f 2004/2790/2089 1952/3094/2047 2090/2943/2151
f 827/1108/918 2076/2918/558 1926/2669/2025
f 2172/3095/2214 1066/1440/1181 2137/3023/2148
f 1843/2530/1946 436/595/492 955/1287/1057
f 1843/2530/1946 955/1287/1057 229/321/260
f 2173/3096/2215 1266/1712/1395 425/583/481
f 108/150/121 2011/2801/893 2045/2859/1833
f 108/150/121 2045/2859/1833 111/153/124
f 1162/35/29 2174/3097/1286 1969/2735/2060
f 1162/35/29 1969/2735/2060 27/36/30
f 450/611/508 1724/3098/1836 1358/1836/1480
f 450/611/508 449/610/507 1724/3098/1836
f 1280/1730/1409 817/1088/904 820/1096/907
f 1280/1730/1409 820/1096/907 1854/2543/1957
f 997/1345/1107 726/961/805 725/960/804
f 729/966/810 927/1248/1026 1206/1640/1335
f 729/966/810 1206/1640/1335 1386/1876/1505
f 729/966/810 2199/965/809 927/1248/1026
f 729/966/810 1386/1876/1505 1385/1875/1504
f 1752/3099/1865 2175/3100/1135 2131/3016/2186
f 1752/3099/1865 2131/3016/2186 2161/3070/1133
f 2176/3101/153 2178/3046/2202 1394/1886/1514
f 2176/186/153 2177/3102/1253 137/187/154
f 2176/3101/153 1394/1886/1514 2177/1529/1253
f 2176/186/153 139/190/155 2178/3103/2202
f 674/895/751 2135/3020/2188 675/896/752
f 1640/2238/1756 2095/2950/2155 1921/2659/2019
f 1640/2238/1756 1921/2659/2019 1920/2658/2018
f 1635/3104/1749 1490/2021/1609 1636/3105/1750
f 1635/3104/1749 628/2856/700 1455/1973/1577
f 1635/3104/1749 1455/1973/1577 1490/2021/1609
f 1635/3104/1749 1591/3106/1705 628/2856/700
f 1534/2318/1653 1410/1910/1531 1944/2698/2040
f 705/935/783 207/292/237 707/285/233
f 705/935/783 709/2826/787 2024/2825/2106
f 705/935/783 1212/1646/1340 207/292/237
f 705/935/783 2024/2825/2106 1212/1646/1340
f 871/1173/966 1302/1758/1429 1805/2487/1914
f 1874/2582/1973 2079/2923/2144 2032/2837/2113
f 1874/2582/1973 1552/2116/1669 2079/2923/2144
f 1874/2582/1973 2032/2837/2113 1950/2709/2046
f 555/753/621 198/277/227 967/1306/1074
f 555/2908/621 199/278/228 556/2584/622
f 2035/2840/2116 971/1312/1079 970/1310/1077
f 2155/3053/2204 1772/2430/1885 1770/2428/1883
f 2155/3053/2204 2037/2842/2118 1772/2430/1885
f 2155/3053/2204 1770/2428/1883 2080/2929/2145
f 2155/3053/2204 2080/2929/2145 1525/2078/1642
f 979/1323/1087 1699/1322/1086 2081/2930/2146
f 583/790/652 585/792/654 1899/2628/2000
f 583/790/652 1564/2133/1681 584/791/653
f 655/873/731 656/875/728 1510/2052/1629
f 594/803/665 402/545/456 1902/2632/2002
f 594/803/665 1902/2632/2002 1781/2451/1896
f 2179/3107/674 1877/2589/1975 1876/2587/1974
f 2179/3107/674 1876/2587/1974 2180/3108/2216
f 2179/3107/674 2180/3108/2216 2139/3026/2190
f 2179/3107/674 2139/3026/2190 605/2576/677
f 1217/1651/1037 608/819/681 762/1010/844
f 942/1268/1041 2054/2721/2051 943/1269/1042
f 949/1280/1052 620/833/692 1958/1861/1498
f 249/346/285 2112/1463/1198 2203/347/286
f 312/2470/354 1791/2466/1904 1893/2617/1993
f 312/424/354 1893/3109/1993 310/425/355
f 1797/2474/1907 2209/3110/2217 637/850/709
f 1797/2474/1907 1962/3111/2053 2209/3110/2217
f 1797/3112/1907 1798/2727/1908 1962/2726/2053
f 2084/2933/991 1037/1401/1152 562/1400/628
f 1353/1830/1476 690/913/768 298/410/341
f 2011/1064/893 1659/2803/1776 806/1065/894
f 1724/2358/1836 451/1085/509 1725/2359/505
f 1724/2358/1836 2181/3055/2205 451/1085/509
f 1724/3098/1836 449/610/507 2181/3113/2205
f 454/616/513 1362/1841/1484 455/617/514
f 991/1339/1101 992/1340/1102 1213/3114/1341
f 353/479/402 62/89/75 354/480/403
f 2162/3074/2208 250/348/287 2163/3075/2183
f 2162/3074/2208 847/1134/937 250/348/287
f 2162/3074/2208 846/2680/936 1932/2679/2031
f 2162/3074/2208 1932/2679/2031 847/1134/937
f 2157/3059/2206 2052/17/14 15/20/17
f 2157/3062/2206 1562/3061/1678 1256/1700/1384
f 2157/3062/2206 1256/1700/1384 2052/2876/14
f 2157/3059/2206 15/20/17 2113/2977/2172
f 1384/3115/140 2182/3116/1502 2085/1150/947
f 927/1254/1026 2183/860/719 646/859/718
f 927/1248/1026 2199/965/809 2183/3117/719
f 1318/1782/1445 1321/1784/1447 731/968/812
f 521/708/586 1999/2783/2084 733/973/816
f 521/708/586 522/709/587 1999/2783/2084
f 2115/2980/2174 1935/2685/2033 2184/3118/2218
f 2115/2980/2174 2184/3118/2218 219/311/249
f 2115/2980/2174 2102/2962/2161 1936/2686/2034
f 2115/2980/2174 1936/2686/2034 1935/2685/2033
f 2178/3046/2202 1395/1887/1515 1394/1886/1514
f 2178/3103/2202 139/190/155 2152/3119/2203
f 1559/2126/536 1558/2124/1675 2185/3120/537
f 1734/2371/1844 490/669/554 1945/2701/2041
f 2076/2918/558 495/2704/560 1926/2669/2025
f 1425/1933/1544 386/521/437 1114/1506/1232
f 936/1260/1034 1157/2662/1282 2186/3121/2179
f 936/1260/1034 2186/3121/2179 1954/2715/2049
f 2187/3122/2199 473/644/535 2100/2957/2159
f 2187/3122/2199 2188/3123/2201 1558/2124/1675
f 2187/3122/2199 1558/2124/1675 473/644/535
f 2187/3043/2199 2100/2956/2159 2151/3044/2200
f 623/836/695 622/835/694 1077/1457/1193
f 623/836/695 1929/2674/2028 624/837/696
f 229/321/260 226/318/257 1380/1863/1499
f 229/321/260 955/1287/1057 230/322/261
f 958/3048/1061 238/330/269 2166/3079/2207
f 637/850/709 2209/3110/2217 638/851/710
f 2048/2375/1847 1736/2374/1846 2128/3124/2182
f 1864/2561/1965 1088/1472/1203 1086/1469/1202
f 1864/2561/1965 1154/1562/1279 253/2562/290
f 579/784/646 580/785/647 1777/2441/1891
f 579/784/646 1777/2441/1891 1274/1723/1403
f 1284/1737/1414 1285/1738/1415 1913/2650/2012
f 2088/2940/2149 862/1159/953 861/1158/952
f 2088/2940/2149 861/1158/952 683/904/760
f 690/913/768 692/915/770 11/15/12
f 690/913/768 11/15/12 298/410/341
f 2026/2828/2108 854/1143/944 853/1142/943
f 2026/2828/2108 2189/3125/2219 854/1143/944
f 2029/2831/2111 1497/2034/1618 2190/3126/2180
f 2029/2832/2111 2190/3127/2180 2063/2893/2137
f 1675/2285/981 1223/1658/1349 1935/2685/2033
f 2016/2812/2099 768/1016/850 1057/2366/1097
f 1334/1803/1460 155/214/173 2191/3128/2220
f 1696/2315/1809 2218/3129/2163 1759/2411/1873
f 267/2770/305 678/899/755 2192/3130/2221
f 923/1242/1022 1757/2409/1871 755/2408/835
f 1506/2047/439 1505/2044/1627 2057/3076/2132
f 821/1099/909 823/1102/912 1781/2451/1896
f 1652/2252/1768 2193/3131/2222 223/315/254
f 1456/1976/1578 1519/2069/1637 84/3132/97
f 1456/1974/1578 84/118/97 79/110/92
f 91/129/102 1773/2431/1886 92/130/105
f 98/137/111 1528/2083/1646 1529/2084/1647
f 98/137/111 2122/2995/2176 1528/2083/1646
f 1968/2734/2059 27/36/30 1969/2735/2060
f 1968/2734/2059 1542/2106/1662 27/36/30
f 1210/1644/1338 1669/2278/1787 1899/2628/2000
f 1210/1644/1338 1899/2628/2000 1211/1645/1339
f 2079/2924/2144 2015/2807/2098 2032/3133/2113
f 1875/2586/180 157/3068/176 1876/2587/1974
f 1007/1356/1117 829/1110/920 2007/2794/2092
f 1007/1356/1117 2007/2794/2092 485/662/547
f 1514/2060/1633 895/1207/993 2194/3134/95
f 2175/3100/1135 1577/2150/1692 2131/3016/2186
f 2175/3100/1135 1021/2872/1136 1577/2150/1692
f 1025/1383/1140 1981/2754/2071 713/947/792
f 2142/3030/2193 112/154/125 1026/1384/1141
f 2142/3030/2193 878/1181/972 112/154/125
f 2132/3017/2187 2134/3019/1147 1631/3135/1743
f 2132/3017/2187 1631/3135/1743 703/931/781
f 1048/1419/1165 1442/1951/1562 279/381/320
f 1765/2423/1879 2117/2987/878 1766/2424/876
f 1848/2535/1951 574/778/640 1743/2386/1856
f 1848/2535/1951 21/26/23 574/778/640
f 494/674/559 493/672/557 1807/2489/1916
f 494/674/559 1807/2489/1916 495/675/560
f 1440/1948/1559 1200/1629/1329 1201/1631/1330
f 2195/3136/2223 423/581/479 1252/1696/1380
f 2129/3014/2184 854/1144/944 2189/3137/2219
f 636/849/708 1262/1708/1391 639/852/711
f 1886/2604/1984 100/141/115 2123/2996/2177
f 1119/1511/1237 121/163/134 115/157/128
f 359/487/408 2168/3082/2210 1813/2496/1920
f 1140/1540/1263 1137/1537/1260 708/940/786
f 1607/2193/1720 1229/1668/650 1491/2022/1610
f 1844/2531/1947 801/1059/888 800/1058/887
f 1157/1565/1282 2126/3005/1616 2186/3004/2179
f 1157/1565/1282 1156/1564/1281 2126/3005/1616
f 1948/2706/2043 1423/1931/1543 2196/3138/2224
f 1171/1589/1298 2197/3139/2225 2015/2807/2098
f 1171/1589/1298 2167/1588/1297 2197/3139/2225
f 1377/1858/1496 1375/1856/1495 1555/2119/1672
f 1377/1858/1496 70/98/82 1378/1859/1497
f 1978/2750/2067 1977/2749/2066 2198/3140/1725
f 1978/2750/2067 2198/3140/1725 2153/3049/2189
f 216/306/248 215/305/247 1097/1485/1214
f 216/306/248 1097/1485/1214 219/307/249
f 503/683/568 126/169/139 504/684/569
f 659/878/734 1328/1797/1454 2086/2935/1131
f 1142/1544/1267 1737/2376/1848 1145/1548/1270
f 814/1081/901 2181/3113/2205 449/610/507
f 2192/3130/2221 678/899/755 677/898/754
f 1954/2715/2049 2160/3141/1617 1156/1564/1281
f 1954/2715/2049 2186/3121/2179 1243/3142/1371
f 1954/3143/2049 1243/1686/1371 2160/3069/1617
f 2151/3044/2200 477/654/540 2185/647/537
f 2151/3044/2200 2100/2956/2159 477/654/540
f 7/7/7 5/5/5 946/1276/1049
f 7/7/7 946/1276/1049 409/561/463
f 954/1286/1056 230/322/261 955/1287/1057
f 954/1286/1056 231/323/262 230/322/261
f 2052/2876/14 1256/1700/1384 1258/1702/1386
f 1282/1732/1411 1956/1093/515 1973/2744/2062
f 1282/1732/1411 819/1094/906 1956/1093/515
f 2159/2712/2048 2183/860/719 2199/3144/809
f 1821/2504/1928 1722/2354/1834 1539/2102/1660
f 298/410/341 11/15/12 9/14/10
f 610/817/679 1944/2698/2040 607/818/680
f 2110/2974/2171 1810/3145/867 2111/2975/2095
f 1813/2496/1920 2168/3082/2210 1814/2497/1921
f 247/344/283 1351/1828/1474 2112/2976/1198
f 1398/1890/1518 145/196/160 142/195/159
f 576/1075/643 2077/2919/2142 580/3146/647
f 671/892/748 672/893/749 815/1083/903
f 671/892/748 815/1083/903 816/1082/902
f 1361/3147/1483 1861/298/242 455/2719/514
f 1361/1840/1483 455/617/514 1362/1841/1484
f 1361/3147/1483 1923/2665/2022 1861/298/242
f 220/312/250 219/311/249 2184/3118/2218
f 220/312/250 2184/3118/2218 1651/2251/1767
f 2200/3148/784 707/285/233 2201/2670/2026
f 2200/3149/2226 2201/3150/2226 1376/3151/2226
f 2200/937/784 2202/3152/1044 706/938/785
f 2200/3153/784 1376/1272/1045 2202/1271/1044
f 2203/347/286 2163/3075/2183 250/348/287
f 2203/3154/286 2112/2976/1198 1351/1828/1474
f 2203/3154/286 1351/1828/1474 2163/3013/2183
f 1562/3061/1678 1880/2682/1979 1256/1700/1384
f 857/1154/948 2085/1150/947 2096/3155/2156
f 857/1153/948 2096/3156/2156 2094/2237/1755
f 120/162/133 119/161/132 14/19/16
f 120/162/133 14/19/16 1803/2484/1913
f 120/162/133 1803/2484/1913 1477/2004/1597
f 1996/2779/1256 1778/2444/1752 1997/2780/2083
f 1490/2021/1609 1230/1669/1354 1636/3105/1750
f 2160/3141/1617 2126/3005/1616 1156/1564/1281
f 513/2033/579 1498/2032/1619 2204/3157/1288
f 1619/2211/1731 733/973/816 1999/2783/2084
f 13/18/15 1803/2484/1913 14/19/16
f 24/30/26 2210/970/814 2205/3158/1400
f 1509/537/449 39/536/46 2206/3159/45
f 1509/2051/449 2206/51/45 1510/2052/1629
f 402/3009/456 592/801/663 1902/2633/2002
f 1732/2369/1842 1449/1960/1570 1448/1959/1569
f 1732/2369/1842 1448/1959/1569 1062/1436/1177
f 2207/3160/2213 2169/3088/2211 748/3087/826
f 2057/3076/2132 1505/2044/1627 287/391/329
f 2208/3161/1567 1446/402/337 472/641/532
f 676/897/753 1004/1353/1114 677/898/754
f 1940/2692/2037 680/901/757 1526/2081/1644
f 340/463/388 1302/1757/1429 873/1177/968
f 340/463/388 873/1177/968 1417/1922/1537
f 340/463/388 1805/2890/1914 1302/1757/1429
f 349/472/397 2190/3007/2180 1497/2030/1618
f 1037/1401/1152 1889/2609/1989 1824/1402/1153
f 1890/2611/1990 1589/2165/1704 2021/2819/2103
f 1679/2293/1794 2152/3119/2203 139/190/155
f 1679/2293/1794 139/190/155 138/189/151
f 2153/3021/2189 1600/2186/1715 1602/2188/1714
f 2153/3049/2189 1602/2184/1714 2003/2789/2088
f 2068/2906/2139 289/394/330 287/391/329
f 2068/2906/2139 287/391/329 1505/2044/1627
f 899/1213/998 901/1215/997 1061/1435/1176
f 1655/2255/1771 1454/1971/1576 414/566/468
f 1079/341/280 950/1275/1048 1530/2085/1648
f 1088/1470/1203 1865/2565/1966 1087/1471/1204
f 2209/3110/2217 1540/2105/1661 1721/2352/1832
f 2209/3110/2217 1721/2352/1832 638/851/710
f 2209/3162/2217 1962/2726/2053 1540/2103/1661
f 1098/1486/1215 1097/1485/1214 215/305/247
f 845/1132/935 847/1134/937 1930/2677/2029
f 845/1132/935 2119/2969/2167 846/1133/936
f 2205/1720/1400 2212/3163/2227 1272/1721/1401
f 2205/1720/1400 2210/3164/814 2212/3163/2227
f 1432/1940/1551 1868/2570/1967 1368/1847/1490
f 1104/1496/1222 2211/1489/1217 1433/1941/1552
f 288/390/328 2164/3077/2209 287/391/329
f 288/390/328 1992/2773/2079 2164/3077/2209
f 1491/2022/1610 429/588/485 1608/2194/1721
f 735/975/817 1167/1582/1292 736/976/818
f 1935/2685/2033 1221/1656/1347 2184/3118/2218
f 1935/2685/2033 1223/1658/1349 1221/1656/1347
f 777/1028/861 1320/1786/1448 1322/1788/1444
f 2147/3035/406 661/3165/736 1328/1797/1454
f 363/1002/413 1586/2161/1701 684/905/761
f 1045/1415/1161 1593/2171/1707 1592/2170/1706
f 1778/2444/1752 580/3146/647 2077/2919/2142
f 1778/2444/1752 1777/2443/1891 580/3146/647
f 750/994/830 1662/2268/1779 753/997/833
f 1540/2105/1661 1539/2102/1660 1721/2352/1832
f 1754/2402/1867 2105/2966/2165 1755/2404/1868
f 2044/2858/1987 1026/1384/1141 112/154/125
f 2044/2607/1987 1027/1386/1142 1026/1385/1141
f 2044/2858/1987 112/154/125 111/153/124
f 119/161/132 18/23/20 14/19/16
f 1487/2012/1604 1309/1767/1435 1582/2156/1697
f 869/1169/962 2198/2200/1725 1977/3166/2066
f 1701/2323/1813 892/1198/987 1313/1779/1441
f 1701/2323/1813 890/1199/988 892/1198/987
f 184/258/209 1702/2325/1815 1616/2206/1728
f 92/130/105 1773/2431/1886 565/768/632
f 1956/1093/515 1749/2745/1862 1973/2744/2062
f 822/1101/911 1901/2631/2001 823/1102/912
f 30/39/33 27/36/30 1542/2106/1662
f 1433/2972/1552 2211/3167/1217 2109/2973/2170
f 608/819/681 607/818/680 762/1010/844
f 1817/2500/1924 177/250/202 178/251/200
f 2146/3034/813 1272/1721/1401 2212/3163/2227
f 2146/969/813 2212/3168/2227 2210/970/814
f 2146/969/813 731/968/812 1321/1784/1447
f 901/1215/997 1733/2370/1843 1061/1435/1176
f 901/1215/997 1750/2397/1863 1733/2370/1843
f 1328/1797/1454 661/3165/736 2086/2935/1131
f 2196/3138/2224 1423/1931/1543 720/955/799
f 2032/3133/2113 2015/2807/2098 2197/3139/2225
f 2032/3133/2113 2197/3139/2225 2033/3169/2114
f 2136/526/441 2213/3170/1937 2090/3171/2151
f 2136/526/441 2090/3171/2151 389/527/442
f 1204/1635/1043 706/938/785 2202/3152/1044
f 1958/2722/1498 2214/3172/1306 2066/2796/1303
f 415/573/470 418/572/473 1188/1614/1318
f 2085/1150/947 2182/3116/1502 2096/3155/2156
f 819/1095/906 1854/2543/1957 820/1096/907
f 1622/1736/1413 1504/2955/1626 1285/1738/1415
f 1401/1903/1524 2170/3028/2192 1406/1904/1527
f 708/940/786 1137/1537/1260 709/941/787
f 2215/3173/2070 2216/1673/1359 1232/1671/1357
f 2215/2753/2070 1450/1967/1572 2216/3174/1359
f 1814/2497/1921 2168/3082/2210 1122/1514/1240
f 1164/1578/1289 2204/1577/1288 2217/3175/1929
f 1339/1810/1464 1895/2619/1995 1340/1811/1465
f 143/197/161 2130/3015/2185 2047/2863/2125
f 1563/2131/1680 1226/1661/1352 173/244/198
f 895/1207/993 894/1206/992 2194/3134/95
f 1889/2609/1989 1582/2156/1697 1309/1767/1435
f 1054/1425/1170 1643/2241/1758 1785/1426/1171
f 1054/1425/1170 2213/2517/1937 1643/2241/1758
f 1526/2081/1644 680/901/757 1529/2084/1647
f 2211/3167/1217 1870/2575/1969 2109/2973/2170
f 1697/2316/1810 1694/2312/1807 1149/1555/1275
f 2060/2889/2134 852/1141/942 849/1137/940
f 1498/2032/1619 2217/2505/1929 2204/3157/1288
f 1502/2038/1623 736/976/818 1167/1582/1292
f 2033/2836/2114 1365/1844/1487 1364/1843/1486
f 2033/3169/2114 2197/3139/2225 2167/1588/1297
f 2033/2836/2114 2167/3081/1297 1365/1844/1487
f 2184/3118/2218 1221/1656/1347 1651/2251/1767
f 2135/3020/2188 2130/3015/2185 675/896/752
f 2135/3020/2188 2047/2863/2125 2130/3015/2185
f 1406/1904/1527 2170/3028/2192 860/1157/951
f 801/1059/888 975/1318/1083 802/1060/889
f 1892/3054/1992 2105/2966/2165 1893/3109/1993
f 1930/2677/2029 847/1134/937 1932/2679/2031
f 1477/2004/1597 1803/2484/1913 1480/2007/1600
f 1315/3002/1442 892/1201/987 888/1196/986
f 1990/2769/2077 1759/2411/1873 2218/3129/2163
f 1990/2768/2077 2218/3176/2163 539/733/604
f 2188/3123/2201 2185/3120/537 1558/2124/1675
f 1840/2527/1943 1849/2536/1952 2128/3010/2182
f 1965/2731/2056 1964/2730/2055 1261/2538/1390
f 1970/2737/2061 2174/1571/1286 1827/2511/1933
f 1970/2737/2061 1969/2738/2060 2174/1571/1286
f 1970/2737/2061 1827/2511/1933 1826/2510/1932
f 1087/1471/1204 1865/2565/1966 1496/2027/1615
f 1913/2650/2012 1285/1738/1415 1504/2955/1626
f 1321/1787/1447 1320/1786/1448 2062/2892/2136
f 1261/2538/1390 1964/2730/2055 1851/2539/1954
f 2140/3027/2191 2180/3108/2216 157/3068/176
f 2140/3027/2191 2139/3026/2190 2180/3108/2216
f 939/1265/1038 609/822/683 611/824/682
f 939/1265/1038 611/824/682 1218/1652/1344
f 1569/2141/1686 522/709/587 520/707/585
f 2102/2962/2161 1937/2687/2035 1936/2686/2034
f 2102/2962/2161 905/2761/1003 1937/2687/2035
f 2177/3102/1253 1476/2003/1250 137/187/154
f 1721/2352/1832 1539/2102/1660 1722/2354/1834
f 1341/1813/1466 1543/2107/1663 1542/2106/1662
f 1341/1813/1466 1340/1815/1465 1543/2107/1663
f 1062/1436/1177 1061/1435/1176 1733/2370/1843
f 2166/3066/2207 1938/2688/2036 1685/2301/1800
f 389/527/442 2090/3171/2151 1952/3177/2047
f 1212/1646/1340 2154/2823/2105 1213/1647/1341
f 310/425/355 1893/3109/1993 2105/2966/2165
f 1755/2404/1868 2039/2844/2120 1826/2510/1932
f 1755/2404/1868 2105/2966/2165 2039/2844/2120
f 1101/1492/1219 1871/2577/1970 604/814/676
f 872/1174/967 1417/1923/1537 873/1175/968
f 1122/1514/1240 2168/3082/2210 1124/1517/1242
f 2182/1869/1502 2095/2950/2155 2096/2951/2156
f 806/1065/894 242/335/274 241/334/273
f 1876/2587/1974 157/3068/176 2180/3108/2216
f 253/2562/290 1154/1562/1279 255/1561/292
f 193/269/220 1673/2282/1789 195/271/222
f 1188/1614/1318 418/572/473 2127/3008/2181
f 1810/1038/867 783/1037/866 2111/2804/2095
f 912/1231/1010 916/1233/1014 913/2862/1011
f 1789/2461/380 1788/2460/1901 739/980/820
f 1789/2461/380 739/980/820 738/979/376
f 418/572/473 417/571/469 2219/3178/2228
f 417/571/469 2008/2797/472 2219/3178/2228
f 2008/2797/472 2009/2799/2093 2219/3178/2228
f 2009/2799/2093 2127/3008/2181 2219/3178/2228
f 2127/3008/2181 418/572/473 2219/3178/2228
f 475/649/538 474/648/533 2220/3179/2229
f 474/642/533 473/644/535 2220/3180/2229
f 473/644/535 867/2125/959 2220/3180/2229
f 867/1166/959 866/1163/957 2220/3179/2229
f 866/1163/957 475/649/538 2220/3179/2229
f 613/826/685 612/825/684 2221/3181/2230
f 612/825/684 617/830/689 2221/3181/2230
f 617/2418/689 1760/2416/1875 2221/3182/2230
f 1760/2416/1875 613/2415/685 2221/3182/2230
f 870/1170/963 868/1167/960 2222/3183/2231
f 868/1167/960 869/1169/962 2222/3183/2231
f 869/1169/962 1977/3166/2066 2222/3183/2231
f 1977/3166/2066 870/1170/963 2222/3183/2231
f 1983/1360/1121 1010/1359/1120 2223/3184/2232
f 1010/1359/1120 887/1195/985 2223/3184/2232
f 887/1195/985 891/1194/984 2223/3184/2232
f 891/1194/984 1983/1360/1121 2223/3184/2232
f 390/529/444 391/528/443 2224/3185/2233
f 391/531/443 170/240/194 2224/3186/2233
f 170/240/194 1507/239/193 2224/3186/2233
f 1507/2048/193 390/529/444 2224/3185/2233
f 293/401/336 1445/1955/1566 2225/3187/2234
f 1445/1955/1566 2208/1957/1567 2225/3187/2234
f 2208/1957/1567 2058/396/332 2225/3187/2234
f 2058/396/332 293/401/336 2225/3187/2234
f 1460/1981/1582 1457/1980/1579 2226/3188/2235
f 1457/1977/1579 1459/1979/1581 2226/3189/2235
f 1459/1979/1581 1910/2642/2008 2226/3189/2235
f 1910/2644/2008 1460/1981/1582 2226/3188/2235
f 538/732/603 537/731/602 2227/3190/2236
f 537/731/602 1150/734/605 2227/3190/2236
f 1150/734/605 1989/2767/1273 2227/3190/2236
f 1989/2767/1273 1988/2766/2076 2227/3190/2236
f 1988/2766/2076 538/732/603 2227/3190/2236
f 1906/2638/2006 1356/1833/1478 2228/3191/2237
f 1356/1833/1478 1904/2635/2004 2228/3191/2237
f 1904/2635/2004 1905/2637/2005 2228/3191/2237
f 1905/2637/2005 1906/2638/2006 2228/3191/2237
f 1300/1755/965 874/1176/964 2229/3192/2238
f 874/1176/964 875/1178/969 2229/3192/2238
f 875/1178/969 1301/1756/1428 2229/3192/2238
f 1301/1756/1428 1300/1755/965 2229/3192/2238
f 2207/3093/2213 1829/2513/1935 2230/3193/2239
f 1829/2513/1935 2071/2913/2141 2230/3193/2239
f 2071/3089/2141 2169/3088/2211 2230/3194/2239
f 2169/3088/2211 2207/3160/2213 2230/3194/2239
f 1679/2293/1794 1680/2292/1793 2231/3195/2240
f 1680/2294/1793 1681/2295/1795 2231/3196/2240
f 1681/2295/1795 2152/3047/2203 2231/3196/2240
f 2152/3119/2203 1679/2293/1794 2231/3195/2240
f 2232/3197/913 2233/3198/908 2234/3199/2241
f 2233/3198/908 2235/3200/910 2234/3199/2241
f 2235/3200/910 2236/3201/1895 2234/3199/2241
f 2236/3201/1895 2232/3197/913 2234/3199/2241
f 151/209/167 149/2305/166 2237/3202/2242
f 149/2305/166 1298/1752/1425 2237/3202/2242
f 1298/1752/1425 150/207/168 2237/3202/2242
f 150/207/168 151/209/167 2237/3202/2242
